# Blender 4.5.0
# www.blender.org
mtllib 2019_05_02_car_low_poly_2_1.mtl
o Tube_4
v 2.056698 0.470587 0.943129
v 2.220060 0.470587 0.943129
v 2.220060 0.470587 1.280306
v 2.056698 0.470587 1.280306
v 2.052892 0.514084 0.943129
v 2.213773 0.542451 0.943129
v 2.213773 0.542451 1.280306
v 2.052892 0.514084 1.280306
v 2.041592 0.556259 0.943129
v 2.195101 0.612132 0.943129
v 2.195101 0.612132 1.280306
v 2.041592 0.556259 1.280306
v 2.023139 0.595831 0.943129
v 2.164615 0.677512 0.943129
v 2.164615 0.677512 1.280306
v 2.023139 0.595831 1.280306
v 1.998095 0.631598 0.943129
v 2.123237 0.736605 0.943129
v 2.123237 0.736605 1.280306
v 1.998095 0.631598 1.280306
v 1.967221 0.662472 0.943129
v 2.072228 0.787615 0.943129
v 2.072228 0.787615 1.280306
v 1.967221 0.662472 1.280306
v 1.931453 0.687516 0.943129
v 2.013135 0.828992 0.943129
v 2.013135 0.828992 1.280306
v 1.931453 0.687516 1.280306
v 1.891881 0.705969 0.943129
v 1.947755 0.859479 0.943129
v 1.947755 0.859479 1.280306
v 1.891881 0.705969 1.280306
v 1.849707 0.717270 0.943129
v 1.878074 0.878150 0.943129
v 1.878074 0.878150 1.280306
v 1.849707 0.717270 1.280306
v 1.806209 0.721075 0.943129
v 1.806209 0.884438 0.943129
v 1.806209 0.884438 1.280306
v 1.806209 0.721076 1.280306
v 1.762713 0.717270 0.943129
v 1.734345 0.878150 0.943129
v 1.734345 0.878150 1.280306
v 1.762713 0.717270 1.280306
v 1.720537 0.705969 0.943129
v 1.664664 0.859479 0.943129
v 1.664664 0.859479 1.280306
v 1.720537 0.705969 1.280306
v 1.680965 0.687516 0.943129
v 1.599284 0.828992 0.943129
v 1.599284 0.828992 1.280306
v 1.680965 0.687516 1.280306
v 1.645198 0.662472 0.943129
v 1.540191 0.787615 0.943129
v 1.540191 0.787615 1.280306
v 1.645198 0.662472 1.280306
v 1.614324 0.631598 0.943129
v 1.489181 0.736605 0.943129
v 1.489181 0.736605 1.280306
v 1.614324 0.631598 1.280306
v 1.589280 0.595831 0.943129
v 1.447804 0.677512 0.943129
v 1.447804 0.677512 1.280306
v 1.589280 0.595831 1.280306
v 1.570827 0.556259 0.943129
v 1.417317 0.612132 0.943129
v 1.417317 0.612132 1.280306
v 1.570827 0.556259 1.280306
v 1.559526 0.514084 0.943129
v 1.398646 0.542451 0.943129
v 1.398646 0.542451 1.280306
v 1.559526 0.514084 1.280306
v 1.555720 0.470587 0.943129
v 1.392359 0.470587 0.943129
v 1.392359 0.470587 1.280306
v 1.555720 0.470587 1.280306
v 1.559526 0.427090 0.943129
v 1.398646 0.398723 0.943129
v 1.398646 0.398723 1.280306
v 1.559526 0.427090 1.280306
v 1.570827 0.384915 0.943129
v 1.417317 0.329042 0.943129
v 1.417317 0.329042 1.280306
v 1.570827 0.384915 1.280306
v 1.589280 0.345343 0.943129
v 1.447804 0.263662 0.943129
v 1.447804 0.263662 1.280306
v 1.589280 0.345343 1.280306
v 1.614324 0.309576 0.943129
v 1.489181 0.204569 0.943129
v 1.489181 0.204569 1.280306
v 1.614324 0.309576 1.280306
v 1.645198 0.278702 0.943129
v 1.540191 0.153559 0.943129
v 1.540191 0.153559 1.280306
v 1.645198 0.278702 1.280306
v 1.680965 0.253657 0.943129
v 1.599284 0.112182 0.943129
v 1.599284 0.112182 1.280306
v 1.680965 0.253657 1.280306
v 1.720537 0.235205 0.943129
v 1.664664 0.081695 0.943129
v 1.664664 0.081695 1.280306
v 1.720537 0.235205 1.280306
v 1.762713 0.223904 0.943129
v 1.734345 0.063024 0.943129
v 1.734345 0.063024 1.280306
v 1.762713 0.223904 1.280306
v 1.806209 0.220098 0.943129
v 1.806209 0.056736 0.943129
v 1.806209 0.056736 1.280306
v 1.806209 0.220098 1.280306
v 1.849707 0.223904 0.943129
v 1.878074 0.063024 0.943129
v 1.878074 0.063024 1.280306
v 1.849707 0.223904 1.280306
v 1.891881 0.235205 0.943129
v 1.947755 0.081695 0.943129
v 1.947755 0.081695 1.280306
v 1.891881 0.235205 1.280306
v 1.931453 0.253657 0.943129
v 2.013135 0.112182 0.943129
v 2.013135 0.112182 1.280306
v 1.931453 0.253657 1.280306
v 1.967221 0.278702 0.943129
v 2.072228 0.153559 0.943129
v 2.072228 0.153559 1.280306
v 1.967221 0.278702 1.280306
v 1.998095 0.309576 0.943129
v 2.123237 0.204569 0.943129
v 2.123237 0.204569 1.280306
v 1.998095 0.309576 1.280306
v 2.023139 0.345343 0.943129
v 2.164615 0.263662 0.943129
v 2.164615 0.263662 1.280306
v 2.023139 0.345343 1.280306
v 2.041592 0.384915 0.943129
v 2.195101 0.329042 0.943129
v 2.195101 0.329042 1.280306
v 2.041592 0.384915 1.280306
v 2.052892 0.427090 0.943129
v 2.213773 0.398723 0.943129
v 2.213773 0.398723 1.280306
v 2.052892 0.427090 1.280306
v -2.955554 0.822074 1.197714
v -2.117640 0.937813 1.197714
v -2.117640 1.120559 1.197714
v -2.117640 1.303305 1.197714
v -2.117640 1.486051 1.197714
v -1.279725 0.937813 1.197714
v -1.279725 1.120559 1.197714
v -1.279725 1.303305 1.073715
v -1.279725 1.317463 1.073715
v -0.436590 0.572779 1.189303
v -0.441810 0.755067 1.197714
v -0.441810 0.937813 1.197714
v -0.441810 1.120559 1.197714
v -0.441810 1.303305 1.073715
v -0.441810 1.317463 1.073715
v 0.841716 0.572779 1.189303
v 0.845507 0.755067 1.197714
v 0.845507 0.937813 1.197714
v 0.845507 1.120559 1.197714
v 0.949029 1.303305 1.073715
v 0.949029 1.317463 1.073715
v 1.234020 0.755067 1.197714
v 1.234020 0.937813 1.197714
v 1.234020 1.120559 1.197714
v 1.452790 1.255302 1.077554
v 1.452790 1.269460 1.077554
v 2.071935 1.120559 1.197714
v 2.071935 1.255302 1.077554
v 2.071935 1.269460 1.077554
v 2.407160 0.572320 1.197714
v 2.509246 0.755067 1.197714
v 2.909849 0.937813 1.197714
v 2.909849 1.120559 1.197714
v 2.909849 1.255302 1.077554
v 2.909849 1.269460 1.077554
v 2.407160 0.572320 0.797182
v 2.509246 0.755066 0.797182
v 2.909849 0.937813 0.797182
v 2.858430 1.120559 0.797182
v 2.909849 1.303305 0.797182
v 2.909849 1.317463 0.797182
v 2.407160 0.572320 0.396648
v 2.509246 0.755066 0.396648
v 2.909849 0.937813 0.396648
v 2.858430 1.120559 0.396648
v 2.909849 1.303305 0.396648
v 2.909849 1.317463 0.396648
v 2.407160 0.572320 -0.003884
v 2.509246 0.755066 -0.003884
v 2.909849 0.937813 -0.003884
v 2.821145 1.120559 -0.003884
v 2.909849 1.303305 -0.003884
v 2.909849 1.317463 -0.003884
v 2.407160 0.572320 -0.404416
v 2.509246 0.755066 -0.404416
v 2.909849 0.937813 -0.404416
v 2.858430 1.120559 -0.404416
v 2.909849 1.303305 -0.404416
v 2.909849 1.317463 -0.404416
v 2.407160 0.572320 -0.804949
v 2.509246 0.755066 -0.804949
v 2.909849 0.937813 -0.804949
v 2.858430 1.120559 -0.804949
v 2.909849 1.303305 -0.804949
v 2.909849 1.317463 -0.804949
v 2.407160 0.572320 -1.205481
v 2.509246 0.755066 -1.205481
v 2.909849 0.937812 -1.205482
v 2.909849 1.120559 -1.205482
v 2.909849 1.251707 -1.085322
v 2.909849 1.265865 -1.085322
v 2.071935 1.120559 -1.205482
v 2.071935 1.251707 -1.085322
v 2.071935 1.265865 -1.085322
v 1.227509 0.754246 -1.197071
v 1.234020 0.937812 -1.205482
v 1.234020 1.120559 -1.205482
v 1.452790 1.251707 -1.085322
v 1.452790 1.265865 -1.085322
v 0.841716 0.572779 -1.197071
v 0.841716 0.754246 -1.197071
v 0.845507 0.937812 -1.205482
v 0.845507 1.120559 -1.205482
v 0.949029 1.303305 -1.088121
v 0.949029 1.317463 -1.088121
v -0.436590 0.573775 -1.197071
v -0.436590 0.754246 -1.197071
v -0.441810 0.937812 -1.205482
v -0.441810 1.120559 -1.205482
v -0.441810 1.303305 -1.088121
v -0.441810 1.317463 -1.088121
v -1.279725 0.937812 -1.205482
v -1.279725 1.120559 -1.205482
v -1.279725 1.303305 -1.088121
v -1.279725 1.317463 -1.088121
v -2.117640 0.937812 -1.205482
v -2.117640 1.120559 -1.205482
v -2.117640 1.303305 -1.205482
v -2.117640 1.486051 -1.205482
v -2.955554 0.822073 -1.205482
v -2.955554 1.486051 -1.205482
v -2.955554 0.822073 -0.804949
v -2.881376 1.065982 -0.804949
v -2.881376 1.248728 -0.804949
v -2.881376 1.303305 -0.804949
v -2.955554 1.486051 -0.804949
v -2.955554 0.822073 -0.404416
v -2.955554 0.883236 -0.404416
v -2.881376 1.065982 -0.404416
v -2.881376 1.248728 -0.404416
v -2.881376 1.303305 -0.404416
v -2.955554 1.486051 -0.404416
v -2.955554 0.822074 -0.003884
v -2.955554 0.883236 -0.003884
v -2.881376 1.065982 -0.003884
v -2.881376 1.248728 -0.003884
v -2.881376 1.303305 -0.003884
v -2.955554 0.822074 0.396648
v -2.955554 0.883236 0.396648
v -2.881376 1.065982 0.396648
v -2.881376 1.248728 0.396648
v -2.881376 1.303305 0.396648
v -2.955554 0.883236 0.797182
v -2.881376 1.065982 0.797182
v -2.881376 1.248728 0.797182
v -2.881376 1.303305 0.797182
v -2.955554 1.486051 0.797182
v -2.117640 1.486051 0.797182
v -2.117640 1.695541 -0.404416
v -2.117640 1.486051 -0.804949
v -1.279725 1.317463 0.797182
v -1.279725 1.828835 -0.003884
v -1.279725 1.828835 -0.404416
v -1.279725 1.317463 -0.804949
v -0.441810 1.317463 0.797182
v -0.441810 1.891614 0.396648
v -0.441810 1.891614 -0.003884
v -0.441810 1.891614 -0.404416
v -0.441810 1.317463 -0.804949
v 0.949029 1.317463 0.797182
v 0.949029 1.317463 0.396648
v 0.949029 1.317463 -0.003884
v 0.949029 1.317463 -0.404416
v 0.949029 1.317463 -0.804949
v 1.452790 1.317463 0.797182
v 1.343503 1.317463 0.396648
v 1.343503 1.317463 -0.003884
v 1.343503 1.317463 -0.404416
v 1.452790 1.317463 -0.804949
v 2.071935 1.317463 0.797182
v 2.409111 1.317463 0.396648
v 2.409111 1.317463 -0.003884
v 2.409111 1.317463 -0.404416
v 2.071935 1.317463 -0.804949
v -2.117640 0.693904 -0.821244
v -2.117640 0.693904 -0.404416
v -2.117640 0.693904 -0.003884
v -2.117640 0.693904 0.396648
v -2.117640 0.693904 0.811904
v -1.279725 0.572320 -0.821244
v -1.279725 0.572320 -0.404416
v -1.279725 0.572320 -0.003884
v -1.279725 0.572320 0.396648
v -1.279725 0.572320 0.811904
v -0.436590 0.575463 -0.799342
v -0.436590 0.570206 -0.401613
v -0.436590 0.572779 -0.003884
v -0.436590 0.572779 0.393845
v -0.436590 0.572779 0.791574
v 0.841716 0.560165 -0.799342
v 0.841716 0.559364 -0.401613
v 0.841716 0.559364 -0.003884
v 0.841716 0.559364 0.393845
v 0.841716 0.560165 0.791574
v 1.234020 0.560151 -0.804949
v 1.234020 0.559364 -0.404416
v 1.234020 0.559364 -0.003884
v 1.234020 0.559364 0.396648
v 1.234020 0.560151 0.797182
v 2.071935 0.572320 -0.804949
v 2.071935 0.340533 -0.404416
v 2.071935 0.340533 -0.003884
v 2.071935 0.340533 0.396648
v 2.071935 0.572320 0.797182
v -2.955554 1.493253 -0.804949
v -2.955554 1.493253 -0.404416
v -2.955554 1.493253 -0.003884
v -2.955554 1.493253 0.396648
v -2.955554 1.493253 0.797182
v -2.117640 1.695541 -0.804949
v -0.441810 1.891614 0.797182
v -0.441810 1.891614 -0.804949
v 0.164036 1.891614 0.797182
v 0.164036 1.891614 0.396648
v 0.164036 1.891614 -0.003884
v 0.164036 1.891614 -0.404416
v 0.164036 1.891614 -0.804949
v 1.615767 1.430660 0.396648
v 1.615767 1.430660 -0.003884
v 1.615767 1.430660 -0.404416
v 2.230239 1.410649 0.396648
v 2.230239 1.410649 -0.003884
v 2.230239 1.410649 -0.404416
v -2.955554 1.486051 1.037501
v -2.117640 1.486051 1.037501
v -1.279725 1.317463 1.037501
v -0.441810 1.317463 1.037501
v 0.949029 1.317463 1.037501
v -2.955554 1.493253 1.037501
v -2.117640 1.695541 1.037501
v -1.279725 1.828835 1.037501
v -0.441810 1.891614 1.037501
v 0.164036 1.891614 1.037501
v -2.955554 1.486051 -1.045269
v -2.117640 1.486051 -1.045269
v -1.279725 1.317463 -1.045269
v -0.441810 1.317463 -1.045269
v 0.949029 1.317463 -1.045269
v -2.955554 1.493253 -1.045269
v -2.117640 1.695541 -1.045269
v -1.279725 1.828835 -1.045269
v -0.441810 1.891614 -1.045269
v 0.164036 1.891614 -1.045269
v 0.912547 1.352492 0.797182
v 0.912547 1.352492 0.396648
v 0.912547 1.352492 -0.003884
v 0.912547 1.352492 -0.404416
v 0.912547 1.352492 -0.804949
v 0.200518 1.856585 0.797182
v 0.200518 1.856585 0.396648
v 0.200518 1.856585 -0.003884
v 0.200518 1.856585 -0.404416
v 0.200518 1.856585 -0.804949
v 0.912547 1.352492 0.965405
v 0.200518 1.856585 0.965405
v 0.912547 1.352492 -0.973173
v 0.200518 1.856585 -0.973173
v 0.877518 1.316011 0.797182
v 0.877518 1.316010 0.396648
v 0.877518 1.316010 -0.003884
v 0.877518 1.316010 -0.404416
v 0.877518 1.316010 -0.804949
v 0.165488 1.820103 0.797182
v 0.165488 1.820103 0.396648
v 0.165488 1.820103 -0.003884
v 0.165488 1.820103 -0.404416
v 0.165488 1.820103 -0.804949
v 0.877518 1.316011 0.965405
v 0.165488 1.820103 0.965405
v 0.877518 1.316010 -0.973173
v 0.165488 1.820103 -0.973173
v -1.229149 1.368040 1.037501
v -0.441810 1.368040 1.037501
v 0.823331 1.368040 1.037501
v -1.229149 1.781906 1.037501
v -0.439918 1.841038 1.037501
v 0.143685 1.841038 1.037501
v -1.229149 1.368040 0.965405
v -0.441810 1.368040 0.965405
v 0.823331 1.368040 0.965405
v -1.229149 1.781906 0.965405
v -0.439918 1.841038 0.965405
v 0.143685 1.841038 0.965405
v -1.229149 1.368039 -1.045269
v -0.441810 1.368039 -1.045269
v 0.823331 1.368039 -1.045269
v -1.229149 1.781906 -1.045269
v -0.439918 1.841038 -1.045269
v 0.143685 1.841038 -1.045269
v 0.823331 1.368039 -0.973173
v -0.439918 1.841038 -0.973173
v 0.143685 1.841038 -0.973173
v -2.117640 1.695541 0.396648
v -2.117640 1.695541 -0.003884
v -1.279725 1.828835 0.396648
v -2.117640 1.695541 0.797182
v -1.279725 1.828835 0.797182
v -1.279725 1.828835 -0.804949
v -1.229149 1.368039 -0.973173
v -0.441810 1.368039 -0.973173
v -1.229149 1.781906 -0.973173
v -2.068629 1.708028 0.396648
v -2.068629 1.708028 -0.003884
v -2.068629 1.708028 -0.404416
v -1.328736 1.816348 0.396648
v -1.328736 1.816348 -0.003884
v -1.328736 1.816348 -0.404416
v -2.068629 1.708028 0.725086
v -2.068629 1.708028 -0.732853
v -1.328736 1.816348 0.725086
v -1.328736 1.816348 -0.732853
v -2.056142 1.659017 0.396648
v -2.056142 1.659017 -0.003884
v -2.056142 1.659017 -0.404416
v -1.316249 1.767338 0.396648
v -1.316249 1.767338 -0.003884
v -1.316249 1.767338 -0.404416
v -2.056142 1.659017 0.725086
v -2.056142 1.659017 -0.732853
v -1.316249 1.767338 0.725086
v -1.316249 1.767338 -0.732853
v 1.452790 1.317463 0.394824
v 2.409111 1.317463 0.394824
v 1.615767 1.430660 0.394824
v 2.230239 1.410649 0.394824
v 0.949029 1.318361 0.396648
v 0.949024 1.316621 -0.003884
v 0.949024 1.316621 -0.404416
v 0.946755 1.317510 0.396648
v 0.946750 1.315771 -0.003884
v 0.946750 1.315771 -0.404416
v 2.909849 1.005248 1.101586
v 2.909849 1.120559 1.101586
v 2.909849 1.235870 0.981426
v 2.909849 1.005248 0.797182
v 2.909849 1.235870 0.797182
v 2.909849 1.005248 0.396648
v 2.909849 1.235870 0.396648
v 2.909849 1.005248 -0.003884
v 2.909849 1.235870 -0.003884
v 2.909849 1.005248 -0.404416
v 2.909849 1.235870 -0.404416
v 2.909849 1.005248 -0.804949
v 2.909849 1.235870 -0.804949
v 2.909849 1.005248 -1.109354
v 2.909849 1.120559 -1.109354
v 2.909849 1.235870 -0.989194
v 2.858430 1.005248 1.101586
v 2.858430 1.120559 1.101586
v 2.858430 1.235870 0.981426
v 2.858430 1.005248 0.797182
v 2.858430 1.235870 0.797182
v 2.858430 1.005248 0.396648
v 2.858430 1.235870 0.396648
v 2.858430 1.005248 -0.003884
v 2.858430 1.235870 -0.003884
v 2.858430 1.005248 -0.404416
v 2.858430 1.235870 -0.404416
v 2.858430 1.005248 -0.804949
v 2.858430 1.235870 -0.804949
v 2.858430 1.005248 -1.109354
v 2.858430 1.120559 -1.109354
v 2.858430 1.235870 -0.989194
v 0.821276 0.572779 -1.197071
v 0.821276 0.754246 -1.197071
v 0.824924 0.937812 -1.205482
v 0.824924 1.120559 -1.205482
v 0.928446 1.303305 -1.088121
v 0.928446 1.317463 -1.088121
v 0.926282 1.317723 -1.045269
v -1.264509 0.937812 -1.205482
v -1.264509 1.120559 -1.205482
v -1.264509 1.303305 -1.088121
v -1.264509 1.317463 -1.088121
v 0.826958 0.572779 1.189303
v 0.830646 0.755067 1.197714
v 0.830646 0.937813 1.197714
v 0.830646 1.120559 1.197714
v 0.934167 1.303305 1.073715
v 0.934167 1.317463 1.073715
v -1.279370 0.937812 -1.205482
v -1.279370 1.120559 -1.205482
v -1.279370 1.303305 -1.088121
v -1.279370 1.317463 -1.088121
v 0.933145 1.317463 1.037501
v -1.269602 0.937813 1.197714
v -1.269602 1.120559 1.197714
v -1.269602 1.303305 1.073715
v -1.269602 1.317463 1.073715
v -1.269602 1.317463 0.797182
v -1.265082 1.316005 -0.804949
v -1.265082 1.316005 -1.088121
v 2.821145 1.120559 0.396648
v 2.821145 1.120559 -0.404416
v 2.821145 1.005248 0.396648
v 2.821145 1.235870 0.396648
v 2.821145 1.005248 -0.003884
v 2.821145 1.235870 -0.003884
v 2.821145 1.005248 -0.404416
v 2.821145 1.235870 -0.404416
v -2.955554 0.883236 1.197714
v -2.955554 1.065982 1.197714
v -2.955554 1.248728 1.197714
v -2.955554 1.303305 1.197714
v -2.955554 1.486051 1.197714
v -2.955554 0.883236 -1.205482
v -2.955554 1.065982 -1.205482
v -2.955554 1.248728 -1.205482
v -2.955554 1.303305 -1.205482
v -2.955554 0.883236 -0.804949
v -2.955554 1.486051 -0.003884
v -2.955554 1.486051 0.396648
v -2.955554 0.822074 0.797182
v -2.955554 0.924540 -0.003884
v -2.955554 0.924540 0.396648
v -2.955554 0.924540 0.797182
v -2.955554 0.924540 1.138836
v -2.955554 1.065982 1.138836
v -2.955554 1.248728 1.138836
v -2.955554 1.303305 1.138836
v -2.955554 1.444747 1.138836
v -2.955554 0.924540 -1.146603
v -2.955554 1.065982 -1.146603
v -2.955554 1.248728 -1.146603
v -2.955554 1.303305 -1.146603
v -2.955554 1.444747 -1.146603
v -2.955554 0.924540 -0.804949
v -2.955554 1.444747 -0.804949
v -2.955554 0.924540 -0.404416
v -2.955554 1.444747 -0.404416
v -2.955554 1.444747 -0.003884
v -2.955554 1.444747 0.396648
v -2.955554 1.444747 0.797182
v -2.881376 0.924540 -0.003884
v -2.881376 0.924540 0.396648
v -2.881376 0.924540 0.797182
v -2.881376 0.924540 1.138836
v -2.881376 1.065982 1.138836
v -2.881376 1.248728 1.138836
v -2.881376 1.303305 1.138836
v -2.881376 1.444747 1.138836
v -2.881376 0.924540 -1.146603
v -2.881376 1.065982 -1.146603
v -2.881376 1.248728 -1.146603
v -2.881376 1.303305 -1.146603
v -2.881376 1.444747 -1.146603
v -2.881376 0.924540 -0.804949
v -2.881376 1.444747 -0.804949
v -2.881376 0.924540 -0.404416
v -2.881376 1.444747 -0.404416
v -2.881376 1.444747 -0.003884
v -2.881376 1.444747 0.396648
v -2.881376 1.444747 0.797182
v 2.407160 0.566339 0.797182
v 2.407160 0.566339 0.396648
v 2.407160 0.566339 -0.003884
v 2.407160 0.566339 -0.404416
v 2.407160 0.566339 -0.804949
v 1.234020 0.340533 -0.804949
v 1.234020 0.340533 -0.404416
v 1.234020 0.340533 -0.003884
v 1.234020 0.340533 0.396648
v 1.234020 0.340533 0.797182
v 2.071935 0.340533 -0.804949
v 2.071935 0.340533 0.797182
v 1.074042 0.795924 -0.804949
v 1.074042 0.770354 -0.404416
v 1.074042 0.770355 -0.003884
v 1.074042 0.770355 0.396648
v 1.074042 0.795924 0.797182
v 1.074042 0.564137 -0.804949
v 1.074042 0.564137 -0.404416
v 1.074042 0.564137 -0.003884
v 1.074042 0.564137 0.396648
v 1.074042 0.564137 0.797182
v -2.117640 0.410409 -0.821244
v -2.117640 0.410409 -0.404416
v -2.117640 0.410409 -0.003884
v -2.117640 0.410409 0.396648
v -2.117640 0.410409 0.811904
v -1.444333 0.376906 -0.821244
v -1.444333 0.376906 -0.427440
v -1.444333 0.376906 -0.026907
v -1.444333 0.376906 0.373626
v -1.444333 0.376906 0.788881
v -2.355498 0.980126 -0.821244
v -2.355498 0.980126 -0.404416
v -2.355498 0.980126 -0.003884
v -2.355498 0.980126 0.396648
v -2.355498 0.980126 0.811904
v -2.355498 0.727869 -0.821244
v -2.355498 0.727869 -0.404416
v -2.355498 0.727869 -0.003884
v -2.355498 0.727869 0.396648
v -2.355498 0.727869 0.811904
v -1.070200 0.740367 -0.821244
v -1.070200 0.740367 -0.404416
v -1.070200 0.740367 -0.003884
v -1.070200 0.740367 0.396648
v -1.070200 0.740367 0.811904
v -1.234808 0.576191 -0.821244
v -1.234808 0.576191 -0.427440
v -1.234808 0.576191 -0.026907
v -1.234808 0.576191 0.373626
v -1.234808 0.576191 0.788881
v 2.388927 1.327978 0.364206
v 2.388927 1.327978 -0.003884
v 2.388927 1.327978 -0.371973
v 2.250424 1.400134 0.364206
v 2.250424 1.400134 -0.003884
v 2.250424 1.400134 -0.371973
v 2.374906 1.301066 0.364206
v 2.374906 1.301066 -0.003884
v 2.374906 1.301066 -0.371973
v 2.236403 1.373221 0.364206
v 2.236403 1.373221 -0.003884
v 2.236403 1.373221 -0.371973
v -2.187029 0.765680 1.197714
v 1.396048 0.902475 -1.205482
v -2.221689 0.709820 1.197714
v 1.268542 0.755067 1.197714
v -1.079175 0.616059 1.197714
v 2.145420 0.937813 1.197714
v 2.071935 0.980637 1.197714
v 1.191156 0.572779 -1.197071
v -1.147356 0.755067 1.197714
v -1.067487 0.572436 1.195596
v 1.234020 0.691402 1.197714
v 2.323394 0.755066 -1.205481
v 1.191046 0.572370 1.196793
v -2.012460 0.937812 -1.205482
v -2.187029 0.765680 -1.205481
v 1.227509 0.677439 -1.197071
v 2.400903 0.572320 1.197714
v -2.117640 0.850819 1.197714
v -1.067554 0.572686 -1.203365
v 2.145420 0.937812 -1.205482
v 1.190673 0.570977 1.152838
v 2.323394 0.755067 1.197714
v -1.147266 0.754937 -1.204160
v 1.446516 0.937813 1.197714
v -1.329358 0.937813 1.197714
v -1.279725 0.903059 1.197714
v -2.012460 0.937813 1.197714
v 1.188167 0.561627 -0.850780
v 1.446516 0.937812 -1.205482
v -1.329358 0.937812 -1.205482
v -2.117640 0.850818 -1.205482
v 1.267995 0.754285 -1.197474
v -2.117640 0.693904 -0.840250
v 2.071935 0.572320 -0.819538
v 1.219425 0.560621 -0.819538
v -1.279725 0.903059 -1.205482
v -1.264509 0.891149 -1.205482
v -1.279725 0.572320 0.814109
v -2.221689 0.709820 -1.205481
v -1.279725 0.572320 -0.840250
v 2.071935 0.980637 -1.205482
v 1.258131 0.560502 0.808706
v -1.269602 0.895972 1.197714
v -2.117640 0.693904 0.814109
v 2.400903 0.572320 -1.205481
v 1.233777 0.560621 -0.819538
v 2.071935 0.572320 0.808706
v -1.067667 0.573111 -1.103333
v 1.234020 0.560502 0.808706
v -1.279370 0.902811 -1.205482
v 2.040518 0.572337 -0.819538
v -1.191571 0.818212 1.197714
v 1.904625 1.037757 1.197714
v 2.275306 0.823744 1.197714
v 2.337866 0.734398 -1.205481
v 1.795968 1.047263 1.197714
v 1.207973 0.635545 1.197156
v 1.393756 0.900870 1.197714
v -2.073121 0.895337 1.197714
v -1.129010 0.728865 1.197714
v 2.108834 0.963431 1.197714
v -1.082914 0.630012 1.197714
v 2.198179 0.900870 1.197714
v 2.337866 0.734398 1.197714
v 2.383963 0.635545 -1.205481
v -1.456896 1.003994 1.197714
v -2.212807 0.728865 1.197714
v -2.212807 0.728865 -1.205481
v 1.483102 0.963431 1.197714
v 1.581956 1.009527 1.197714
v 2.009980 1.009527 1.197714
v 2.198179 0.900870 -1.205482
v 1.687311 1.037757 1.197714
v -1.268697 0.895337 1.197714
v 1.393756 0.900870 -1.205386
v 1.316630 0.823744 -1.201115
v 1.316630 0.823744 1.197714
v -1.191571 0.818212 -1.204602
v 2.275306 0.823744 -1.205482
v -1.268697 0.895337 -1.205372
v -1.884921 1.003994 1.197714
v -2.150246 0.818212 1.197714
v -1.358043 0.957899 1.197714
v 1.207973 0.635545 -1.197071
v 1.581956 1.009527 -1.205482
v -1.779566 1.032224 1.197714
v 1.483102 0.963431 -1.205482
v -1.358043 0.957898 -1.205482
v 2.009980 1.009527 -1.205482
v -1.456896 1.003994 -1.205482
v 1.795968 1.047263 -1.205482
v -1.562252 1.032224 -1.205482
v 1.687311 1.037757 -1.205482
v -1.670908 1.041730 -1.205482
v -1.884921 1.003994 -1.205482
v 1.254070 0.734398 -1.197335
v -2.150246 0.818212 -1.205482
v 1.254070 0.734398 1.197714
v 2.383963 0.635545 1.197714
v -1.670908 1.041731 1.197714
v -1.129010 0.728865 -1.203978
v -1.082914 0.630012 -1.203518
v -1.983774 0.957899 1.197714
v 1.904625 1.037757 -1.205482
v -1.557395 0.612611 -0.840250
v -1.670908 0.629082 -0.840250
v -1.634274 0.623766 -0.840250
v -1.709467 0.634677 -0.840250
v -1.752789 0.640963 -0.840250
v -1.805180 0.648565 -0.840250
v -1.874494 0.658623 -0.840250
v -1.977945 0.673634 -0.840250
v -1.067667 0.573111 -0.840250
v -1.779566 1.032224 -1.205482
v -1.983774 0.957898 -1.205482
v -2.073121 0.895337 -1.205482
v -2.221689 0.709820 -0.840250
v -1.562252 1.032224 1.197714
v 2.108834 0.963431 -1.205482
v -1.375966 0.586285 -0.840250
v -1.454406 0.597667 -0.840250
v 1.881704 0.570031 -0.819538
v -1.597244 0.618393 -0.840250
v 1.795968 0.568786 -0.819538
v 1.822000 0.569164 -0.819538
v 1.770070 0.568409 -0.819538
v 1.742654 0.568011 -0.819538
v 1.711658 0.567561 -0.819538
v 1.673896 0.567013 -0.819538
v 1.623464 0.566280 -0.819538
v 1.547176 0.565172 -0.819538
v 1.406916 0.563135 -0.819538
v -1.241026 0.572464 -0.840250
v 2.057154 0.572328 -0.819538
v -2.164729 0.701107 -0.840250
v 1.187901 0.560636 -0.819538
v 2.400903 0.572320 -0.819538
v -2.164729 0.701107 0.814109
v 1.974549 0.571379 -0.819538
v -1.375966 0.586285 0.814109
v 1.849849 0.569568 -0.819538
v -1.557395 0.612611 0.814109
v -1.511518 0.605954 0.814109
v -1.597244 0.618393 0.814109
v -1.634274 0.623766 0.814109
v -1.670908 0.629082 0.814109
v -1.709467 0.634677 0.814109
v -1.752789 0.640963 0.814109
v -1.805180 0.648565 0.814109
v -1.874494 0.658623 0.814109
v -1.977945 0.673634 0.814109
v -1.241365 0.572341 0.814109
v -1.067487 0.572436 0.814109
v 2.210255 0.572320 -0.819538
v 1.187871 0.560523 0.808706
v -1.511518 0.605954 -0.840250
v -2.221689 0.709820 0.814109
v 2.056758 0.572100 0.808706
v -1.454406 0.597667 0.814109
v 1.881428 0.569553 0.808706
v 1.920651 0.570123 0.808706
v 1.849675 0.569092 0.808706
v 1.821916 0.568689 0.808706
v 1.795968 0.568312 0.808706
v 1.770153 0.567937 0.808706
v 1.742826 0.567541 0.808706
v 1.711930 0.567092 0.808706
v 1.674287 0.566545 0.808706
v 1.624018 0.565815 0.808706
v 1.547975 0.564711 0.808706
v 1.408167 0.562680 0.808706
v 2.210255 0.572320 0.808706
v 2.400903 0.572320 0.808706
v -1.268697 0.895337 -1.205482
v 1.921053 0.570602 -0.819538
v 1.973975 0.570898 0.808706
v -1.137700 1.053694 -1.134369
v -1.137700 1.113899 -1.134369
v -0.855376 1.053694 -1.134369
v -0.855376 1.113899 -1.134369
v -0.855376 1.053694 -1.244153
v -0.855376 1.113899 -1.244153
v -1.137700 1.053694 -1.244153
v -1.137700 1.113899 -1.244153
v -2.884351 1.070254 0.677548
v -2.904237 1.070254 0.677548
v -2.904237 1.070255 0.879234
v -2.884351 1.070255 0.879234
v -2.884351 1.075192 0.665626
v -2.904237 1.075192 0.665626
v -2.912666 1.075192 0.669119
v -2.916157 1.075192 0.677548
v -2.916157 1.075192 0.879234
v -2.912666 1.075192 0.887663
v -2.904237 1.075192 0.891155
v -2.884351 1.075192 0.891155
v -2.875922 1.075192 0.887663
v -2.872430 1.075192 0.879234
v -2.872430 1.075192 0.677548
v -2.875922 1.075192 0.669119
v -2.884351 1.087113 0.660688
v -2.904237 1.087113 0.660688
v -2.916157 1.087113 0.665626
v -2.921096 1.087113 0.677548
v -2.921096 1.087113 0.879234
v -2.916157 1.087113 0.891155
v -2.904237 1.087113 0.896092
v -2.884351 1.087113 0.896092
v -2.872430 1.087113 0.891155
v -2.867492 1.087113 0.879234
v -2.867492 1.087113 0.677548
v -2.872430 1.087113 0.665626
v -2.884351 1.106999 0.660688
v -2.904237 1.106999 0.660688
v -2.916157 1.106999 0.665626
v -2.921096 1.106999 0.677548
v -2.921096 1.107000 0.879234
v -2.916157 1.107000 0.891155
v -2.904237 1.107000 0.896092
v -2.884351 1.107000 0.896092
v -2.872430 1.107000 0.891155
v -2.867492 1.107000 0.879234
v -2.867492 1.106999 0.677548
v -2.872430 1.106999 0.665626
v -2.884351 1.118920 0.665626
v -2.904237 1.118920 0.665626
v -2.912666 1.118920 0.669119
v -2.916157 1.118920 0.677548
v -2.916157 1.118921 0.879234
v -2.912666 1.118921 0.887663
v -2.904237 1.118921 0.891155
v -2.884351 1.118921 0.891155
v -2.875922 1.118921 0.887663
v -2.872430 1.118921 0.879234
v -2.872430 1.118920 0.677548
v -2.875922 1.118920 0.669119
v -2.884351 1.123858 0.677548
v -2.904237 1.123858 0.677548
v -2.904237 1.123858 0.879234
v -2.884351 1.123858 0.879234
v 2.823400 0.971380 -0.112924
v 2.823400 1.258408 -0.112924
v 2.851808 0.971380 -0.112924
v 2.851808 1.258408 -0.112924
v 2.851808 0.971380 -0.131998
v 2.851808 1.258408 -0.131998
v 2.823400 0.971380 -0.131998
v 2.823400 1.258408 -0.131998
v 2.823400 0.971380 -0.159523
v 2.823400 1.258408 -0.159523
v 2.851808 0.971380 -0.159523
v 2.851808 1.258408 -0.159523
v 2.851808 0.971380 -0.178597
v 2.851808 1.258408 -0.178597
v 2.823400 0.971380 -0.178597
v 2.823400 1.258408 -0.178597
v 2.823400 0.971380 -0.205101
v 2.823400 1.258408 -0.205101
v 2.851808 0.971380 -0.205101
v 2.851808 1.258408 -0.205101
v 2.851808 0.971380 -0.224174
v 2.851808 1.258408 -0.224174
v 2.823400 0.971380 -0.224174
v 2.823400 1.258408 -0.224174
v 2.823400 0.971380 -0.246819
v 2.823400 1.258408 -0.246819
v 2.851808 0.971380 -0.246819
v 2.851808 1.258408 -0.246819
v 2.851808 0.971380 -0.265893
v 2.851808 1.258408 -0.265893
v 2.823400 0.971380 -0.265893
v 2.823400 1.258408 -0.265893
v 2.778045 0.799794 0.751733
v 2.778045 0.964152 0.751733
v 3.109785 0.799794 0.751733
v 3.109785 0.964152 0.751733
v 3.109785 0.799794 0.602552
v 3.109785 0.964152 0.602552
v 2.778045 0.799794 0.602552
v 2.778045 0.964152 0.602552
v 2.778045 0.799794 -0.560745
v 2.778045 0.964151 -0.560745
v 3.109785 0.799794 -0.560745
v 3.109785 0.964151 -0.560745
v 3.109785 0.799794 -0.709927
v 3.109785 0.964151 -0.709927
v 2.778045 0.799794 -0.709927
v 2.778045 0.964151 -0.709927
v 1.766741 0.182777 -1.033138
v 1.766741 0.749098 -1.033138
v 1.799414 0.182777 -1.033138
v 1.799414 0.749098 -1.033138
v 1.799414 0.182777 -1.152937
v 1.799414 0.749098 -1.152937
v 1.766741 0.182777 -1.152937
v 1.766741 0.749098 -1.152937
v -1.733087 0.182777 -1.033138
v -1.733087 0.749098 -1.033138
v -1.700415 0.182777 -1.033138
v -1.700415 0.749098 -1.033138
v -1.700415 0.182777 -1.152937
v -1.700415 0.749098 -1.152937
v -1.733087 0.182777 -1.152937
v -1.733087 0.749098 -1.152937
v -1.733087 0.182777 1.173074
v -1.733087 0.749098 1.173074
v -1.700415 0.182777 1.173074
v -1.700415 0.749098 1.173074
v -1.700415 0.182777 1.053275
v -1.700415 0.749098 1.053275
v -1.733087 0.182777 1.053275
v -1.733087 0.749098 1.053275
v 1.766741 0.182777 1.173074
v 1.766741 0.749098 1.173074
v 1.799414 0.182777 1.173074
v 1.799414 0.749098 1.173074
v 1.799414 0.182777 1.053275
v 1.799414 0.749098 1.053275
v 1.766741 0.182777 1.053275
v 1.766741 0.749098 1.053275
v -2.884351 1.070254 -0.900260
v -2.904237 1.070254 -0.900260
v -2.904237 1.070254 -0.698574
v -2.884351 1.070254 -0.698574
v -2.884351 1.075192 -0.912181
v -2.904237 1.075192 -0.912181
v -2.912666 1.075192 -0.908689
v -2.916157 1.075192 -0.900260
v -2.916157 1.075192 -0.698574
v -2.912666 1.075192 -0.690144
v -2.904237 1.075192 -0.686653
v -2.884351 1.075192 -0.686653
v -2.875922 1.075192 -0.690144
v -2.872430 1.075192 -0.698574
v -2.872430 1.075192 -0.900260
v -2.875922 1.075192 -0.908689
v -2.884351 1.087113 -0.917119
v -2.904237 1.087113 -0.917119
v -2.916157 1.087113 -0.912181
v -2.921096 1.087113 -0.900260
v -2.921096 1.087113 -0.698574
v -2.916157 1.087113 -0.686653
v -2.904237 1.087113 -0.681715
v -2.884351 1.087113 -0.681715
v -2.872430 1.087113 -0.686653
v -2.867492 1.087113 -0.698574
v -2.867492 1.087113 -0.900260
v -2.872430 1.087113 -0.912181
v -2.884351 1.106999 -0.917119
v -2.904237 1.106999 -0.917119
v -2.916157 1.106999 -0.912181
v -2.921096 1.106999 -0.900260
v -2.921096 1.106999 -0.698574
v -2.916157 1.106999 -0.686653
v -2.904237 1.106999 -0.681715
v -2.884351 1.106999 -0.681715
v -2.872430 1.106999 -0.686653
v -2.867492 1.106999 -0.698574
v -2.867492 1.106999 -0.900260
v -2.872430 1.106999 -0.912181
v -2.884351 1.118920 -0.912181
v -2.904237 1.118920 -0.912181
v -2.912666 1.118920 -0.908689
v -2.916157 1.118920 -0.900260
v -2.916157 1.118920 -0.698574
v -2.912666 1.118920 -0.690144
v -2.904237 1.118920 -0.686653
v -2.884351 1.118920 -0.686653
v -2.875922 1.118920 -0.690144
v -2.872430 1.118920 -0.698574
v -2.872430 1.118920 -0.900260
v -2.875922 1.118920 -0.908689
v -2.884351 1.123858 -0.900260
v -2.904237 1.123858 -0.900260
v -2.904237 1.123858 -0.698574
v -2.884351 1.123858 -0.698574
v 2.052156 0.499706 -1.033138
v 1.500033 0.373687 -1.033138
v 2.044885 0.531559 -1.033138
v 1.492763 0.405541 -1.033138
v 2.044885 0.531559 -1.152937
v 1.492763 0.405541 -1.152937
v 2.052156 0.499706 -1.152937
v 1.500033 0.373687 -1.152937
v -1.447672 0.499706 -1.033138
v -1.999795 0.373687 -1.033138
v -1.454942 0.531559 -1.033138
v -2.007066 0.405541 -1.033138
v -1.454942 0.531559 -1.152937
v -2.007066 0.405541 -1.152937
v -1.447672 0.499706 -1.152937
v -1.999795 0.373687 -1.152937
v -1.447672 0.499706 1.173074
v -1.999795 0.373688 1.173074
v -1.454942 0.531559 1.173074
v -2.007066 0.405541 1.173074
v -1.454942 0.531559 1.053275
v -2.007066 0.405541 1.053275
v -1.447672 0.499706 1.053275
v -1.999795 0.373688 1.053275
v 2.052156 0.499706 1.173074
v 1.500033 0.373688 1.173074
v 2.044885 0.531559 1.173074
v 1.492763 0.405541 1.173074
v 2.044885 0.531559 1.053275
v 1.492763 0.405541 1.053275
v 2.052156 0.499706 1.053275
v 1.500033 0.373688 1.053275
v 2.044885 0.378534 -1.033138
v 1.492763 0.504553 -1.033138
v 2.052156 0.410387 -1.033138
v 1.500033 0.536406 -1.033138
v 2.052156 0.410387 -1.152937
v 1.500033 0.536406 -1.152937
v 2.044885 0.378534 -1.152937
v 1.492763 0.504553 -1.152937
v -1.454942 0.378534 -1.033138
v -2.007066 0.504553 -1.033138
v -1.447672 0.410387 -1.033138
v -1.999795 0.536406 -1.033138
v -1.447672 0.410387 -1.152937
v -1.999795 0.536406 -1.152937
v -1.454942 0.378534 -1.152937
v -2.007066 0.504553 -1.152937
v -1.454942 0.378534 1.173074
v -2.007066 0.504553 1.173074
v -1.447672 0.410388 1.173074
v -1.999795 0.536406 1.173074
v -1.447672 0.410388 1.053275
v -1.999795 0.536406 1.053275
v -1.454942 0.378534 1.053275
v -2.007066 0.504553 1.053275
v 2.044885 0.378534 1.173074
v 1.492763 0.504553 1.173074
v 2.052156 0.410388 1.173074
v 1.500033 0.536406 1.173074
v 2.052156 0.410388 1.053275
v 1.500033 0.536406 1.053275
v 2.044885 0.378534 1.053275
v 1.492763 0.504553 1.053275
v 1.985761 0.272517 -1.033138
v 1.542993 0.625613 -1.033138
v 2.006132 0.298061 -1.033138
v 1.563363 0.651157 -1.033138
v 2.006132 0.298061 -1.152937
v 1.563363 0.651157 -1.152937
v 1.985761 0.272517 -1.152937
v 1.542993 0.625613 -1.152937
v -1.514067 0.272517 -1.033138
v -1.956835 0.625613 -1.033138
v -1.493696 0.298061 -1.033138
v -1.936465 0.651157 -1.033138
v -1.493696 0.298061 -1.152937
v -1.936465 0.651157 -1.152937
v -1.514067 0.272517 -1.152937
v -1.956835 0.625613 -1.152937
v -1.514067 0.272517 1.173074
v -1.956835 0.625613 1.173074
v -1.493696 0.298061 1.173074
v -1.936465 0.651157 1.173074
v -1.493696 0.298061 1.053275
v -1.936465 0.651157 1.053275
v -1.514067 0.272517 1.053275
v -1.956835 0.625613 1.053275
v 1.985761 0.272517 1.173074
v 1.542993 0.625613 1.173074
v 2.006132 0.298061 1.173074
v 1.563363 0.651157 1.173074
v 2.006132 0.298061 1.053275
v 1.563363 0.651157 1.053275
v 1.985761 0.272517 1.053275
v 1.542993 0.625613 1.053275
v 1.886492 0.202652 -1.033138
v 1.640775 0.712890 -1.033138
v 1.915929 0.216828 -1.033138
v 1.670211 0.727066 -1.033138
v 1.915929 0.216828 -1.152937
v 1.670211 0.727066 -1.152937
v 1.886492 0.202652 -1.152937
v 1.640775 0.712890 -1.152937
v -1.613336 0.202652 -1.033138
v -1.859054 0.712890 -1.033138
v -1.583899 0.216828 -1.033138
v -1.829617 0.727066 -1.033138
v -1.583899 0.216828 -1.152937
v -1.829617 0.727066 -1.152937
v -1.613336 0.202652 -1.152937
v -1.859054 0.712890 -1.152937
v -1.613336 0.202652 1.173074
v -1.859054 0.712890 1.173074
v -1.583899 0.216828 1.173074
v -1.829617 0.727066 1.173074
v -1.583899 0.216828 1.053275
v -1.829617 0.727066 1.053275
v -1.613336 0.202652 1.053275
v -1.859054 0.712890 1.053275
v 1.886492 0.202652 1.173074
v 1.640775 0.712890 1.173074
v 1.915929 0.216828 1.173074
v 1.670211 0.727066 1.173074
v 1.915929 0.216828 1.053275
v 1.670211 0.727066 1.053275
v 1.886492 0.202652 1.053275
v 1.640775 0.712890 1.053275
v 2.415926 0.569720 0.073249
v 2.415926 0.791164 0.073249
v 2.584513 0.714212 0.073249
v 2.584513 0.791164 0.073249
v 2.584513 0.714212 -0.095339
v 2.584513 0.791164 -0.095339
v 2.415926 0.569720 -0.095339
v 2.415926 0.791164 -0.095339
v 2.415926 0.569720 0.816723
v 2.415926 0.706870 0.816723
v 2.584513 0.714213 0.816723
v 2.584513 0.791164 0.816723
v 2.584513 0.714212 -0.838814
v 2.584513 0.791164 -0.838814
v 2.415926 0.569720 -0.838814
v 2.415926 0.706870 -0.838814
v 2.415926 0.569720 0.922092
v 2.415926 0.706870 0.922092
v 2.584513 0.714213 0.922092
v 2.584513 0.791164 0.922092
v 2.584513 0.714212 -0.944181
v 2.584513 0.791164 -0.944181
v 2.415926 0.569720 -0.944181
v 2.415926 0.706870 -0.944181
v 2.917602 0.810823 0.073249
v 2.917602 0.934732 0.073249
v 2.917602 0.810823 -0.095339
v 2.917602 0.934732 -0.095339
v 2.917602 0.810823 0.816723
v 2.917602 0.934733 0.816723
v 2.917602 0.810823 -0.838814
v 2.917602 0.934732 -0.838814
v 2.917602 0.810823 0.922092
v 2.917602 0.934733 0.922092
v 2.917602 0.810823 -0.944181
v 2.917602 0.934732 -0.944181
v 3.045940 0.817843 0.073249
v 3.045940 0.934732 0.073249
v 3.045940 0.817843 -0.095339
v 3.045940 0.934732 -0.095339
v 3.045940 0.817843 0.816723
v 3.045940 0.934733 0.816723
v 3.045940 0.817843 -0.838814
v 3.045940 0.934732 -0.838814
v 3.045940 0.817843 0.922092
v 3.045940 0.934733 0.922092
v 3.045940 0.817843 -0.944181
v 3.045940 0.934732 -0.944181
v 2.415926 0.569720 1.291525
v 2.415926 0.706870 1.291525
v 2.584513 0.714213 1.291525
v 2.584513 0.791164 1.291525
v 2.917602 0.810823 1.291525
v 2.917602 0.934733 1.291525
v 3.045940 0.817843 1.291525
v 3.045940 0.934733 1.291525
v 2.584513 0.714212 -1.254950
v 2.584513 0.791164 -1.254950
v 2.415926 0.569720 -1.254950
v 2.415926 0.706870 -1.254950
v 2.917602 0.810823 -1.254950
v 2.917602 0.934732 -1.254950
v 3.045940 0.817842 -1.254950
v 3.045940 0.934732 -1.254950
v 1.650225 0.216828 -1.033138
v 1.895943 0.727066 -1.033138
v 1.679662 0.202652 -1.033138
v 1.925380 0.712890 -1.033138
v 1.679662 0.202652 -1.152937
v 1.925380 0.712890 -1.152937
v 1.650225 0.216828 -1.152937
v 1.895943 0.727066 -1.152937
v -1.849603 0.216828 -1.033138
v -1.603885 0.727066 -1.033138
v -1.820166 0.202652 -1.033138
v -1.574448 0.712890 -1.033138
v -1.820166 0.202652 -1.152937
v -1.574448 0.712890 -1.152937
v -1.849603 0.216828 -1.152937
v -1.603885 0.727066 -1.152937
v -1.849603 0.216828 1.173074
v -1.603885 0.727066 1.173074
v -1.820166 0.202652 1.173074
v -1.574448 0.712890 1.173074
v -1.820166 0.202652 1.053275
v -1.574448 0.712890 1.053275
v -1.849603 0.216828 1.053275
v -1.603885 0.727066 1.053275
v 1.650225 0.216828 1.173074
v 1.895943 0.727066 1.173074
v 1.679662 0.202652 1.173074
v 1.925380 0.712890 1.173074
v 1.679662 0.202652 1.053275
v 1.925380 0.712890 1.053275
v 1.650225 0.216828 1.053275
v 1.895943 0.727066 1.053275
v 1.560022 0.298061 -1.033138
v 2.002790 0.651157 -1.033138
v 1.580393 0.272517 -1.033138
v 2.023162 0.625613 -1.033138
v 1.580393 0.272517 -1.152937
v 2.023162 0.625613 -1.152937
v 1.560022 0.298061 -1.152937
v 2.002790 0.651157 -1.152937
v -1.939806 0.298061 -1.033138
v -1.497037 0.651157 -1.033138
v -1.919435 0.272517 -1.033138
v -1.476667 0.625613 -1.033138
v -1.919435 0.272517 -1.152937
v -1.476667 0.625613 -1.152937
v -1.939806 0.298061 -1.152937
v -1.497037 0.651157 -1.152937
v -1.939806 0.298061 1.173074
v -1.497037 0.651157 1.173074
v -1.919435 0.272517 1.173074
v -1.476667 0.625613 1.173074
v -1.919435 0.272517 1.053275
v -1.476667 0.625613 1.053275
v -1.939806 0.298061 1.053275
v -1.497037 0.651157 1.053275
v 1.560022 0.298061 1.173074
v 2.002790 0.651157 1.173074
v 1.580393 0.272517 1.173074
v 2.023162 0.625613 1.173074
v 1.580393 0.272517 1.053275
v 2.023162 0.625613 1.053275
v 1.560022 0.298061 1.053275
v 2.002790 0.651157 1.053275
v 1.513998 0.410387 -1.033138
v 2.066122 0.536406 -1.033138
v 1.521268 0.378534 -1.033138
v 2.073391 0.504553 -1.033138
v 1.521268 0.378534 -1.152937
v 2.073391 0.504553 -1.152937
v 1.513998 0.410387 -1.152937
v 2.066122 0.536406 -1.152937
v -1.985830 0.410387 -1.033138
v -1.433707 0.536406 -1.033138
v -1.978559 0.378534 -1.033138
v -1.426437 0.504553 -1.033138
v -1.978559 0.378534 -1.152937
v -1.426437 0.504553 -1.152937
v -1.985830 0.410387 -1.152937
v -1.433707 0.536406 -1.152937
v -1.985830 0.410388 1.173074
v -1.433707 0.536406 1.173074
v -1.978559 0.378534 1.173074
v -1.426437 0.504553 1.173074
v -1.978559 0.378534 1.053275
v -1.426437 0.504553 1.053275
v -1.985830 0.410388 1.053275
v -1.433707 0.536406 1.053275
v 1.513998 0.410388 1.173074
v 2.066122 0.536406 1.173074
v 1.521268 0.378534 1.173074
v 2.073391 0.504553 1.173074
v 1.521268 0.378534 1.053275
v 2.073391 0.504553 1.053275
v 1.513998 0.410388 1.053275
v 2.066122 0.536406 1.053275
v 1.521268 0.531559 -1.033138
v 2.073391 0.405541 -1.033138
v 1.513998 0.499706 -1.033138
v 2.066122 0.373687 -1.033138
v 1.513998 0.499706 -1.152937
v 2.066122 0.373687 -1.152937
v 1.521268 0.531559 -1.152937
v 2.073391 0.405541 -1.152937
v -1.978559 0.531559 -1.033138
v -1.426437 0.405541 -1.033138
v -1.985830 0.499706 -1.033138
v -1.433707 0.373687 -1.033138
v -1.985830 0.499706 -1.152937
v -1.433707 0.373687 -1.152937
v -1.978559 0.531559 -1.152937
v -1.426437 0.405541 -1.152937
v -1.978559 0.531559 1.173074
v -1.426437 0.405541 1.173074
v -1.985830 0.499706 1.173074
v -1.433707 0.373688 1.173074
v -1.985830 0.499706 1.053275
v -1.433707 0.373688 1.053275
v -1.978559 0.531559 1.053275
v -1.426437 0.405541 1.053275
v 1.521268 0.531559 1.173074
v 2.073391 0.405541 1.173074
v 1.513998 0.499706 1.173074
v 2.066122 0.373688 1.173074
v 1.513998 0.499706 1.053275
v 2.066122 0.373688 1.053275
v 1.521268 0.531559 1.053275
v 2.073391 0.405541 1.053275
v 1.580393 0.637577 -1.033138
v 2.023162 0.284481 -1.033138
v 1.560022 0.612032 -1.033138
v 2.002790 0.258936 -1.033138
v 1.560022 0.612032 -1.152937
v 2.002790 0.258936 -1.152937
v 1.580393 0.637577 -1.152937
v 2.023162 0.284481 -1.152937
v -1.919435 0.637577 -1.033138
v -1.476667 0.284481 -1.033138
v -1.939806 0.612032 -1.033138
v -1.497037 0.258936 -1.033138
v -1.939806 0.612032 -1.152937
v -1.497037 0.258936 -1.152937
v -1.919435 0.637577 -1.152937
v -1.476667 0.284481 -1.152937
v -1.919435 0.637577 1.173074
v -1.476667 0.284481 1.173074
v -1.939806 0.612032 1.173074
v -1.497037 0.258936 1.173074
v -1.939806 0.612032 1.053275
v -1.497037 0.258936 1.053275
v -1.919435 0.637577 1.053275
v -1.476667 0.284481 1.053275
v 1.580393 0.637577 1.173074
v 2.023162 0.284481 1.173074
v 1.560022 0.612032 1.173074
v 2.002790 0.258936 1.173074
v 1.560022 0.612032 1.053275
v 2.002790 0.258936 1.053275
v 1.580393 0.637577 1.053275
v 2.023162 0.284481 1.053275
v 1.679662 0.707442 -1.033138
v 1.925380 0.197203 -1.033138
v 1.650225 0.693266 -1.033138
v 1.895943 0.183027 -1.033138
v 1.650225 0.693266 -1.152937
v 1.895943 0.183027 -1.152937
v 1.679662 0.707442 -1.152937
v 1.925380 0.197203 -1.152937
v -1.820166 0.707442 -1.033138
v -1.574448 0.197203 -1.033138
v -1.849603 0.693266 -1.033138
v -1.603885 0.183027 -1.033138
v -1.849603 0.693266 -1.152937
v -1.603885 0.183027 -1.152937
v -1.820166 0.707442 -1.152937
v -1.574448 0.197203 -1.152937
v -1.820166 0.707442 1.173074
v -1.574448 0.197203 1.173074
v -1.849603 0.693266 1.173074
v -1.603885 0.183027 1.173074
v -1.849603 0.693266 1.053275
v -1.603885 0.183027 1.053275
v -1.820166 0.707442 1.053275
v -1.574448 0.197203 1.053275
v 1.679662 0.707442 1.173074
v 1.925380 0.197203 1.173074
v 1.650225 0.693266 1.173074
v 1.895943 0.183027 1.173074
v 1.650225 0.693266 1.053275
v 1.895943 0.183027 1.053275
v 1.679662 0.707442 1.053275
v 1.925380 0.197203 1.053275
v 1.799414 0.727317 -1.033138
v 1.799414 0.160995 -1.033138
v 1.766741 0.727317 -1.033138
v 1.766741 0.160995 -1.033138
v 1.766741 0.727317 -1.152937
v 1.766741 0.160995 -1.152937
v 1.799414 0.727317 -1.152937
v 1.799414 0.160995 -1.152937
v -1.700415 0.727317 -1.033138
v -1.700415 0.160995 -1.033138
v -1.733087 0.727317 -1.033138
v -1.733087 0.160995 -1.033138
v -1.733087 0.727317 -1.152937
v -1.733087 0.160995 -1.152937
v -1.700415 0.727317 -1.152937
v -1.700415 0.160995 -1.152937
v -1.700415 0.727317 1.173074
v -1.700415 0.160995 1.173074
v -1.733087 0.727317 1.173074
v -1.733087 0.160995 1.173074
v -1.733087 0.727317 1.053275
v -1.733087 0.160995 1.053275
v -1.700415 0.727317 1.053275
v -1.700415 0.160995 1.053275
v 1.799414 0.727317 1.173074
v 1.799414 0.160995 1.173074
v 1.766741 0.727317 1.173074
v 1.766741 0.160995 1.173074
v 1.766741 0.727317 1.053275
v 1.766741 0.160995 1.053275
v 1.799414 0.727317 1.053275
v 1.799414 0.160995 1.053275
v 1.915929 0.693266 -1.033138
v 1.670211 0.183027 -1.033138
v 1.886492 0.707442 -1.033138
v 1.640775 0.197203 -1.033138
v 1.886492 0.707442 -1.152937
v 1.640775 0.197203 -1.152937
v 1.915929 0.693266 -1.152937
v 1.670211 0.183027 -1.152937
v -1.583899 0.693266 -1.033138
v -1.829617 0.183027 -1.033138
v -1.613336 0.707442 -1.033138
v -1.859054 0.197203 -1.033138
v -1.613336 0.707442 -1.152937
v -1.859054 0.197203 -1.152937
v -1.583899 0.693266 -1.152937
v -1.829617 0.183027 -1.152937
v -1.583899 0.693266 1.173074
v -1.829617 0.183027 1.173074
v -1.613336 0.707442 1.173074
v -1.859054 0.197203 1.173074
v -1.613336 0.707442 1.053275
v -1.859054 0.197203 1.053275
v -1.583899 0.693266 1.053275
v -1.829617 0.183027 1.053275
v 1.915929 0.693266 1.173074
v 1.670211 0.183027 1.173074
v 1.886492 0.707442 1.173074
v 1.640775 0.197203 1.173074
v 1.886492 0.707442 1.053275
v 1.640775 0.197203 1.053275
v 1.915929 0.693266 1.053275
v 1.670211 0.183027 1.053275
v 2.006132 0.612032 -1.033138
v 1.563363 0.258936 -1.033138
v 1.985761 0.637577 -1.033138
v 1.542993 0.284481 -1.033138
v 1.985761 0.637577 -1.152937
v 1.542993 0.284481 -1.152937
v 2.006132 0.612032 -1.152937
v 1.563363 0.258936 -1.152937
v -1.493696 0.612032 -1.033138
v -1.936465 0.258936 -1.033138
v -1.514067 0.637577 -1.033138
v -1.956835 0.284481 -1.033138
v -1.514067 0.637577 -1.152937
v -1.956835 0.284481 -1.152937
v -1.493696 0.612032 -1.152937
v -1.936465 0.258936 -1.152937
v -1.493696 0.612032 1.173074
v -1.936465 0.258936 1.173074
v -1.514067 0.637577 1.173074
v -1.956835 0.284481 1.173074
v -1.514067 0.637577 1.053275
v -1.956835 0.284481 1.053275
v -1.493696 0.612032 1.053275
v -1.936465 0.258936 1.053275
v 2.006132 0.612032 1.173074
v 1.563363 0.258936 1.173074
v 1.985761 0.637577 1.173074
v 1.542993 0.284481 1.173074
v 1.985761 0.637577 1.053275
v 1.542993 0.284481 1.053275
v 2.006132 0.612032 1.053275
v 1.563363 0.258936 1.053275
v -1.137700 1.037326 1.235661
v -1.137700 1.097530 1.235661
v -0.855376 1.037326 1.235661
v -0.855376 1.097530 1.235661
v -0.855376 1.037326 1.125876
v -0.855376 1.097530 1.125876
v -1.137700 1.037326 1.125876
v -1.137700 1.097530 1.125876
v 2.823400 0.971380 0.256379
v 2.823400 1.258408 0.256378
v 2.851808 0.971380 0.256379
v 2.851808 1.258408 0.256378
v 2.851808 0.971380 0.237304
v 2.851808 1.258408 0.237304
v 2.823400 0.971380 0.237304
v 2.823400 1.258408 0.237304
v -3.084393 0.826193 0.839057
v -3.084393 0.920646 0.839057
v -2.909648 0.826193 0.839057
v -2.909648 0.920646 0.839057
v -2.909648 0.826193 -0.846825
v -2.909648 0.920646 -0.846825
v -3.084393 0.826193 -0.846825
v -3.084393 0.920646 -0.846825
v -3.084393 0.826193 0.936839
v -3.084393 0.920646 0.936839
v -2.909648 0.826193 0.936839
v -2.909648 0.920646 0.936839
v -2.909648 0.826193 -0.944606
v -2.909648 0.920646 -0.944606
v -3.084393 0.826193 -0.944606
v -3.084393 0.920646 -0.944606
v -2.760448 0.826193 0.839057
v -2.760448 0.920646 0.839057
v -2.760448 0.826193 0.936839
v -2.760448 0.920646 0.936839
v -2.760448 0.826193 -0.846825
v -2.760448 0.920646 -0.846825
v -2.760448 0.826193 -0.944606
v -2.760448 0.920646 -0.944606
v -3.084393 0.826194 1.188815
v -3.084393 0.920646 1.188815
v -2.909648 0.826194 1.188815
v -2.909648 0.920646 1.188815
v -2.909648 0.826193 -1.196582
v -2.909648 0.920646 -1.196582
v -3.084393 0.826193 -1.196582
v -3.084393 0.920646 -1.196582
v 2.823400 0.971380 0.210991
v 2.823400 1.258408 0.210991
v 2.851808 0.971380 0.210991
v 2.851808 1.258408 0.210991
v 2.851808 0.971380 0.191918
v 2.851808 1.258408 0.191918
v 2.823400 0.971380 0.191918
v 2.823400 1.258408 0.191918
v 0.792254 1.382353 -1.164119
v 0.792254 1.402490 -1.155461
v 0.774490 1.382353 -1.164119
v 0.774490 1.402490 -1.155461
v 0.774490 1.327818 -1.037279
v 0.774490 1.347955 -1.028621
v 0.792254 1.327818 -1.037279
v 0.792254 1.347955 -1.028621
v 0.775979 1.379156 1.145545
v 0.775979 1.399294 1.136886
v 0.793743 1.379156 1.145545
v 0.793743 1.399294 1.136886
v 0.793743 1.324621 1.018704
v 0.793743 1.344758 1.010046
v 0.775979 1.324621 1.018704
v 0.775979 1.344758 1.010046
v -3.130607 0.806964 -0.511316
v -3.130607 0.939657 -0.511316
v -2.862779 0.806964 -0.511316
v -2.862779 0.939657 -0.511316
v -2.862779 0.806964 -0.631756
v -2.862779 0.939657 -0.631756
v -3.130607 0.806964 -0.631756
v -3.130607 0.939657 -0.631756
v 2.823400 0.971380 0.165777
v 2.823400 1.258408 0.165777
v 2.851808 0.971380 0.165777
v 2.851808 1.258408 0.165777
v 2.851808 0.971380 0.146703
v 2.851808 1.258408 0.146703
v 2.823400 0.971380 0.146703
v 2.823400 1.258408 0.146703
v 0.784861 1.339385 -1.260692
v 0.784861 1.339385 -1.154064
v 0.784861 1.340155 -1.265549
v 0.783360 1.340155 -1.265311
v 0.782006 1.340155 -1.264621
v 0.780931 1.340155 -1.263547
v 0.780241 1.340155 -1.262193
v 0.780003 1.340155 -1.260692
v 0.780003 1.340155 -1.154064
v 0.780241 1.340155 -1.152563
v 0.780931 1.340155 -1.151209
v 0.782006 1.340155 -1.150134
v 0.783360 1.340155 -1.149444
v 0.784861 1.340155 -1.149207
v 0.786362 1.340155 -1.149444
v 0.787717 1.340155 -1.150134
v 0.788791 1.340155 -1.151209
v 0.789481 1.340155 -1.152563
v 0.789719 1.340155 -1.154064
v 0.789719 1.340155 -1.260692
v 0.789481 1.340155 -1.262193
v 0.788791 1.340155 -1.263547
v 0.787717 1.340155 -1.264621
v 0.786362 1.340155 -1.265311
v 0.784861 1.342387 -1.269931
v 0.782006 1.342387 -1.269479
v 0.779430 1.342387 -1.268167
v 0.777386 1.342387 -1.266123
v 0.776074 1.342387 -1.263547
v 0.775621 1.342387 -1.260692
v 0.775621 1.342387 -1.154064
v 0.776074 1.342387 -1.151209
v 0.777386 1.342387 -1.148633
v 0.779430 1.342387 -1.146589
v 0.782006 1.342387 -1.145277
v 0.784861 1.342387 -1.144824
v 0.787717 1.342387 -1.145277
v 0.790292 1.342387 -1.146589
v 0.792336 1.342387 -1.148633
v 0.793649 1.342387 -1.151209
v 0.794101 1.342387 -1.154064
v 0.794101 1.342387 -1.260692
v 0.793649 1.342387 -1.263547
v 0.792336 1.342387 -1.266123
v 0.790292 1.342387 -1.268167
v 0.787717 1.342387 -1.269479
v 0.784861 1.345865 -1.273409
v 0.780931 1.345865 -1.272787
v 0.777386 1.345865 -1.270980
v 0.774573 1.345865 -1.268167
v 0.772766 1.345865 -1.264621
v 0.772144 1.345865 -1.260692
v 0.772144 1.345865 -1.154064
v 0.772766 1.345865 -1.150134
v 0.774573 1.345865 -1.146589
v 0.777386 1.345865 -1.143775
v 0.780931 1.345865 -1.141969
v 0.784861 1.345865 -1.141347
v 0.788791 1.345865 -1.141969
v 0.792336 1.345865 -1.143775
v 0.795150 1.345865 -1.146589
v 0.796956 1.345865 -1.150134
v 0.797579 1.345865 -1.154064
v 0.797579 1.345865 -1.260692
v 0.796956 1.345865 -1.264621
v 0.795150 1.345865 -1.268167
v 0.792336 1.345865 -1.270980
v 0.788791 1.345865 -1.272787
v 0.784861 1.350247 -1.275642
v 0.780241 1.350247 -1.274910
v 0.776074 1.350247 -1.272787
v 0.772766 1.350247 -1.269479
v 0.770643 1.350247 -1.265311
v 0.769911 1.350247 -1.260692
v 0.769911 1.350247 -1.154064
v 0.770643 1.350247 -1.149444
v 0.772766 1.350247 -1.145277
v 0.776074 1.350247 -1.141969
v 0.780241 1.350247 -1.139846
v 0.784861 1.350247 -1.139114
v 0.789481 1.350247 -1.139846
v 0.793649 1.350247 -1.141969
v 0.796956 1.350247 -1.145277
v 0.799080 1.350247 -1.149444
v 0.799811 1.350247 -1.154064
v 0.799811 1.350247 -1.260692
v 0.799080 1.350247 -1.265311
v 0.796956 1.350247 -1.269479
v 0.793649 1.350247 -1.272787
v 0.789481 1.350247 -1.274910
v 0.784861 1.355105 -1.276411
v 0.780003 1.355105 -1.275642
v 0.775621 1.355105 -1.273409
v 0.772144 1.355105 -1.269931
v 0.769911 1.355105 -1.265549
v 0.769142 1.355105 -1.260692
v 0.769142 1.355105 -1.154064
v 0.769911 1.355105 -1.149207
v 0.772144 1.355105 -1.144824
v 0.775621 1.355105 -1.141347
v 0.780003 1.355105 -1.139114
v 0.784861 1.355105 -1.138345
v 0.789719 1.355105 -1.139114
v 0.794101 1.355105 -1.141347
v 0.797579 1.355105 -1.144824
v 0.799811 1.355105 -1.149207
v 0.800581 1.355105 -1.154064
v 0.800581 1.355105 -1.260692
v 0.799811 1.355105 -1.265549
v 0.797579 1.355105 -1.269931
v 0.794101 1.355105 -1.273409
v 0.789719 1.355105 -1.275642
v 0.784861 1.412136 -1.276411
v 0.780003 1.412136 -1.275642
v 0.775621 1.412136 -1.273409
v 0.772144 1.412136 -1.269931
v 0.769911 1.412136 -1.265549
v 0.769142 1.412136 -1.260692
v 0.769142 1.412136 -1.154064
v 0.769911 1.412136 -1.149207
v 0.772144 1.412136 -1.144824
v 0.775621 1.412136 -1.141347
v 0.780003 1.412136 -1.139114
v 0.784861 1.412136 -1.138345
v 0.789719 1.412136 -1.139114
v 0.794101 1.412136 -1.141347
v 0.797579 1.412136 -1.144824
v 0.799811 1.412136 -1.149207
v 0.800581 1.412136 -1.154064
v 0.800581 1.412136 -1.260692
v 0.799811 1.412136 -1.265549
v 0.797579 1.412136 -1.269931
v 0.794101 1.412136 -1.273409
v 0.789719 1.412136 -1.275642
v 0.784861 1.416993 -1.275642
v 0.780241 1.416993 -1.274910
v 0.776074 1.416993 -1.272787
v 0.772766 1.416993 -1.269479
v 0.770643 1.416993 -1.265311
v 0.769911 1.416993 -1.260692
v 0.769911 1.416993 -1.154064
v 0.770643 1.416993 -1.149444
v 0.772766 1.416993 -1.145277
v 0.776074 1.416993 -1.141969
v 0.780241 1.416993 -1.139846
v 0.784861 1.416993 -1.139114
v 0.789481 1.416993 -1.139846
v 0.793649 1.416993 -1.141969
v 0.796956 1.416993 -1.145277
v 0.799080 1.416993 -1.149444
v 0.799811 1.416993 -1.154064
v 0.799811 1.416993 -1.260692
v 0.799080 1.416993 -1.265311
v 0.796956 1.416993 -1.269479
v 0.793649 1.416993 -1.272787
v 0.789481 1.416993 -1.274910
v 0.784861 1.421376 -1.273409
v 0.780931 1.421376 -1.272787
v 0.777386 1.421376 -1.270980
v 0.774573 1.421376 -1.268167
v 0.772766 1.421376 -1.264621
v 0.772144 1.421376 -1.260692
v 0.772144 1.421376 -1.154064
v 0.772766 1.421376 -1.150134
v 0.774573 1.421376 -1.146589
v 0.777386 1.421376 -1.143775
v 0.780931 1.421376 -1.141969
v 0.784861 1.421376 -1.141347
v 0.788791 1.421376 -1.141969
v 0.792336 1.421376 -1.143775
v 0.795150 1.421376 -1.146589
v 0.796956 1.421376 -1.150134
v 0.797579 1.421376 -1.154064
v 0.797579 1.421376 -1.260692
v 0.796956 1.421376 -1.264621
v 0.795150 1.421376 -1.268167
v 0.792336 1.421376 -1.270980
v 0.788791 1.421376 -1.272787
v 0.784861 1.424853 -1.269931
v 0.782006 1.424853 -1.269479
v 0.779430 1.424853 -1.268167
v 0.777386 1.424853 -1.266123
v 0.776074 1.424853 -1.263547
v 0.775621 1.424853 -1.260692
v 0.775621 1.424853 -1.154064
v 0.776074 1.424853 -1.151209
v 0.777386 1.424853 -1.148633
v 0.779430 1.424853 -1.146589
v 0.782006 1.424853 -1.145277
v 0.784861 1.424853 -1.144824
v 0.787717 1.424853 -1.145277
v 0.790292 1.424853 -1.146589
v 0.792336 1.424853 -1.148633
v 0.793649 1.424853 -1.151209
v 0.794101 1.424853 -1.154064
v 0.794101 1.424853 -1.260692
v 0.793649 1.424853 -1.263547
v 0.792336 1.424853 -1.266123
v 0.790292 1.424853 -1.268167
v 0.787717 1.424853 -1.269479
v 0.784861 1.427086 -1.265549
v 0.783360 1.427086 -1.265311
v 0.782006 1.427086 -1.264621
v 0.780931 1.427086 -1.263547
v 0.780241 1.427086 -1.262193
v 0.780003 1.427086 -1.260692
v 0.780003 1.427086 -1.154064
v 0.780241 1.427086 -1.152563
v 0.780931 1.427086 -1.151209
v 0.782006 1.427086 -1.150134
v 0.783360 1.427086 -1.149444
v 0.784861 1.427086 -1.149207
v 0.786362 1.427086 -1.149444
v 0.787717 1.427086 -1.150134
v 0.788791 1.427086 -1.151209
v 0.789481 1.427086 -1.152563
v 0.789719 1.427086 -1.154064
v 0.789719 1.427086 -1.260692
v 0.789481 1.427086 -1.262193
v 0.788791 1.427086 -1.263547
v 0.787717 1.427086 -1.264621
v 0.786362 1.427086 -1.265311
v 0.784861 1.427855 -1.260692
v 0.784861 1.427855 -1.154064
v 0.783372 1.336189 1.242117
v 0.783372 1.336189 1.135489
v 0.783372 1.336958 1.246974
v 0.784873 1.336958 1.246737
v 0.786228 1.336958 1.246047
v 0.787302 1.336958 1.244972
v 0.787992 1.336958 1.243618
v 0.788230 1.336958 1.242117
v 0.788230 1.336958 1.135489
v 0.787992 1.336958 1.133988
v 0.787302 1.336958 1.132634
v 0.786228 1.336958 1.131560
v 0.784873 1.336958 1.130869
v 0.783372 1.336958 1.130632
v 0.781871 1.336958 1.130869
v 0.780517 1.336958 1.131560
v 0.779442 1.336958 1.132634
v 0.778753 1.336958 1.133988
v 0.778515 1.336958 1.135489
v 0.778515 1.336958 1.242117
v 0.778753 1.336958 1.243618
v 0.779442 1.336958 1.244972
v 0.780517 1.336958 1.246047
v 0.781871 1.336958 1.246737
v 0.783372 1.339191 1.251357
v 0.786228 1.339191 1.250904
v 0.788803 1.339191 1.249593
v 0.790847 1.339191 1.247548
v 0.792160 1.339191 1.244972
v 0.792612 1.339191 1.242117
v 0.792612 1.339191 1.135489
v 0.792160 1.339191 1.132634
v 0.790847 1.339191 1.130059
v 0.788803 1.339191 1.128014
v 0.786228 1.339191 1.126702
v 0.783372 1.339191 1.126250
v 0.780517 1.339191 1.126702
v 0.777941 1.339191 1.128014
v 0.775897 1.339191 1.130059
v 0.774585 1.339191 1.132634
v 0.774133 1.339191 1.135489
v 0.774133 1.339191 1.242117
v 0.774585 1.339191 1.244972
v 0.775897 1.339191 1.247548
v 0.777941 1.339191 1.249593
v 0.780517 1.339191 1.250904
v 0.783372 1.342668 1.254834
v 0.787302 1.342668 1.254212
v 0.790847 1.342668 1.252405
v 0.793661 1.342668 1.249593
v 0.795467 1.342668 1.246047
v 0.796090 1.342668 1.242117
v 0.796090 1.342668 1.135489
v 0.795467 1.342668 1.131560
v 0.793661 1.342668 1.128014
v 0.790847 1.342668 1.125201
v 0.787302 1.342668 1.123395
v 0.783372 1.342668 1.122772
v 0.779442 1.342668 1.123395
v 0.775897 1.342668 1.125201
v 0.773084 1.342668 1.128014
v 0.771277 1.342668 1.131560
v 0.770655 1.342668 1.135489
v 0.770655 1.342668 1.242117
v 0.771277 1.342668 1.246047
v 0.773084 1.342668 1.249593
v 0.775897 1.342668 1.252405
v 0.779442 1.342668 1.254212
v 0.783372 1.347050 1.257067
v 0.787992 1.347050 1.256336
v 0.792160 1.347050 1.254212
v 0.795467 1.347050 1.250904
v 0.797591 1.347050 1.246737
v 0.798323 1.347050 1.242117
v 0.798323 1.347050 1.135489
v 0.797591 1.347050 1.130869
v 0.795467 1.347050 1.126702
v 0.792160 1.347050 1.123395
v 0.787992 1.347050 1.121271
v 0.783372 1.347050 1.120540
v 0.778753 1.347050 1.121271
v 0.774585 1.347050 1.123395
v 0.771277 1.347050 1.126702
v 0.769154 1.347050 1.130869
v 0.768422 1.347050 1.135489
v 0.768422 1.347050 1.242117
v 0.769154 1.347050 1.246737
v 0.771277 1.347050 1.250904
v 0.774585 1.347050 1.254212
v 0.778753 1.347050 1.256336
v 0.783372 1.351908 1.257837
v 0.788230 1.351908 1.257067
v 0.792612 1.351908 1.254834
v 0.796090 1.351908 1.251357
v 0.798323 1.351908 1.246974
v 0.799092 1.351908 1.242117
v 0.799092 1.351908 1.135489
v 0.798323 1.351908 1.130632
v 0.796090 1.351908 1.126250
v 0.792612 1.351908 1.122772
v 0.788230 1.351908 1.120540
v 0.783372 1.351908 1.119770
v 0.778515 1.351908 1.120540
v 0.774133 1.351908 1.122772
v 0.770655 1.351908 1.126250
v 0.768422 1.351908 1.130632
v 0.767653 1.351908 1.135489
v 0.767653 1.351908 1.242117
v 0.768422 1.351908 1.246974
v 0.770655 1.351908 1.251357
v 0.774133 1.351908 1.254834
v 0.778515 1.351908 1.257067
v 0.783372 1.408939 1.257837
v 0.788230 1.408939 1.257067
v 0.792612 1.408939 1.254834
v 0.796090 1.408939 1.251357
v 0.798323 1.408939 1.246974
v 0.799092 1.408939 1.242117
v 0.799092 1.408939 1.135489
v 0.798323 1.408939 1.130632
v 0.796090 1.408939 1.126250
v 0.792612 1.408939 1.122772
v 0.788230 1.408939 1.120540
v 0.783372 1.408939 1.119770
v 0.778515 1.408939 1.120540
v 0.774133 1.408939 1.122772
v 0.770655 1.408939 1.126250
v 0.768422 1.408939 1.130632
v 0.767653 1.408939 1.135489
v 0.767653 1.408939 1.242117
v 0.768422 1.408939 1.246974
v 0.770655 1.408939 1.251357
v 0.774133 1.408939 1.254834
v 0.778515 1.408939 1.257067
v 0.783372 1.413797 1.257067
v 0.787992 1.413797 1.256336
v 0.792160 1.413797 1.254212
v 0.795467 1.413797 1.250904
v 0.797591 1.413797 1.246737
v 0.798323 1.413797 1.242117
v 0.798323 1.413797 1.135489
v 0.797591 1.413797 1.130869
v 0.795467 1.413797 1.126702
v 0.792160 1.413797 1.123395
v 0.787992 1.413797 1.121271
v 0.783372 1.413797 1.120540
v 0.778753 1.413797 1.121271
v 0.774585 1.413797 1.123395
v 0.771277 1.413797 1.126702
v 0.769154 1.413797 1.130869
v 0.768422 1.413797 1.135489
v 0.768422 1.413797 1.242117
v 0.769154 1.413797 1.246737
v 0.771277 1.413797 1.250904
v 0.774585 1.413797 1.254212
v 0.778753 1.413797 1.256336
v 0.783372 1.418179 1.254834
v 0.787302 1.418179 1.254212
v 0.790847 1.418179 1.252405
v 0.793661 1.418179 1.249593
v 0.795467 1.418179 1.246047
v 0.796090 1.418179 1.242117
v 0.796090 1.418179 1.135489
v 0.795467 1.418179 1.131560
v 0.793661 1.418179 1.128014
v 0.790847 1.418179 1.125201
v 0.787302 1.418179 1.123395
v 0.783372 1.418179 1.122772
v 0.779442 1.418179 1.123395
v 0.775897 1.418179 1.125201
v 0.773084 1.418179 1.128014
v 0.771277 1.418179 1.131560
v 0.770655 1.418179 1.135489
v 0.770655 1.418179 1.242117
v 0.771277 1.418179 1.246047
v 0.773084 1.418179 1.249593
v 0.775897 1.418179 1.252405
v 0.779442 1.418179 1.254212
v 0.783372 1.421657 1.251357
v 0.786228 1.421657 1.250904
v 0.788803 1.421657 1.249593
v 0.790847 1.421657 1.247548
v 0.792160 1.421657 1.244972
v 0.792612 1.421657 1.242117
v 0.792612 1.421657 1.135489
v 0.792160 1.421657 1.132634
v 0.790847 1.421657 1.130059
v 0.788803 1.421657 1.128014
v 0.786228 1.421657 1.126702
v 0.783372 1.421657 1.126250
v 0.780517 1.421657 1.126702
v 0.777941 1.421657 1.128014
v 0.775897 1.421657 1.130059
v 0.774585 1.421657 1.132634
v 0.774133 1.421657 1.135489
v 0.774133 1.421657 1.242117
v 0.774585 1.421657 1.244972
v 0.775897 1.421657 1.247548
v 0.777941 1.421657 1.249593
v 0.780517 1.421657 1.250904
v 0.783372 1.423890 1.246974
v 0.784873 1.423890 1.246737
v 0.786228 1.423890 1.246047
v 0.787302 1.423890 1.244972
v 0.787992 1.423890 1.243618
v 0.788230 1.423890 1.242117
v 0.788230 1.423890 1.135489
v 0.787992 1.423890 1.133988
v 0.787302 1.423890 1.132634
v 0.786228 1.423890 1.131560
v 0.784873 1.423890 1.130869
v 0.783372 1.423890 1.130632
v 0.781871 1.423890 1.130869
v 0.780517 1.423890 1.131560
v 0.779442 1.423890 1.132634
v 0.778753 1.423890 1.133988
v 0.778515 1.423890 1.135489
v 0.778515 1.423890 1.242117
v 0.778753 1.423890 1.243618
v 0.779442 1.423890 1.244972
v 0.780517 1.423890 1.246047
v 0.781871 1.423890 1.246737
v 0.783372 1.424659 1.242117
v 0.783372 1.424659 1.135489
v -3.130607 0.807984 0.610112
v -3.130607 0.940677 0.610112
v -2.862779 0.807984 0.610112
v -2.862779 0.940677 0.610112
v -2.862779 0.807984 0.489673
v -2.862779 0.940677 0.489673
v -3.130607 0.807984 0.489673
v -3.130607 0.940677 0.489673
v 2.823400 0.971380 0.120689
v 2.823400 1.258408 0.120689
v 2.851808 0.971380 0.120689
v 2.851808 1.258408 0.120689
v 2.851808 0.971380 0.101615
v 2.851808 1.258408 0.101615
v 2.823400 0.971380 0.101615
v 2.823400 1.258408 0.101615
v -2.902977 1.043066 0.296116
v -2.902977 1.314580 0.296116
v -2.877561 1.043066 0.296116
v -2.877561 1.314580 0.296116
v -2.877561 1.043066 -0.300239
v -2.877561 1.314580 -0.300239
v -2.902977 1.043066 -0.300239
v -2.902977 1.314580 -0.300239
v 2.823400 0.971380 0.077487
v 2.823400 1.258408 0.077487
v 2.851808 0.971380 0.077487
v 2.851808 1.258408 0.077487
v 2.851808 0.971380 0.058413
v 2.851808 1.258408 0.058413
v 2.823400 0.971380 0.058413
v 2.823400 1.258408 0.058413
v 2.823400 0.971380 0.035355
v 2.823400 1.258408 0.035355
v 2.851808 0.971380 0.035355
v 2.851808 1.258408 0.035355
v 2.851808 0.971380 0.016282
v 2.851808 1.258408 0.016282
v 2.823400 0.971380 0.016282
v 2.823400 1.258408 0.016282
v 2.823400 0.971380 -0.020480
v 2.823400 1.258408 -0.020480
v 2.851808 0.971380 -0.020480
v 2.851808 1.258408 -0.020480
v 2.851808 0.971380 -0.039555
v 2.851808 1.258408 -0.039555
v 2.823400 0.971380 -0.039555
v 2.823400 1.258408 -0.039555
v 2.823400 0.971380 -0.069131
v 2.823400 1.258408 -0.069131
v 2.851808 0.971380 -0.069131
v 2.851808 1.258408 -0.069131
v 2.851808 0.971380 -0.088205
v 2.851808 1.258408 -0.088205
v 2.823400 0.971380 -0.088205
v 2.823400 1.258408 -0.088205
v -2.884351 1.145749 0.677548
v -2.904237 1.145749 0.677548
v -2.904237 1.145749 0.879234
v -2.884351 1.145749 0.879234
v -2.884351 1.150686 0.665626
v -2.904237 1.150686 0.665626
v -2.912666 1.150686 0.669119
v -2.916157 1.150686 0.677548
v -2.916157 1.150687 0.879234
v -2.912666 1.150687 0.887663
v -2.904237 1.150687 0.891155
v -2.884351 1.150687 0.891155
v -2.875922 1.150687 0.887663
v -2.872430 1.150687 0.879234
v -2.872430 1.150686 0.677548
v -2.875922 1.150686 0.669119
v -2.884351 1.162607 0.660688
v -2.904237 1.162607 0.660688
v -2.916157 1.162607 0.665626
v -2.921096 1.162607 0.677548
v -2.921096 1.162608 0.879234
v -2.916157 1.162608 0.891155
v -2.904237 1.162608 0.896092
v -2.884351 1.162608 0.896092
v -2.872430 1.162608 0.891155
v -2.867492 1.162608 0.879234
v -2.867492 1.162607 0.677548
v -2.872430 1.162607 0.665626
v -2.884351 1.279732 0.660688
v -2.904237 1.279732 0.660688
v -2.916157 1.279732 0.665626
v -2.921096 1.279732 0.677548
v -2.921096 1.279732 0.879234
v -2.916157 1.279732 0.891154
v -2.904237 1.279732 0.896092
v -2.884351 1.279732 0.896092
v -2.872430 1.279732 0.891154
v -2.867492 1.279732 0.879234
v -2.867492 1.279732 0.677548
v -2.872430 1.279732 0.665626
v -2.884351 1.291653 0.665626
v -2.904237 1.291653 0.665626
v -2.912666 1.291653 0.669119
v -2.916157 1.291653 0.677548
v -2.916157 1.291653 0.879234
v -2.912666 1.291653 0.887663
v -2.904237 1.291653 0.891154
v -2.884351 1.291653 0.891154
v -2.875922 1.291653 0.887663
v -2.872430 1.291653 0.879234
v -2.872430 1.291653 0.677548
v -2.875922 1.291653 0.669119
v -2.884351 1.296591 0.677548
v -2.904237 1.296591 0.677548
v -2.904237 1.296591 0.879234
v -2.884351 1.296591 0.879234
v -2.884351 1.145748 -0.900260
v -2.904237 1.145748 -0.900260
v -2.904237 1.145749 -0.698574
v -2.884351 1.145749 -0.698574
v -2.884351 1.150686 -0.912181
v -2.904237 1.150686 -0.912181
v -2.912666 1.150686 -0.908689
v -2.916157 1.150686 -0.900260
v -2.916157 1.150686 -0.698574
v -2.912666 1.150686 -0.690144
v -2.904237 1.150686 -0.686653
v -2.884351 1.150686 -0.686653
v -2.875922 1.150686 -0.690144
v -2.872430 1.150686 -0.698574
v -2.872430 1.150686 -0.900260
v -2.875922 1.150686 -0.908689
v -2.884351 1.162607 -0.917119
v -2.904237 1.162607 -0.917119
v -2.916157 1.162607 -0.912181
v -2.921096 1.162607 -0.900260
v -2.921096 1.162607 -0.698574
v -2.916157 1.162607 -0.686653
v -2.904237 1.162607 -0.681715
v -2.884351 1.162607 -0.681715
v -2.872430 1.162607 -0.686653
v -2.867492 1.162607 -0.698574
v -2.867492 1.162607 -0.900260
v -2.872430 1.162607 -0.912181
v -2.884351 1.279732 -0.917119
v -2.904237 1.279732 -0.917119
v -2.916157 1.279732 -0.912181
v -2.921096 1.279732 -0.900260
v -2.921096 1.279732 -0.698574
v -2.916157 1.279732 -0.686653
v -2.904237 1.279732 -0.681715
v -2.884351 1.279732 -0.681715
v -2.872430 1.279732 -0.686653
v -2.867492 1.279732 -0.698574
v -2.867492 1.279732 -0.900260
v -2.872430 1.279732 -0.912181
v -2.884351 1.291653 -0.912181
v -2.904237 1.291653 -0.912181
v -2.912666 1.291653 -0.908689
v -2.916157 1.291653 -0.900260
v -2.916157 1.291653 -0.698574
v -2.912666 1.291653 -0.690144
v -2.904237 1.291653 -0.686653
v -2.884351 1.291653 -0.686653
v -2.875922 1.291653 -0.690144
v -2.872430 1.291653 -0.698574
v -2.872430 1.291653 -0.900260
v -2.875922 1.291653 -0.908689
v -2.884351 1.296590 -0.900260
v -2.904237 1.296590 -0.900260
v -2.904237 1.296591 -0.698574
v -2.884351 1.296591 -0.698574
v 2.658049 1.060798 1.169831
v 2.658049 1.060798 1.210223
v 2.658049 1.010308 1.169831
v 2.658049 1.010308 1.210223
v 2.666817 1.011075 1.169831
v 2.666817 1.011075 1.210223
v 2.675318 1.013353 1.169831
v 2.675318 1.013353 1.210223
v 2.683294 1.017072 1.169831
v 2.683294 1.017072 1.210223
v 2.690504 1.022120 1.169831
v 2.690504 1.022120 1.210223
v 2.696727 1.028344 1.169831
v 2.696727 1.028344 1.210223
v 2.701775 1.035553 1.169831
v 2.701775 1.035553 1.210223
v 2.705495 1.043529 1.169831
v 2.705495 1.043529 1.210223
v 2.707772 1.052030 1.169831
v 2.707772 1.052030 1.210223
v 2.708539 1.060798 1.169831
v 2.708539 1.060798 1.210223
v 2.707772 1.069566 1.169831
v 2.707772 1.069566 1.210223
v 2.705495 1.078067 1.169831
v 2.705495 1.078067 1.210223
v 2.701775 1.086043 1.169831
v 2.701775 1.086043 1.210223
v 2.696727 1.093253 1.169831
v 2.696727 1.093253 1.210223
v 2.690504 1.099476 1.169831
v 2.690504 1.099476 1.210223
v 2.683294 1.104524 1.169831
v 2.683294 1.104524 1.210223
v 2.675318 1.108243 1.169831
v 2.675318 1.108243 1.210223
v 2.666817 1.110521 1.169831
v 2.666817 1.110521 1.210223
v 2.658049 1.111288 1.169831
v 2.658049 1.111288 1.210223
v 2.649282 1.110521 1.169831
v 2.649282 1.110521 1.210223
v 2.640780 1.108243 1.169831
v 2.640780 1.108243 1.210223
v 2.632804 1.104524 1.169831
v 2.632804 1.104524 1.210223
v 2.625594 1.099476 1.169831
v 2.625594 1.099476 1.210223
v 2.619372 1.093253 1.169831
v 2.619372 1.093253 1.210223
v 2.614323 1.086043 1.169831
v 2.614323 1.086043 1.210223
v 2.610604 1.078067 1.169831
v 2.610604 1.078067 1.210223
v 2.608325 1.069566 1.169831
v 2.608325 1.069566 1.210223
v 2.607558 1.060798 1.169831
v 2.607558 1.060798 1.210223
v 2.608325 1.052030 1.169831
v 2.608325 1.052030 1.210223
v 2.610604 1.043529 1.169831
v 2.610604 1.043529 1.210223
v 2.614323 1.035553 1.169831
v 2.614323 1.035553 1.210223
v 2.619372 1.028344 1.169831
v 2.619372 1.028344 1.210223
v 2.625594 1.022120 1.169831
v 2.625594 1.022120 1.210223
v 2.632804 1.017072 1.169831
v 2.632804 1.017072 1.210223
v 2.640780 1.013353 1.169831
v 2.640780 1.013353 1.210223
v 2.649282 1.011075 1.169831
v 2.649282 1.011075 1.210223
v 2.658049 1.069428 -1.177871
v 2.658049 1.069428 -1.218264
v 2.658049 1.119919 -1.177871
v 2.658049 1.119919 -1.218264
v 2.666817 1.119152 -1.177871
v 2.666817 1.119152 -1.218264
v 2.675318 1.116874 -1.177871
v 2.675318 1.116874 -1.218264
v 2.683294 1.113154 -1.177871
v 2.683294 1.113154 -1.218264
v 2.690504 1.108106 -1.177871
v 2.690504 1.108106 -1.218264
v 2.696727 1.101883 -1.177871
v 2.696727 1.101883 -1.218264
v 2.701775 1.094674 -1.177871
v 2.701775 1.094674 -1.218264
v 2.705495 1.086697 -1.177871
v 2.705495 1.086697 -1.218264
v 2.707772 1.078196 -1.177871
v 2.707772 1.078196 -1.218264
v 2.708539 1.069428 -1.177871
v 2.708539 1.069428 -1.218264
v 2.707772 1.060661 -1.177871
v 2.707772 1.060661 -1.218264
v 2.705495 1.052160 -1.177871
v 2.705495 1.052160 -1.218264
v 2.701775 1.044183 -1.177871
v 2.701775 1.044183 -1.218264
v 2.696727 1.036974 -1.177871
v 2.696727 1.036974 -1.218264
v 2.690504 1.030751 -1.177871
v 2.690504 1.030751 -1.218264
v 2.683294 1.025703 -1.177871
v 2.683294 1.025703 -1.218264
v 2.675318 1.021983 -1.177871
v 2.675318 1.021983 -1.218264
v 2.666817 1.019705 -1.177871
v 2.666817 1.019705 -1.218264
v 2.658049 1.018938 -1.177871
v 2.658049 1.018938 -1.218264
v 2.649282 1.019705 -1.177871
v 2.649282 1.019705 -1.218264
v 2.640780 1.021983 -1.177871
v 2.640780 1.021983 -1.218264
v 2.632804 1.025703 -1.177871
v 2.632804 1.025703 -1.218264
v 2.625594 1.030751 -1.177871
v 2.625594 1.030751 -1.218264
v 2.619372 1.036974 -1.177871
v 2.619372 1.036974 -1.218264
v 2.614323 1.044183 -1.177871
v 2.614323 1.044183 -1.218264
v 2.610604 1.052160 -1.177871
v 2.610604 1.052160 -1.218264
v 2.608325 1.060661 -1.177871
v 2.608325 1.060661 -1.218264
v 2.607558 1.069428 -1.177871
v 2.607558 1.069428 -1.218264
v 2.608325 1.078196 -1.177871
v 2.608325 1.078196 -1.218264
v 2.610604 1.086697 -1.177871
v 2.610604 1.086697 -1.218264
v 2.614323 1.094674 -1.177871
v 2.614323 1.094674 -1.218264
v 2.619372 1.101883 -1.177871
v 2.619372 1.101883 -1.218264
v 2.625594 1.108106 -1.177871
v 2.625594 1.108106 -1.218264
v 2.632804 1.113154 -1.177871
v 2.632804 1.113154 -1.218264
v 2.640780 1.116874 -1.177871
v 2.640780 1.116874 -1.218264
v 2.649282 1.119152 -1.177871
v 2.649282 1.119152 -1.218264
v 2.822330 1.122713 0.670111
v 2.896992 1.122713 0.670111
v 2.822330 1.216040 0.670110
v 2.896992 1.216040 0.670110
v 2.822330 1.214622 0.686318
v 2.896992 1.214622 0.686318
v 2.822330 1.210412 0.702031
v 2.896992 1.210412 0.702031
v 2.822330 1.203537 0.716775
v 2.896992 1.203537 0.716775
v 2.822330 1.194206 0.730101
v 2.896992 1.194206 0.730101
v 2.822330 1.182703 0.741604
v 2.896992 1.182703 0.741604
v 2.822330 1.169376 0.750935
v 2.896992 1.169376 0.750935
v 2.822330 1.154633 0.757810
v 2.896992 1.154633 0.757810
v 2.822330 1.138919 0.762021
v 2.896992 1.138919 0.762021
v 2.822330 1.122713 0.763438
v 2.896992 1.122713 0.763438
v 2.822330 1.106506 0.762021
v 2.896992 1.106506 0.762021
v 2.822330 1.090793 0.757810
v 2.896992 1.090793 0.757810
v 2.822330 1.076049 0.750935
v 2.896992 1.076049 0.750935
v 2.822330 1.062723 0.741604
v 2.896992 1.062723 0.741604
v 2.822330 1.051219 0.730101
v 2.896992 1.051219 0.730101
v 2.822330 1.041888 0.716775
v 2.896992 1.041888 0.716775
v 2.822330 1.035013 0.702031
v 2.896992 1.035013 0.702031
v 2.822330 1.030803 0.686318
v 2.896992 1.030803 0.686318
v 2.822330 1.029385 0.670111
v 2.896992 1.029385 0.670111
v 2.822330 1.030803 0.653905
v 2.896992 1.030803 0.653905
v 2.822330 1.035013 0.638191
v 2.896992 1.035013 0.638191
v 2.822330 1.041888 0.623447
v 2.896992 1.041888 0.623447
v 2.822330 1.051219 0.610121
v 2.896992 1.051219 0.610121
v 2.822330 1.062723 0.598617
v 2.896992 1.062723 0.598617
v 2.822330 1.076049 0.589286
v 2.896992 1.076049 0.589286
v 2.822330 1.090793 0.582411
v 2.896992 1.090793 0.582411
v 2.822330 1.106506 0.578201
v 2.896992 1.106506 0.578201
v 2.822330 1.122713 0.576783
v 2.896992 1.122713 0.576783
v 2.822330 1.138919 0.578201
v 2.896992 1.138919 0.578201
v 2.822330 1.154633 0.582411
v 2.896992 1.154633 0.582411
v 2.822330 1.169376 0.589286
v 2.896992 1.169376 0.589286
v 2.822330 1.182703 0.598617
v 2.896992 1.182703 0.598617
v 2.822330 1.194206 0.610121
v 2.896992 1.194206 0.610121
v 2.822330 1.203537 0.623447
v 2.896992 1.203537 0.623447
v 2.822330 1.210412 0.638191
v 2.896992 1.210412 0.638191
v 2.822330 1.214622 0.653904
v 2.896992 1.214622 0.653904
v 2.822330 1.122713 0.884070
v 2.896992 1.122713 0.884070
v 2.822330 1.216040 0.884070
v 2.896992 1.216040 0.884070
v 2.822330 1.214623 0.900277
v 2.896992 1.214623 0.900277
v 2.822330 1.210412 0.915990
v 2.896992 1.210412 0.915990
v 2.822330 1.203537 0.930734
v 2.896992 1.203537 0.930734
v 2.822330 1.194206 0.944060
v 2.896992 1.194206 0.944060
v 2.822330 1.182703 0.955563
v 2.896992 1.182703 0.955563
v 2.822330 1.169377 0.964894
v 2.896992 1.169377 0.964894
v 2.822330 1.154633 0.971770
v 2.896992 1.154633 0.971770
v 2.822330 1.138919 0.975980
v 2.896992 1.138919 0.975980
v 2.822330 1.122713 0.977398
v 2.896992 1.122713 0.977398
v 2.822330 1.106506 0.975980
v 2.896992 1.106506 0.975980
v 2.822330 1.090793 0.971770
v 2.896992 1.090793 0.971770
v 2.822330 1.076049 0.964894
v 2.896992 1.076049 0.964894
v 2.822330 1.062723 0.955563
v 2.896992 1.062723 0.955563
v 2.822330 1.051219 0.944060
v 2.896992 1.051219 0.944060
v 2.822330 1.041888 0.930734
v 2.896992 1.041888 0.930734
v 2.822330 1.035013 0.915990
v 2.896992 1.035013 0.915990
v 2.822330 1.030803 0.900277
v 2.896992 1.030803 0.900277
v 2.822330 1.029385 0.884070
v 2.896992 1.029385 0.884070
v 2.822330 1.030803 0.867864
v 2.896992 1.030803 0.867864
v 2.822330 1.035013 0.852150
v 2.896992 1.035013 0.852150
v 2.822330 1.041888 0.837406
v 2.896992 1.041888 0.837406
v 2.822330 1.051219 0.824080
v 2.896992 1.051219 0.824080
v 2.822330 1.062723 0.812577
v 2.896992 1.062723 0.812577
v 2.822330 1.076049 0.803246
v 2.896992 1.076049 0.803246
v 2.822330 1.090793 0.796370
v 2.896992 1.090793 0.796370
v 2.822330 1.106506 0.792160
v 2.896992 1.106506 0.792160
v 2.822330 1.122713 0.790743
v 2.896992 1.122713 0.790743
v 2.822330 1.138919 0.792160
v 2.896992 1.138919 0.792160
v 2.822330 1.154633 0.796370
v 2.896992 1.154633 0.796370
v 2.822330 1.169377 0.803246
v 2.896992 1.169377 0.803246
v 2.822330 1.182703 0.812577
v 2.896992 1.182703 0.812577
v 2.822330 1.194206 0.824080
v 2.896992 1.194206 0.824080
v 2.822330 1.203537 0.837406
v 2.896992 1.203537 0.837406
v 2.822330 1.210412 0.852150
v 2.896992 1.210412 0.852150
v 2.822330 1.214623 0.867864
v 2.896992 1.214623 0.867864
v 2.822330 1.122713 -0.656954
v 2.896992 1.122713 -0.656954
v 2.822330 1.216040 -0.656954
v 2.896992 1.216040 -0.656954
v 2.822330 1.214622 -0.640748
v 2.896992 1.214622 -0.640748
v 2.822330 1.210412 -0.625034
v 2.896992 1.210412 -0.625034
v 2.822330 1.203537 -0.610290
v 2.896992 1.203537 -0.610290
v 2.822330 1.194206 -0.596964
v 2.896992 1.194206 -0.596964
v 2.822330 1.182703 -0.585461
v 2.896992 1.182703 -0.585461
v 2.822330 1.169376 -0.576130
v 2.896992 1.169376 -0.576130
v 2.822330 1.154633 -0.569255
v 2.896992 1.154633 -0.569255
v 2.822330 1.138919 -0.565044
v 2.896992 1.138919 -0.565044
v 2.822330 1.122713 -0.563626
v 2.896992 1.122713 -0.563626
v 2.822330 1.106506 -0.565044
v 2.896992 1.106506 -0.565044
v 2.822330 1.090793 -0.569255
v 2.896992 1.090793 -0.569255
v 2.822330 1.076049 -0.576130
v 2.896992 1.076049 -0.576130
v 2.822330 1.062723 -0.585461
v 2.896992 1.062723 -0.585461
v 2.822330 1.051219 -0.596964
v 2.896992 1.051219 -0.596964
v 2.822330 1.041888 -0.610290
v 2.896992 1.041888 -0.610290
v 2.822330 1.035013 -0.625034
v 2.896992 1.035013 -0.625034
v 2.822330 1.030803 -0.640748
v 2.896992 1.030803 -0.640748
v 2.822330 1.029385 -0.656954
v 2.896992 1.029385 -0.656954
v 2.822330 1.030803 -0.673160
v 2.896992 1.030803 -0.673160
v 2.822330 1.035013 -0.688874
v 2.896992 1.035013 -0.688874
v 2.822330 1.041888 -0.703618
v 2.896992 1.041888 -0.703618
v 2.822330 1.051219 -0.716944
v 2.896992 1.051219 -0.716944
v 2.822330 1.062723 -0.728447
v 2.896992 1.062723 -0.728447
v 2.822330 1.076049 -0.737779
v 2.896992 1.076049 -0.737779
v 2.822330 1.090793 -0.744654
v 2.896992 1.090793 -0.744654
v 2.822330 1.106506 -0.748864
v 2.896992 1.106506 -0.748864
v 2.822330 1.122713 -0.750282
v 2.896992 1.122713 -0.750282
v 2.822330 1.138919 -0.748864
v 2.896992 1.138919 -0.748864
v 2.822330 1.154633 -0.744654
v 2.896992 1.154633 -0.744654
v 2.822330 1.169376 -0.737779
v 2.896992 1.169376 -0.737779
v 2.822330 1.182703 -0.728447
v 2.896992 1.182703 -0.728447
v 2.822330 1.194206 -0.716944
v 2.896992 1.194206 -0.716944
v 2.822330 1.203537 -0.703618
v 2.896992 1.203537 -0.703618
v 2.822330 1.210412 -0.688874
v 2.896992 1.210412 -0.688874
v 2.822330 1.214622 -0.673160
v 2.896992 1.214622 -0.673160
v 2.822330 1.122712 -0.870913
v 2.896992 1.122712 -0.870913
v 2.822330 1.216040 -0.870913
v 2.896992 1.216040 -0.870913
v 2.822330 1.214622 -0.854707
v 2.896992 1.214622 -0.854707
v 2.822330 1.210412 -0.838994
v 2.896992 1.210412 -0.838994
v 2.822330 1.203537 -0.824250
v 2.896992 1.203537 -0.824250
v 2.822330 1.194206 -0.810924
v 2.896992 1.194206 -0.810924
v 2.822330 1.182702 -0.799420
v 2.896992 1.182702 -0.799420
v 2.822330 1.169376 -0.790089
v 2.896992 1.169376 -0.790089
v 2.822330 1.154633 -0.783214
v 2.896992 1.154633 -0.783214
v 2.822330 1.138919 -0.779003
v 2.896992 1.138919 -0.779003
v 2.822330 1.122713 -0.777585
v 2.896992 1.122713 -0.777585
v 2.822330 1.106506 -0.779003
v 2.896992 1.106506 -0.779003
v 2.822330 1.090793 -0.783214
v 2.896992 1.090793 -0.783214
v 2.822330 1.076048 -0.790089
v 2.896992 1.076048 -0.790089
v 2.822330 1.062722 -0.799420
v 2.896992 1.062722 -0.799420
v 2.822330 1.051219 -0.810924
v 2.896992 1.051219 -0.810924
v 2.822330 1.041888 -0.824249
v 2.896992 1.041888 -0.824249
v 2.822330 1.035013 -0.838994
v 2.896992 1.035013 -0.838994
v 2.822330 1.030802 -0.854707
v 2.896992 1.030802 -0.854707
v 2.822330 1.029385 -0.870913
v 2.896992 1.029385 -0.870913
v 2.822330 1.030802 -0.887119
v 2.896992 1.030802 -0.887119
v 2.822330 1.035013 -0.902833
v 2.896992 1.035013 -0.902833
v 2.822330 1.041888 -0.917577
v 2.896992 1.041888 -0.917577
v 2.822330 1.051219 -0.930903
v 2.896992 1.051219 -0.930903
v 2.822330 1.062722 -0.942407
v 2.896992 1.062722 -0.942407
v 2.822330 1.076048 -0.951738
v 2.896992 1.076048 -0.951738
v 2.822330 1.090792 -0.958613
v 2.896992 1.090792 -0.958613
v 2.822330 1.106506 -0.962824
v 2.896992 1.106506 -0.962824
v 2.822330 1.122712 -0.964241
v 2.896992 1.122712 -0.964241
v 2.822330 1.138919 -0.962824
v 2.896992 1.138919 -0.962824
v 2.822330 1.154632 -0.958613
v 2.896992 1.154632 -0.958613
v 2.822330 1.169376 -0.951738
v 2.896992 1.169376 -0.951738
v 2.822330 1.182702 -0.942407
v 2.896992 1.182702 -0.942407
v 2.822330 1.194206 -0.930903
v 2.896992 1.194206 -0.930903
v 2.822330 1.203537 -0.917577
v 2.896992 1.203537 -0.917577
v 2.822330 1.210412 -0.902833
v 2.896992 1.210412 -0.902833
v 2.822330 1.214622 -0.887119
v 2.896992 1.214622 -0.887119
v 2.658049 1.060798 1.193563
v 2.658049 1.060798 1.226767
v 2.658049 1.048815 1.194129
v 2.661150 1.049223 1.194129
v 2.664040 1.050420 1.194129
v 2.666522 1.052325 1.194129
v 2.668427 1.054806 1.194129
v 2.669624 1.057697 1.194129
v 2.670032 1.060798 1.194129
v 2.669624 1.063900 1.194129
v 2.668427 1.066790 1.194129
v 2.666522 1.069271 1.194129
v 2.664040 1.071176 1.194129
v 2.661150 1.072373 1.194129
v 2.658049 1.072781 1.194129
v 2.654948 1.072373 1.194129
v 2.652058 1.071176 1.194129
v 2.649575 1.069271 1.194129
v 2.647671 1.066790 1.194129
v 2.646474 1.063900 1.194129
v 2.646066 1.060798 1.194129
v 2.646474 1.057697 1.194129
v 2.647671 1.054806 1.194129
v 2.649575 1.052325 1.194129
v 2.652058 1.050420 1.194129
v 2.654948 1.049223 1.194129
v 2.658049 1.037648 1.195788
v 2.664040 1.038437 1.195788
v 2.669624 1.040750 1.195788
v 2.674419 1.044429 1.195788
v 2.678097 1.049223 1.195788
v 2.680410 1.054806 1.195788
v 2.681199 1.060798 1.195788
v 2.680410 1.066790 1.195788
v 2.678097 1.072373 1.195788
v 2.674419 1.077168 1.195788
v 2.669624 1.080846 1.195788
v 2.664040 1.083159 1.195788
v 2.658049 1.083948 1.195788
v 2.652058 1.083159 1.195788
v 2.646474 1.080846 1.195788
v 2.641679 1.077168 1.195788
v 2.638001 1.072373 1.195788
v 2.635689 1.066790 1.195788
v 2.634899 1.060798 1.195788
v 2.635689 1.054806 1.195788
v 2.638001 1.049223 1.195788
v 2.641679 1.044429 1.195788
v 2.646474 1.040750 1.195788
v 2.652058 1.038437 1.195788
v 2.658049 1.028059 1.198426
v 2.666522 1.029175 1.198426
v 2.674419 1.032445 1.198426
v 2.681199 1.037648 1.198426
v 2.686401 1.044429 1.198426
v 2.689672 1.052325 1.198426
v 2.690788 1.060798 1.198426
v 2.689672 1.069271 1.198426
v 2.686401 1.077168 1.198426
v 2.681199 1.083948 1.198426
v 2.674419 1.089151 1.198426
v 2.666522 1.092421 1.198426
v 2.658049 1.093537 1.198426
v 2.649575 1.092421 1.198426
v 2.641679 1.089151 1.198426
v 2.634899 1.083948 1.198426
v 2.629697 1.077168 1.198426
v 2.626426 1.069271 1.198426
v 2.625310 1.060798 1.198426
v 2.626426 1.052325 1.198426
v 2.629697 1.044429 1.198426
v 2.634899 1.037648 1.198426
v 2.641679 1.032445 1.198426
v 2.649575 1.029175 1.198426
v 2.658049 1.020701 1.201864
v 2.668427 1.022068 1.201864
v 2.678097 1.026073 1.201864
v 2.686401 1.032445 1.201864
v 2.692774 1.040750 1.201864
v 2.696779 1.050420 1.201864
v 2.698146 1.060798 1.201864
v 2.696779 1.071176 1.201864
v 2.692774 1.080846 1.201864
v 2.686401 1.089151 1.201864
v 2.678097 1.095523 1.201864
v 2.668427 1.099529 1.201864
v 2.658049 1.100895 1.201864
v 2.647671 1.099529 1.201864
v 2.638001 1.095523 1.201864
v 2.629697 1.089151 1.201864
v 2.623324 1.080846 1.201864
v 2.619318 1.071176 1.201864
v 2.617952 1.060798 1.201864
v 2.619318 1.050420 1.201864
v 2.623324 1.040750 1.201864
v 2.629697 1.032445 1.201864
v 2.638001 1.026073 1.201864
v 2.647671 1.022068 1.201864
v 2.658049 1.016076 1.205869
v 2.669624 1.017600 1.205869
v 2.680410 1.022068 1.205869
v 2.689672 1.029175 1.205869
v 2.696779 1.038437 1.205869
v 2.701248 1.049223 1.205869
v 2.702771 1.060798 1.205869
v 2.701248 1.072373 1.205869
v 2.696779 1.083159 1.205869
v 2.689672 1.092421 1.205869
v 2.680410 1.099529 1.205869
v 2.669624 1.103996 1.205869
v 2.658049 1.105520 1.205869
v 2.646474 1.103996 1.205869
v 2.635689 1.099529 1.205869
v 2.626426 1.092421 1.205869
v 2.619318 1.083159 1.205869
v 2.614851 1.072373 1.205869
v 2.613328 1.060798 1.205869
v 2.614851 1.049223 1.205869
v 2.619318 1.038437 1.205869
v 2.626426 1.029175 1.205869
v 2.635689 1.022068 1.205869
v 2.646474 1.017600 1.205869
v 2.658049 1.014498 1.210165
v 2.670032 1.016076 1.210165
v 2.681199 1.020701 1.210165
v 2.690788 1.028059 1.210165
v 2.698146 1.037648 1.210165
v 2.702771 1.048815 1.210165
v 2.704349 1.060798 1.210165
v 2.702771 1.072781 1.210165
v 2.698146 1.083948 1.210165
v 2.690788 1.093537 1.210165
v 2.681199 1.100895 1.210165
v 2.670032 1.105520 1.210165
v 2.658049 1.107098 1.210165
v 2.646066 1.105520 1.210165
v 2.634899 1.100895 1.210165
v 2.625310 1.093537 1.210165
v 2.617952 1.083948 1.210165
v 2.613328 1.072781 1.210165
v 2.611749 1.060798 1.210165
v 2.613328 1.048815 1.210165
v 2.617952 1.037648 1.210165
v 2.625310 1.028059 1.210165
v 2.634899 1.020701 1.210165
v 2.646066 1.016076 1.210165
v 2.658049 1.016076 1.214463
v 2.669624 1.017600 1.214463
v 2.680410 1.022068 1.214463
v 2.689672 1.029175 1.214463
v 2.696779 1.038437 1.214463
v 2.701248 1.049223 1.214463
v 2.702771 1.060798 1.214463
v 2.701248 1.072373 1.214463
v 2.696779 1.083159 1.214463
v 2.689672 1.092421 1.214463
v 2.680410 1.099529 1.214463
v 2.669624 1.103996 1.214463
v 2.658049 1.105520 1.214463
v 2.646474 1.103996 1.214463
v 2.635689 1.099529 1.214463
v 2.626426 1.092421 1.214463
v 2.619318 1.083159 1.214463
v 2.614851 1.072373 1.214463
v 2.613328 1.060798 1.214463
v 2.614851 1.049223 1.214463
v 2.619318 1.038437 1.214463
v 2.626426 1.029175 1.214463
v 2.635689 1.022068 1.214463
v 2.646474 1.017600 1.214463
v 2.658049 1.020701 1.218466
v 2.668427 1.022068 1.218466
v 2.678097 1.026073 1.218466
v 2.686401 1.032445 1.218466
v 2.692774 1.040750 1.218466
v 2.696779 1.050420 1.218466
v 2.698146 1.060798 1.218466
v 2.696779 1.071176 1.218466
v 2.692774 1.080846 1.218466
v 2.686401 1.089151 1.218466
v 2.678097 1.095523 1.218466
v 2.668427 1.099529 1.218466
v 2.658049 1.100895 1.218466
v 2.647671 1.099529 1.218466
v 2.638001 1.095523 1.218466
v 2.629697 1.089151 1.218466
v 2.623324 1.080846 1.218466
v 2.619318 1.071176 1.218466
v 2.617952 1.060798 1.218466
v 2.619318 1.050420 1.218466
v 2.623324 1.040750 1.218466
v 2.629697 1.032445 1.218466
v 2.638001 1.026073 1.218466
v 2.647671 1.022068 1.218466
v 2.658049 1.028059 1.221905
v 2.666522 1.029175 1.221905
v 2.674419 1.032445 1.221905
v 2.681199 1.037648 1.221905
v 2.686401 1.044429 1.221905
v 2.689672 1.052325 1.221905
v 2.690788 1.060798 1.221905
v 2.689672 1.069271 1.221905
v 2.686401 1.077168 1.221905
v 2.681199 1.083948 1.221905
v 2.674419 1.089151 1.221905
v 2.666522 1.092421 1.221905
v 2.658049 1.093537 1.221905
v 2.649575 1.092421 1.221905
v 2.641679 1.089151 1.221905
v 2.634899 1.083948 1.221905
v 2.629697 1.077168 1.221905
v 2.626426 1.069271 1.221905
v 2.625310 1.060798 1.221905
v 2.626426 1.052325 1.221905
v 2.629697 1.044429 1.221905
v 2.634899 1.037648 1.221905
v 2.641679 1.032445 1.221905
v 2.649575 1.029175 1.221905
v 2.658049 1.037648 1.224543
v 2.664040 1.038437 1.224543
v 2.669624 1.040750 1.224543
v 2.674419 1.044429 1.224543
v 2.678097 1.049223 1.224543
v 2.680410 1.054806 1.224543
v 2.681199 1.060798 1.224543
v 2.680410 1.066790 1.224543
v 2.678097 1.072373 1.224543
v 2.674419 1.077168 1.224543
v 2.669624 1.080846 1.224543
v 2.664040 1.083159 1.224543
v 2.658049 1.083948 1.224543
v 2.652058 1.083159 1.224543
v 2.646474 1.080846 1.224543
v 2.641679 1.077168 1.224543
v 2.638001 1.072373 1.224543
v 2.635689 1.066790 1.224543
v 2.634899 1.060798 1.224543
v 2.635689 1.054806 1.224543
v 2.638001 1.049223 1.224543
v 2.641679 1.044429 1.224543
v 2.646474 1.040750 1.224543
v 2.652058 1.038437 1.224543
v 2.658049 1.048815 1.226202
v 2.661150 1.049223 1.226202
v 2.664040 1.050420 1.226202
v 2.666522 1.052325 1.226202
v 2.668427 1.054806 1.226202
v 2.669624 1.057697 1.226202
v 2.670032 1.060798 1.226202
v 2.669624 1.063900 1.226202
v 2.668427 1.066790 1.226202
v 2.666522 1.069271 1.226202
v 2.664040 1.071176 1.226202
v 2.661150 1.072373 1.226202
v 2.658049 1.072781 1.226202
v 2.654948 1.072373 1.226202
v 2.652058 1.071176 1.226202
v 2.649575 1.069271 1.226202
v 2.647671 1.066790 1.226202
v 2.646474 1.063900 1.226202
v 2.646066 1.060798 1.226202
v 2.646474 1.057697 1.226202
v 2.647671 1.054806 1.226202
v 2.649575 1.052325 1.226202
v 2.652058 1.050420 1.226202
v 2.654948 1.049223 1.226202
v 2.658049 1.069428 -1.201604
v 2.658049 1.069428 -1.234808
v 2.658049 1.081412 -1.202170
v 2.661150 1.081003 -1.202170
v 2.664040 1.079806 -1.202170
v 2.666522 1.077902 -1.202170
v 2.668427 1.075420 -1.202170
v 2.669624 1.072530 -1.202170
v 2.670032 1.069428 -1.202170
v 2.669624 1.066327 -1.202170
v 2.668427 1.063437 -1.202170
v 2.666522 1.060955 -1.202170
v 2.664040 1.059051 -1.202170
v 2.661150 1.057854 -1.202170
v 2.658049 1.057445 -1.202170
v 2.654948 1.057854 -1.202170
v 2.652058 1.059051 -1.202170
v 2.649575 1.060955 -1.202170
v 2.647671 1.063437 -1.202170
v 2.646474 1.066327 -1.202170
v 2.646066 1.069428 -1.202170
v 2.646474 1.072530 -1.202170
v 2.647671 1.075420 -1.202170
v 2.649575 1.077902 -1.202170
v 2.652058 1.079806 -1.202170
v 2.654948 1.081003 -1.202170
v 2.658049 1.092578 -1.203828
v 2.664040 1.091789 -1.203828
v 2.669624 1.089477 -1.203828
v 2.674419 1.085798 -1.203828
v 2.678097 1.081003 -1.203828
v 2.680410 1.075420 -1.203828
v 2.681199 1.069428 -1.203828
v 2.680410 1.063437 -1.203828
v 2.678097 1.057854 -1.203828
v 2.674419 1.053059 -1.203828
v 2.669624 1.049380 -1.203828
v 2.664040 1.047068 -1.203828
v 2.658049 1.046279 -1.203828
v 2.652058 1.047068 -1.203828
v 2.646474 1.049380 -1.203828
v 2.641679 1.053059 -1.203828
v 2.638001 1.057854 -1.203828
v 2.635689 1.063437 -1.203828
v 2.634899 1.069428 -1.203828
v 2.635689 1.075420 -1.203828
v 2.638001 1.081003 -1.203828
v 2.641679 1.085798 -1.203828
v 2.646474 1.089477 -1.203828
v 2.652058 1.091789 -1.203828
v 2.658049 1.102167 -1.206467
v 2.666522 1.101052 -1.206467
v 2.674419 1.097781 -1.206467
v 2.681199 1.092578 -1.206467
v 2.686401 1.085798 -1.206467
v 2.689672 1.077902 -1.206467
v 2.690788 1.069428 -1.206467
v 2.689672 1.060955 -1.206467
v 2.686401 1.053059 -1.206467
v 2.681199 1.046279 -1.206467
v 2.674419 1.041076 -1.206467
v 2.666522 1.037805 -1.206467
v 2.658049 1.036690 -1.206467
v 2.649575 1.037805 -1.206467
v 2.641679 1.041076 -1.206467
v 2.634899 1.046279 -1.206467
v 2.629697 1.053059 -1.206467
v 2.626426 1.060955 -1.206467
v 2.625310 1.069428 -1.206467
v 2.626426 1.077902 -1.206467
v 2.629697 1.085798 -1.206467
v 2.634899 1.092578 -1.206467
v 2.641679 1.097781 -1.206467
v 2.649575 1.101052 -1.206467
v 2.658049 1.109525 -1.209905
v 2.668427 1.108159 -1.209905
v 2.678097 1.104153 -1.209905
v 2.686401 1.097781 -1.209905
v 2.692774 1.089477 -1.209905
v 2.696779 1.079806 -1.209905
v 2.698146 1.069428 -1.209905
v 2.696779 1.059051 -1.209905
v 2.692774 1.049380 -1.209905
v 2.686401 1.041076 -1.209905
v 2.678097 1.034704 -1.209905
v 2.668427 1.030698 -1.209905
v 2.658049 1.029332 -1.209905
v 2.647671 1.030698 -1.209905
v 2.638001 1.034704 -1.209905
v 2.629697 1.041076 -1.209905
v 2.623324 1.049380 -1.209905
v 2.619318 1.059051 -1.209905
v 2.617952 1.069428 -1.209905
v 2.619318 1.079806 -1.209905
v 2.623324 1.089477 -1.209905
v 2.629697 1.097781 -1.209905
v 2.638001 1.104153 -1.209905
v 2.647671 1.108159 -1.209905
v 2.658049 1.114151 -1.213909
v 2.669624 1.112627 -1.213909
v 2.680410 1.108159 -1.213909
v 2.689672 1.101052 -1.213909
v 2.696779 1.091789 -1.213909
v 2.701248 1.081003 -1.213909
v 2.702771 1.069428 -1.213909
v 2.701248 1.057854 -1.213909
v 2.696779 1.047068 -1.213909
v 2.689672 1.037805 -1.213909
v 2.680410 1.030698 -1.213909
v 2.669624 1.026230 -1.213909
v 2.658049 1.024706 -1.213909
v 2.646474 1.026230 -1.213909
v 2.635689 1.030698 -1.213909
v 2.626426 1.037805 -1.213909
v 2.619318 1.047068 -1.213909
v 2.614851 1.057854 -1.213909
v 2.613328 1.069428 -1.213909
v 2.614851 1.081003 -1.213909
v 2.619318 1.091789 -1.213909
v 2.626426 1.101052 -1.213909
v 2.635689 1.108159 -1.213909
v 2.646474 1.112627 -1.213909
v 2.658049 1.115728 -1.218206
v 2.670032 1.114151 -1.218206
v 2.681199 1.109525 -1.218206
v 2.690788 1.102167 -1.218206
v 2.698146 1.092578 -1.218206
v 2.702771 1.081412 -1.218206
v 2.704349 1.069428 -1.218206
v 2.702771 1.057445 -1.218206
v 2.698146 1.046279 -1.218206
v 2.690788 1.036690 -1.218206
v 2.681199 1.029332 -1.218206
v 2.670032 1.024706 -1.218206
v 2.658049 1.023129 -1.218206
v 2.646066 1.024706 -1.218206
v 2.634899 1.029332 -1.218206
v 2.625310 1.036690 -1.218206
v 2.617952 1.046279 -1.218206
v 2.613328 1.057445 -1.218206
v 2.611749 1.069428 -1.218206
v 2.613328 1.081412 -1.218206
v 2.617952 1.092578 -1.218206
v 2.625310 1.102167 -1.218206
v 2.634899 1.109525 -1.218206
v 2.646066 1.114151 -1.218206
v 2.658049 1.114151 -1.222503
v 2.669624 1.112627 -1.222503
v 2.680410 1.108159 -1.222503
v 2.689672 1.101052 -1.222503
v 2.696779 1.091789 -1.222503
v 2.701248 1.081003 -1.222503
v 2.702771 1.069428 -1.222503
v 2.701248 1.057854 -1.222503
v 2.696779 1.047068 -1.222503
v 2.689672 1.037805 -1.222503
v 2.680410 1.030698 -1.222503
v 2.669624 1.026230 -1.222503
v 2.658049 1.024706 -1.222503
v 2.646474 1.026230 -1.222503
v 2.635689 1.030698 -1.222503
v 2.626426 1.037805 -1.222503
v 2.619318 1.047068 -1.222503
v 2.614851 1.057854 -1.222503
v 2.613328 1.069428 -1.222503
v 2.614851 1.081003 -1.222503
v 2.619318 1.091789 -1.222503
v 2.626426 1.101052 -1.222503
v 2.635689 1.108159 -1.222503
v 2.646474 1.112627 -1.222503
v 2.658049 1.109525 -1.226507
v 2.668427 1.108159 -1.226507
v 2.678097 1.104153 -1.226507
v 2.686401 1.097781 -1.226507
v 2.692774 1.089477 -1.226507
v 2.696779 1.079806 -1.226507
v 2.698146 1.069428 -1.226507
v 2.696779 1.059051 -1.226507
v 2.692774 1.049380 -1.226507
v 2.686401 1.041076 -1.226507
v 2.678097 1.034704 -1.226507
v 2.668427 1.030698 -1.226507
v 2.658049 1.029332 -1.226507
v 2.647671 1.030698 -1.226507
v 2.638001 1.034704 -1.226507
v 2.629697 1.041076 -1.226507
v 2.623324 1.049380 -1.226507
v 2.619318 1.059051 -1.226507
v 2.617952 1.069428 -1.226507
v 2.619318 1.079806 -1.226507
v 2.623324 1.089477 -1.226507
v 2.629697 1.097781 -1.226507
v 2.638001 1.104153 -1.226507
v 2.647671 1.108159 -1.226507
v 2.658049 1.102167 -1.229945
v 2.666522 1.101052 -1.229945
v 2.674419 1.097781 -1.229945
v 2.681199 1.092578 -1.229945
v 2.686401 1.085798 -1.229945
v 2.689672 1.077902 -1.229945
v 2.690788 1.069428 -1.229945
v 2.689672 1.060955 -1.229945
v 2.686401 1.053059 -1.229945
v 2.681199 1.046279 -1.229945
v 2.674419 1.041076 -1.229945
v 2.666522 1.037805 -1.229945
v 2.658049 1.036690 -1.229945
v 2.649575 1.037805 -1.229945
v 2.641679 1.041076 -1.229945
v 2.634899 1.046279 -1.229945
v 2.629697 1.053059 -1.229945
v 2.626426 1.060955 -1.229945
v 2.625310 1.069428 -1.229945
v 2.626426 1.077902 -1.229945
v 2.629697 1.085798 -1.229945
v 2.634899 1.092578 -1.229945
v 2.641679 1.097781 -1.229945
v 2.649575 1.101052 -1.229945
v 2.658049 1.092578 -1.232584
v 2.664040 1.091789 -1.232584
v 2.669624 1.089477 -1.232584
v 2.674419 1.085798 -1.232584
v 2.678097 1.081003 -1.232584
v 2.680410 1.075420 -1.232584
v 2.681199 1.069428 -1.232584
v 2.680410 1.063437 -1.232584
v 2.678097 1.057854 -1.232584
v 2.674419 1.053059 -1.232584
v 2.669624 1.049380 -1.232584
v 2.664040 1.047068 -1.232584
v 2.658049 1.046279 -1.232584
v 2.652058 1.047068 -1.232584
v 2.646474 1.049380 -1.232584
v 2.641679 1.053059 -1.232584
v 2.638001 1.057854 -1.232584
v 2.635689 1.063437 -1.232584
v 2.634899 1.069428 -1.232584
v 2.635689 1.075420 -1.232584
v 2.638001 1.081003 -1.232584
v 2.641679 1.085798 -1.232584
v 2.646474 1.089477 -1.232584
v 2.652058 1.091789 -1.232584
v 2.658049 1.081412 -1.234242
v 2.661150 1.081003 -1.234242
v 2.664040 1.079806 -1.234242
v 2.666522 1.077902 -1.234242
v 2.668427 1.075420 -1.234242
v 2.669624 1.072530 -1.234242
v 2.670032 1.069428 -1.234242
v 2.669624 1.066327 -1.234242
v 2.668427 1.063437 -1.234242
v 2.666522 1.060955 -1.234242
v 2.664040 1.059051 -1.234242
v 2.661150 1.057854 -1.234242
v 2.658049 1.057445 -1.234242
v 2.654948 1.057854 -1.234242
v 2.652058 1.059051 -1.234242
v 2.649575 1.060955 -1.234242
v 2.647671 1.063437 -1.234242
v 2.646474 1.066327 -1.234242
v 2.646066 1.069428 -1.234242
v 2.646474 1.072530 -1.234242
v 2.647671 1.075420 -1.234242
v 2.649575 1.077902 -1.234242
v 2.652058 1.079806 -1.234242
v 2.654948 1.081003 -1.234242
v 2.866198 1.122713 0.670111
v 2.927573 1.122713 0.670111
v 2.867244 1.144863 0.670111
v 2.867244 1.144108 0.675843
v 2.867244 1.141895 0.681186
v 2.867244 1.138375 0.685774
v 2.867244 1.133788 0.689293
v 2.867244 1.128446 0.691507
v 2.867244 1.122713 0.692261
v 2.867244 1.116980 0.691507
v 2.867244 1.111637 0.689293
v 2.867244 1.107050 0.685774
v 2.867244 1.103530 0.681186
v 2.867244 1.101317 0.675843
v 2.867244 1.100562 0.670111
v 2.867244 1.101317 0.664378
v 2.867244 1.103530 0.659036
v 2.867244 1.107050 0.654448
v 2.867244 1.111637 0.650929
v 2.867244 1.116980 0.648715
v 2.867244 1.122713 0.647961
v 2.867244 1.128446 0.648715
v 2.867244 1.133788 0.650929
v 2.867244 1.138375 0.654448
v 2.867244 1.141895 0.659036
v 2.867244 1.144108 0.664378
v 2.870310 1.165503 0.670111
v 2.870310 1.164045 0.681186
v 2.870310 1.159770 0.691507
v 2.870310 1.152970 0.700369
v 2.870310 1.144108 0.707169
v 2.870310 1.133788 0.711443
v 2.870310 1.122713 0.712902
v 2.870310 1.111637 0.711443
v 2.870310 1.101317 0.707169
v 2.870310 1.092455 0.700369
v 2.870310 1.085655 0.691507
v 2.870310 1.081380 0.681186
v 2.870310 1.079922 0.670111
v 2.870310 1.081380 0.659036
v 2.870310 1.085655 0.648715
v 2.870310 1.092455 0.639853
v 2.870310 1.101317 0.633053
v 2.870310 1.111637 0.628778
v 2.870310 1.122713 0.627320
v 2.870310 1.133788 0.628778
v 2.870310 1.144108 0.633053
v 2.870310 1.152970 0.639853
v 2.870310 1.159770 0.648715
v 2.870310 1.164045 0.659036
v 2.875187 1.183228 0.670111
v 2.875187 1.181166 0.685774
v 2.875187 1.175120 0.700369
v 2.875187 1.165503 0.712902
v 2.875187 1.152970 0.722519
v 2.875187 1.138375 0.728564
v 2.875187 1.122713 0.730626
v 2.875187 1.107050 0.728564
v 2.875187 1.092455 0.722519
v 2.875187 1.079922 0.712902
v 2.875187 1.070305 0.700369
v 2.875187 1.064259 0.685774
v 2.875187 1.062197 0.670111
v 2.875187 1.064259 0.654448
v 2.875187 1.070305 0.639853
v 2.875187 1.079922 0.627320
v 2.875187 1.092455 0.617703
v 2.875187 1.107050 0.611658
v 2.875187 1.122713 0.609596
v 2.875187 1.138375 0.611658
v 2.875187 1.152970 0.617703
v 2.875187 1.165503 0.627320
v 2.875187 1.175120 0.639853
v 2.875187 1.181166 0.654448
v 2.881542 1.196828 0.670110
v 2.881542 1.194303 0.689293
v 2.881542 1.186899 0.707169
v 2.881542 1.175120 0.722519
v 2.881542 1.159770 0.734297
v 2.881542 1.141895 0.741702
v 2.881542 1.122713 0.744226
v 2.881542 1.103530 0.741702
v 2.881542 1.085655 0.734297
v 2.881542 1.070305 0.722519
v 2.881542 1.058526 0.707169
v 2.881542 1.051122 0.689293
v 2.881542 1.048597 0.670111
v 2.881542 1.051122 0.650929
v 2.881542 1.058526 0.633053
v 2.881542 1.070305 0.617703
v 2.881542 1.085655 0.605925
v 2.881542 1.103530 0.598520
v 2.881542 1.122713 0.595995
v 2.881542 1.141895 0.598520
v 2.881542 1.159770 0.605925
v 2.881542 1.175120 0.617703
v 2.881542 1.186899 0.633053
v 2.881542 1.194303 0.650929
v 2.888943 1.205378 0.670110
v 2.888943 1.202561 0.691507
v 2.888943 1.194303 0.711443
v 2.888943 1.181166 0.728564
v 2.888943 1.164045 0.741702
v 2.888943 1.144108 0.749959
v 2.888943 1.122713 0.752776
v 2.888943 1.101317 0.749959
v 2.888943 1.081380 0.741702
v 2.888943 1.064259 0.728564
v 2.888943 1.051122 0.711443
v 2.888943 1.042864 0.691507
v 2.888943 1.040047 0.670111
v 2.888943 1.042864 0.648715
v 2.888943 1.051122 0.628778
v 2.888943 1.064259 0.611658
v 2.888943 1.081380 0.598520
v 2.888943 1.101317 0.590262
v 2.888943 1.122713 0.587446
v 2.888943 1.144108 0.590262
v 2.888943 1.164045 0.598520
v 2.888943 1.181166 0.611658
v 2.888943 1.194303 0.628778
v 2.888943 1.202561 0.648715
v 2.896885 1.208294 0.670110
v 2.896885 1.205378 0.692260
v 2.896885 1.196828 0.712902
v 2.896885 1.183228 0.730626
v 2.896885 1.165503 0.744226
v 2.896885 1.144863 0.752776
v 2.896885 1.122713 0.755692
v 2.896885 1.100562 0.752776
v 2.896885 1.079922 0.744226
v 2.896885 1.062197 0.730626
v 2.896885 1.048597 0.712902
v 2.896885 1.040047 0.692261
v 2.896885 1.037131 0.670111
v 2.896885 1.040047 0.647961
v 2.896885 1.048597 0.627320
v 2.896885 1.062197 0.609596
v 2.896885 1.079922 0.595995
v 2.896885 1.100562 0.587446
v 2.896885 1.122713 0.584529
v 2.896885 1.144863 0.587446
v 2.896885 1.165503 0.595995
v 2.896885 1.183228 0.609596
v 2.896885 1.196828 0.627320
v 2.896885 1.205378 0.647960
v 2.904828 1.205378 0.670110
v 2.904828 1.202561 0.691507
v 2.904828 1.194303 0.711443
v 2.904828 1.181166 0.728564
v 2.904828 1.164045 0.741702
v 2.904828 1.144108 0.749959
v 2.904828 1.122713 0.752776
v 2.904828 1.101317 0.749959
v 2.904828 1.081380 0.741702
v 2.904828 1.064259 0.728564
v 2.904828 1.051122 0.711443
v 2.904828 1.042864 0.691507
v 2.904828 1.040047 0.670111
v 2.904828 1.042864 0.648715
v 2.904828 1.051122 0.628778
v 2.904828 1.064259 0.611658
v 2.904828 1.081380 0.598520
v 2.904828 1.101317 0.590262
v 2.904828 1.122713 0.587446
v 2.904828 1.144108 0.590262
v 2.904828 1.164045 0.598520
v 2.904828 1.181166 0.611658
v 2.904828 1.194303 0.628778
v 2.904828 1.202561 0.648715
v 2.912230 1.196828 0.670110
v 2.912230 1.194303 0.689293
v 2.912230 1.186899 0.707169
v 2.912230 1.175120 0.722519
v 2.912230 1.159770 0.734297
v 2.912230 1.141895 0.741702
v 2.912230 1.122713 0.744226
v 2.912230 1.103530 0.741702
v 2.912230 1.085655 0.734297
v 2.912230 1.070305 0.722519
v 2.912230 1.058526 0.707169
v 2.912230 1.051122 0.689293
v 2.912230 1.048597 0.670111
v 2.912230 1.051122 0.650929
v 2.912230 1.058526 0.633053
v 2.912230 1.070305 0.617703
v 2.912230 1.085655 0.605925
v 2.912230 1.103530 0.598520
v 2.912230 1.122713 0.595995
v 2.912230 1.141895 0.598520
v 2.912230 1.159770 0.605925
v 2.912230 1.175120 0.617703
v 2.912230 1.186899 0.633053
v 2.912230 1.194303 0.650929
v 2.918585 1.183228 0.670111
v 2.918585 1.181166 0.685774
v 2.918585 1.175120 0.700369
v 2.918585 1.165503 0.712902
v 2.918585 1.152970 0.722519
v 2.918585 1.138375 0.728564
v 2.918585 1.122713 0.730626
v 2.918585 1.107050 0.728564
v 2.918585 1.092455 0.722519
v 2.918585 1.079922 0.712902
v 2.918585 1.070305 0.700369
v 2.918585 1.064259 0.685774
v 2.918585 1.062197 0.670111
v 2.918585 1.064259 0.654448
v 2.918585 1.070305 0.639853
v 2.918585 1.079922 0.627320
v 2.918585 1.092455 0.617703
v 2.918585 1.107050 0.611658
v 2.918585 1.122713 0.609596
v 2.918585 1.138375 0.611658
v 2.918585 1.152970 0.617703
v 2.918585 1.165503 0.627320
v 2.918585 1.175120 0.639853
v 2.918585 1.181166 0.654448
v 2.923462 1.165503 0.670111
v 2.923462 1.164045 0.681186
v 2.923462 1.159770 0.691507
v 2.923462 1.152970 0.700369
v 2.923462 1.144108 0.707169
v 2.923462 1.133788 0.711443
v 2.923462 1.122713 0.712902
v 2.923462 1.111637 0.711443
v 2.923462 1.101317 0.707169
v 2.923462 1.092455 0.700369
v 2.923462 1.085655 0.691507
v 2.923462 1.081380 0.681186
v 2.923462 1.079922 0.670111
v 2.923462 1.081380 0.659036
v 2.923462 1.085655 0.648715
v 2.923462 1.092455 0.639853
v 2.923462 1.101317 0.633053
v 2.923462 1.111637 0.628778
v 2.923462 1.122713 0.627320
v 2.923462 1.133788 0.628778
v 2.923462 1.144108 0.633053
v 2.923462 1.152970 0.639853
v 2.923462 1.159770 0.648715
v 2.923462 1.164045 0.659036
v 2.926528 1.144863 0.670111
v 2.926528 1.144108 0.675843
v 2.926528 1.141895 0.681186
v 2.926528 1.138375 0.685774
v 2.926528 1.133788 0.689293
v 2.926528 1.128446 0.691507
v 2.926528 1.122713 0.692261
v 2.926528 1.116980 0.691507
v 2.926528 1.111637 0.689293
v 2.926528 1.107050 0.685774
v 2.926528 1.103530 0.681186
v 2.926528 1.101317 0.675843
v 2.926528 1.100562 0.670111
v 2.926528 1.101317 0.664378
v 2.926528 1.103530 0.659036
v 2.926528 1.107050 0.654448
v 2.926528 1.111637 0.650929
v 2.926528 1.116980 0.648715
v 2.926528 1.122713 0.647961
v 2.926528 1.128446 0.648715
v 2.926528 1.133788 0.650929
v 2.926528 1.138375 0.654448
v 2.926528 1.141895 0.659036
v 2.926528 1.144108 0.664378
v 2.866198 1.122713 0.884070
v 2.927573 1.122713 0.884070
v 2.867244 1.144863 0.884070
v 2.867244 1.144108 0.889803
v 2.867244 1.141895 0.895145
v 2.867244 1.138375 0.899733
v 2.867244 1.133788 0.903252
v 2.867244 1.128446 0.905466
v 2.867244 1.122713 0.906221
v 2.867244 1.116980 0.905466
v 2.867244 1.111638 0.903252
v 2.867244 1.107050 0.899733
v 2.867244 1.103530 0.895145
v 2.867244 1.101317 0.889803
v 2.867244 1.100563 0.884070
v 2.867244 1.101317 0.878338
v 2.867244 1.103530 0.872995
v 2.867244 1.107050 0.868407
v 2.867244 1.111638 0.864888
v 2.867244 1.116980 0.862674
v 2.867244 1.122713 0.861920
v 2.867244 1.128446 0.862674
v 2.867244 1.133788 0.864888
v 2.867244 1.138375 0.868407
v 2.867244 1.141895 0.872995
v 2.867244 1.144108 0.878338
v 2.870310 1.165503 0.884070
v 2.870310 1.164045 0.895145
v 2.870310 1.159771 0.905466
v 2.870310 1.152970 0.914328
v 2.870310 1.144108 0.921128
v 2.870310 1.133788 0.925402
v 2.870310 1.122713 0.926861
v 2.870310 1.111638 0.925402
v 2.870310 1.101317 0.921128
v 2.870310 1.092455 0.914328
v 2.870310 1.085655 0.905466
v 2.870310 1.081380 0.895145
v 2.870310 1.079922 0.884070
v 2.870310 1.081380 0.872995
v 2.870310 1.085655 0.862674
v 2.870310 1.092455 0.853812
v 2.870310 1.101317 0.847012
v 2.870310 1.111638 0.842738
v 2.870310 1.122713 0.841279
v 2.870310 1.133788 0.842738
v 2.870310 1.144108 0.847012
v 2.870310 1.152970 0.853812
v 2.870310 1.159771 0.862674
v 2.870310 1.164045 0.872995
v 2.875187 1.183228 0.884070
v 2.875187 1.181166 0.899733
v 2.875187 1.175120 0.914328
v 2.875187 1.165503 0.926861
v 2.875187 1.152970 0.936478
v 2.875187 1.138375 0.942523
v 2.875187 1.122713 0.944585
v 2.875187 1.107050 0.942523
v 2.875187 1.092455 0.936478
v 2.875187 1.079922 0.926861
v 2.875187 1.070305 0.914328
v 2.875187 1.064259 0.899733
v 2.875187 1.062197 0.884070
v 2.875187 1.064259 0.868407
v 2.875187 1.070305 0.853812
v 2.875187 1.079922 0.841279
v 2.875187 1.092455 0.831662
v 2.875187 1.107050 0.825617
v 2.875187 1.122713 0.823555
v 2.875187 1.138375 0.825617
v 2.875187 1.152970 0.831662
v 2.875187 1.165503 0.841279
v 2.875187 1.175120 0.853812
v 2.875187 1.181166 0.868407
v 2.881542 1.196829 0.884070
v 2.881542 1.194303 0.903252
v 2.881542 1.186899 0.921128
v 2.881542 1.175120 0.936478
v 2.881542 1.159771 0.948256
v 2.881542 1.141895 0.955661
v 2.881542 1.122713 0.958186
v 2.881542 1.103530 0.955661
v 2.881542 1.085655 0.948256
v 2.881542 1.070305 0.936478
v 2.881542 1.058527 0.921128
v 2.881542 1.051122 0.903252
v 2.881542 1.048597 0.884070
v 2.881542 1.051122 0.864888
v 2.881542 1.058527 0.847012
v 2.881542 1.070305 0.831662
v 2.881542 1.085655 0.819884
v 2.881542 1.103530 0.812479
v 2.881542 1.122713 0.809954
v 2.881542 1.141895 0.812479
v 2.881542 1.159771 0.819884
v 2.881542 1.175120 0.831662
v 2.881542 1.186899 0.847012
v 2.881542 1.194303 0.864888
v 2.888943 1.205378 0.884070
v 2.888943 1.202561 0.905466
v 2.888943 1.194303 0.925402
v 2.888943 1.181166 0.942523
v 2.888943 1.164045 0.955661
v 2.888943 1.144108 0.963918
v 2.888943 1.122713 0.966735
v 2.888943 1.101317 0.963918
v 2.888943 1.081380 0.955661
v 2.888943 1.064259 0.942523
v 2.888943 1.051122 0.925402
v 2.888943 1.042864 0.905466
v 2.888943 1.040047 0.884070
v 2.888943 1.042864 0.862674
v 2.888943 1.051122 0.842738
v 2.888943 1.064259 0.825617
v 2.888943 1.081380 0.812479
v 2.888943 1.101317 0.804221
v 2.888943 1.122713 0.801405
v 2.888943 1.144108 0.804221
v 2.888943 1.164045 0.812479
v 2.888943 1.181166 0.825617
v 2.888943 1.194303 0.842738
v 2.888943 1.202561 0.862674
v 2.896885 1.208294 0.884070
v 2.896885 1.205378 0.906221
v 2.896885 1.196829 0.926861
v 2.896885 1.183228 0.944585
v 2.896885 1.165503 0.958186
v 2.896885 1.144863 0.966735
v 2.896885 1.122713 0.969651
v 2.896885 1.100563 0.966735
v 2.896885 1.079922 0.958186
v 2.896885 1.062197 0.944585
v 2.896885 1.048597 0.926861
v 2.896885 1.040047 0.906221
v 2.896885 1.037131 0.884070
v 2.896885 1.040047 0.861920
v 2.896885 1.048597 0.841279
v 2.896885 1.062197 0.823555
v 2.896885 1.079922 0.809954
v 2.896885 1.100563 0.801405
v 2.896885 1.122713 0.798489
v 2.896885 1.144863 0.801405
v 2.896885 1.165503 0.809954
v 2.896885 1.183228 0.823555
v 2.896885 1.196829 0.841279
v 2.896885 1.205378 0.861920
v 2.904828 1.205378 0.884070
v 2.904828 1.202561 0.905466
v 2.904828 1.194303 0.925402
v 2.904828 1.181166 0.942523
v 2.904828 1.164045 0.955661
v 2.904828 1.144108 0.963918
v 2.904828 1.122713 0.966735
v 2.904828 1.101317 0.963918
v 2.904828 1.081380 0.955661
v 2.904828 1.064259 0.942523
v 2.904828 1.051122 0.925402
v 2.904828 1.042864 0.905466
v 2.904828 1.040047 0.884070
v 2.904828 1.042864 0.862674
v 2.904828 1.051122 0.842738
v 2.904828 1.064259 0.825617
v 2.904828 1.081380 0.812479
v 2.904828 1.101317 0.804221
v 2.904828 1.122713 0.801405
v 2.904828 1.144108 0.804221
v 2.904828 1.164045 0.812479
v 2.904828 1.181166 0.825617
v 2.904828 1.194303 0.842738
v 2.904828 1.202561 0.862674
v 2.912230 1.196829 0.884070
v 2.912230 1.194303 0.903252
v 2.912230 1.186899 0.921128
v 2.912230 1.175120 0.936478
v 2.912230 1.159771 0.948256
v 2.912230 1.141895 0.955661
v 2.912230 1.122713 0.958186
v 2.912230 1.103530 0.955661
v 2.912230 1.085655 0.948256
v 2.912230 1.070305 0.936478
v 2.912230 1.058527 0.921128
v 2.912230 1.051122 0.903252
v 2.912230 1.048597 0.884070
v 2.912230 1.051122 0.864888
v 2.912230 1.058527 0.847012
v 2.912230 1.070305 0.831662
v 2.912230 1.085655 0.819884
v 2.912230 1.103530 0.812479
v 2.912230 1.122713 0.809954
v 2.912230 1.141895 0.812479
v 2.912230 1.159771 0.819884
v 2.912230 1.175120 0.831662
v 2.912230 1.186899 0.847012
v 2.912230 1.194303 0.864888
v 2.918585 1.183228 0.884070
v 2.918585 1.181166 0.899733
v 2.918585 1.175120 0.914328
v 2.918585 1.165503 0.926861
v 2.918585 1.152970 0.936478
v 2.918585 1.138375 0.942523
v 2.918585 1.122713 0.944585
v 2.918585 1.107050 0.942523
v 2.918585 1.092455 0.936478
v 2.918585 1.079922 0.926861
v 2.918585 1.070305 0.914328
v 2.918585 1.064259 0.899733
v 2.918585 1.062197 0.884070
v 2.918585 1.064259 0.868407
v 2.918585 1.070305 0.853812
v 2.918585 1.079922 0.841279
v 2.918585 1.092455 0.831662
v 2.918585 1.107050 0.825617
v 2.918585 1.122713 0.823555
v 2.918585 1.138375 0.825617
v 2.918585 1.152970 0.831662
v 2.918585 1.165503 0.841279
v 2.918585 1.175120 0.853812
v 2.918585 1.181166 0.868407
v 2.923462 1.165503 0.884070
v 2.923462 1.164045 0.895145
v 2.923462 1.159771 0.905466
v 2.923462 1.152970 0.914328
v 2.923462 1.144108 0.921128
v 2.923462 1.133788 0.925402
v 2.923462 1.122713 0.926861
v 2.923462 1.111638 0.925402
v 2.923462 1.101317 0.921128
v 2.923462 1.092455 0.914328
v 2.923462 1.085655 0.905466
v 2.923462 1.081380 0.895145
v 2.923462 1.079922 0.884070
v 2.923462 1.081380 0.872995
v 2.923462 1.085655 0.862674
v 2.923462 1.092455 0.853812
v 2.923462 1.101317 0.847012
v 2.923462 1.111638 0.842738
v 2.923462 1.122713 0.841279
v 2.923462 1.133788 0.842738
v 2.923462 1.144108 0.847012
v 2.923462 1.152970 0.853812
v 2.923462 1.159771 0.862674
v 2.923462 1.164045 0.872995
v 2.926528 1.144863 0.884070
v 2.926528 1.144108 0.889803
v 2.926528 1.141895 0.895145
v 2.926528 1.138375 0.899733
v 2.926528 1.133788 0.903252
v 2.926528 1.128446 0.905466
v 2.926528 1.122713 0.906221
v 2.926528 1.116980 0.905466
v 2.926528 1.111638 0.903252
v 2.926528 1.107050 0.899733
v 2.926528 1.103530 0.895145
v 2.926528 1.101317 0.889803
v 2.926528 1.100563 0.884070
v 2.926528 1.101317 0.878338
v 2.926528 1.103530 0.872995
v 2.926528 1.107050 0.868407
v 2.926528 1.111638 0.864888
v 2.926528 1.116980 0.862674
v 2.926528 1.122713 0.861920
v 2.926528 1.128446 0.862674
v 2.926528 1.133788 0.864888
v 2.926528 1.138375 0.868407
v 2.926528 1.141895 0.872995
v 2.926528 1.144108 0.878338
v 2.866198 1.122713 -0.656954
v 2.927573 1.122713 -0.656954
v 2.867244 1.144863 -0.656954
v 2.867244 1.144108 -0.651221
v 2.867244 1.141895 -0.645879
v 2.867244 1.138375 -0.641292
v 2.867244 1.133788 -0.637771
v 2.867244 1.128446 -0.635559
v 2.867244 1.122713 -0.634804
v 2.867244 1.116980 -0.635559
v 2.867244 1.111637 -0.637771
v 2.867244 1.107050 -0.641292
v 2.867244 1.103530 -0.645879
v 2.867244 1.101317 -0.651221
v 2.867244 1.100562 -0.656954
v 2.867244 1.101317 -0.662687
v 2.867244 1.103530 -0.668029
v 2.867244 1.107050 -0.672616
v 2.867244 1.111637 -0.676137
v 2.867244 1.116980 -0.678349
v 2.867244 1.122713 -0.679104
v 2.867244 1.128446 -0.678349
v 2.867244 1.133788 -0.676137
v 2.867244 1.138375 -0.672616
v 2.867244 1.141895 -0.668029
v 2.867244 1.144108 -0.662687
v 2.870310 1.165503 -0.656954
v 2.870310 1.164045 -0.645879
v 2.870310 1.159770 -0.635559
v 2.870310 1.152970 -0.626696
v 2.870310 1.144108 -0.619896
v 2.870310 1.133788 -0.615621
v 2.870310 1.122713 -0.614163
v 2.870310 1.111637 -0.615621
v 2.870310 1.101317 -0.619896
v 2.870310 1.092455 -0.626696
v 2.870310 1.085655 -0.635559
v 2.870310 1.081380 -0.645879
v 2.870310 1.079922 -0.656954
v 2.870310 1.081380 -0.668029
v 2.870310 1.085655 -0.678349
v 2.870310 1.092455 -0.687212
v 2.870310 1.101317 -0.694012
v 2.870310 1.111637 -0.698287
v 2.870310 1.122713 -0.699745
v 2.870310 1.133788 -0.698287
v 2.870310 1.144108 -0.694012
v 2.870310 1.152970 -0.687212
v 2.870310 1.159770 -0.678349
v 2.870310 1.164045 -0.668029
v 2.875187 1.183228 -0.656954
v 2.875187 1.181166 -0.641292
v 2.875187 1.175120 -0.626696
v 2.875187 1.165503 -0.614163
v 2.875187 1.152970 -0.604546
v 2.875187 1.138375 -0.598501
v 2.875187 1.122713 -0.596439
v 2.875187 1.107050 -0.598501
v 2.875187 1.092455 -0.604546
v 2.875187 1.079922 -0.614163
v 2.875187 1.070305 -0.626696
v 2.875187 1.064259 -0.641292
v 2.875187 1.062197 -0.656954
v 2.875187 1.064259 -0.672616
v 2.875187 1.070305 -0.687212
v 2.875187 1.079922 -0.699745
v 2.875187 1.092455 -0.709362
v 2.875187 1.107050 -0.715407
v 2.875187 1.122713 -0.717469
v 2.875187 1.138375 -0.715407
v 2.875187 1.152970 -0.709362
v 2.875187 1.165503 -0.699745
v 2.875187 1.175120 -0.687212
v 2.875187 1.181166 -0.672616
v 2.881542 1.196828 -0.656954
v 2.881542 1.194303 -0.637771
v 2.881542 1.186899 -0.619896
v 2.881542 1.175120 -0.604546
v 2.881542 1.159770 -0.592768
v 2.881542 1.141895 -0.585364
v 2.881542 1.122713 -0.582838
v 2.881542 1.103530 -0.585364
v 2.881542 1.085655 -0.592768
v 2.881542 1.070305 -0.604546
v 2.881542 1.058526 -0.619896
v 2.881542 1.051122 -0.637771
v 2.881542 1.048597 -0.656954
v 2.881542 1.051122 -0.676137
v 2.881542 1.058526 -0.694012
v 2.881542 1.070305 -0.709362
v 2.881542 1.085655 -0.721140
v 2.881542 1.103530 -0.728544
v 2.881542 1.122713 -0.731070
v 2.881542 1.141895 -0.728544
v 2.881542 1.159770 -0.721140
v 2.881542 1.175120 -0.709362
v 2.881542 1.186899 -0.694012
v 2.881542 1.194303 -0.676137
v 2.888943 1.205378 -0.656954
v 2.888943 1.202561 -0.635559
v 2.888943 1.194303 -0.615622
v 2.888943 1.181166 -0.598501
v 2.888943 1.164045 -0.585364
v 2.888943 1.144108 -0.577106
v 2.888943 1.122713 -0.574289
v 2.888943 1.101317 -0.577106
v 2.888943 1.081380 -0.585364
v 2.888943 1.064259 -0.598501
v 2.888943 1.051122 -0.615621
v 2.888943 1.042864 -0.635559
v 2.888943 1.040047 -0.656954
v 2.888943 1.042864 -0.678349
v 2.888943 1.051122 -0.698287
v 2.888943 1.064259 -0.715407
v 2.888943 1.081380 -0.728544
v 2.888943 1.101317 -0.736803
v 2.888943 1.122713 -0.739619
v 2.888943 1.144108 -0.736803
v 2.888943 1.164045 -0.728544
v 2.888943 1.181166 -0.715407
v 2.888943 1.194303 -0.698287
v 2.888943 1.202561 -0.678349
v 2.896885 1.208294 -0.656954
v 2.896885 1.205378 -0.634804
v 2.896885 1.196828 -0.614164
v 2.896885 1.183228 -0.596439
v 2.896885 1.165503 -0.582838
v 2.896885 1.144863 -0.574289
v 2.896885 1.122713 -0.571373
v 2.896885 1.100562 -0.574289
v 2.896885 1.079922 -0.582838
v 2.896885 1.062197 -0.596439
v 2.896885 1.048597 -0.614163
v 2.896885 1.040047 -0.634804
v 2.896885 1.037131 -0.656954
v 2.896885 1.040047 -0.679104
v 2.896885 1.048597 -0.699745
v 2.896885 1.062197 -0.717469
v 2.896885 1.079922 -0.731070
v 2.896885 1.100562 -0.739619
v 2.896885 1.122713 -0.742536
v 2.896885 1.144863 -0.739619
v 2.896885 1.165503 -0.731070
v 2.896885 1.183228 -0.717469
v 2.896885 1.196828 -0.699745
v 2.896885 1.205378 -0.679104
v 2.904828 1.205378 -0.656954
v 2.904828 1.202561 -0.635559
v 2.904828 1.194303 -0.615622
v 2.904828 1.181166 -0.598501
v 2.904828 1.164045 -0.585364
v 2.904828 1.144108 -0.577106
v 2.904828 1.122713 -0.574289
v 2.904828 1.101317 -0.577106
v 2.904828 1.081380 -0.585364
v 2.904828 1.064259 -0.598501
v 2.904828 1.051122 -0.615621
v 2.904828 1.042864 -0.635559
v 2.904828 1.040047 -0.656954
v 2.904828 1.042864 -0.678349
v 2.904828 1.051122 -0.698287
v 2.904828 1.064259 -0.715407
v 2.904828 1.081380 -0.728544
v 2.904828 1.101317 -0.736803
v 2.904828 1.122713 -0.739619
v 2.904828 1.144108 -0.736803
v 2.904828 1.164045 -0.728544
v 2.904828 1.181166 -0.715407
v 2.904828 1.194303 -0.698287
v 2.904828 1.202561 -0.678349
v 2.912230 1.196828 -0.656954
v 2.912230 1.194303 -0.637771
v 2.912230 1.186899 -0.619896
v 2.912230 1.175120 -0.604546
v 2.912230 1.159770 -0.592768
v 2.912230 1.141895 -0.585364
v 2.912230 1.122713 -0.582838
v 2.912230 1.103530 -0.585364
v 2.912230 1.085655 -0.592768
v 2.912230 1.070305 -0.604546
v 2.912230 1.058526 -0.619896
v 2.912230 1.051122 -0.637771
v 2.912230 1.048597 -0.656954
v 2.912230 1.051122 -0.676137
v 2.912230 1.058526 -0.694012
v 2.912230 1.070305 -0.709362
v 2.912230 1.085655 -0.721140
v 2.912230 1.103530 -0.728544
v 2.912230 1.122713 -0.731070
v 2.912230 1.141895 -0.728544
v 2.912230 1.159770 -0.721140
v 2.912230 1.175120 -0.709362
v 2.912230 1.186899 -0.694012
v 2.912230 1.194303 -0.676137
v 2.918585 1.183228 -0.656954
v 2.918585 1.181166 -0.641292
v 2.918585 1.175120 -0.626696
v 2.918585 1.165503 -0.614163
v 2.918585 1.152970 -0.604546
v 2.918585 1.138375 -0.598501
v 2.918585 1.122713 -0.596439
v 2.918585 1.107050 -0.598501
v 2.918585 1.092455 -0.604546
v 2.918585 1.079922 -0.614163
v 2.918585 1.070305 -0.626696
v 2.918585 1.064259 -0.641292
v 2.918585 1.062197 -0.656954
v 2.918585 1.064259 -0.672616
v 2.918585 1.070305 -0.687212
v 2.918585 1.079922 -0.699745
v 2.918585 1.092455 -0.709362
v 2.918585 1.107050 -0.715407
v 2.918585 1.122713 -0.717469
v 2.918585 1.138375 -0.715407
v 2.918585 1.152970 -0.709362
v 2.918585 1.165503 -0.699745
v 2.918585 1.175120 -0.687212
v 2.918585 1.181166 -0.672616
v 2.923462 1.165503 -0.656954
v 2.923462 1.164045 -0.645879
v 2.923462 1.159770 -0.635559
v 2.923462 1.152970 -0.626696
v 2.923462 1.144108 -0.619896
v 2.923462 1.133788 -0.615621
v 2.923462 1.122713 -0.614163
v 2.923462 1.111637 -0.615621
v 2.923462 1.101317 -0.619896
v 2.923462 1.092455 -0.626696
v 2.923462 1.085655 -0.635559
v 2.923462 1.081380 -0.645879
v 2.923462 1.079922 -0.656954
v 2.923462 1.081380 -0.668029
v 2.923462 1.085655 -0.678349
v 2.923462 1.092455 -0.687212
v 2.923462 1.101317 -0.694012
v 2.923462 1.111637 -0.698287
v 2.923462 1.122713 -0.699745
v 2.923462 1.133788 -0.698287
v 2.923462 1.144108 -0.694012
v 2.923462 1.152970 -0.687212
v 2.923462 1.159770 -0.678349
v 2.923462 1.164045 -0.668029
v 2.926528 1.144863 -0.656954
v 2.926528 1.144108 -0.651221
v 2.926528 1.141895 -0.645879
v 2.926528 1.138375 -0.641292
v 2.926528 1.133788 -0.637771
v 2.926528 1.128446 -0.635559
v 2.926528 1.122713 -0.634804
v 2.926528 1.116980 -0.635559
v 2.926528 1.111637 -0.637771
v 2.926528 1.107050 -0.641292
v 2.926528 1.103530 -0.645879
v 2.926528 1.101317 -0.651221
v 2.926528 1.100562 -0.656954
v 2.926528 1.101317 -0.662687
v 2.926528 1.103530 -0.668029
v 2.926528 1.107050 -0.672616
v 2.926528 1.111637 -0.676137
v 2.926528 1.116980 -0.678349
v 2.926528 1.122713 -0.679104
v 2.926528 1.128446 -0.678349
v 2.926528 1.133788 -0.676137
v 2.926528 1.138375 -0.672616
v 2.926528 1.141895 -0.668029
v 2.926528 1.144108 -0.662687
v 2.866198 1.122712 -0.870913
v 2.927573 1.122712 -0.870913
v 2.867244 1.144863 -0.870913
v 2.867244 1.144108 -0.865180
v 2.867244 1.141895 -0.859838
v 2.867244 1.138375 -0.855251
v 2.867244 1.133788 -0.851731
v 2.867244 1.128445 -0.849518
v 2.867244 1.122712 -0.848763
v 2.867244 1.116980 -0.849518
v 2.867244 1.111637 -0.851731
v 2.867244 1.107050 -0.855251
v 2.867244 1.103530 -0.859838
v 2.867244 1.101317 -0.865180
v 2.867244 1.100562 -0.870913
v 2.867244 1.101317 -0.876646
v 2.867244 1.103530 -0.881988
v 2.867244 1.107050 -0.886576
v 2.867244 1.111637 -0.890096
v 2.867244 1.116980 -0.892309
v 2.867244 1.122712 -0.893063
v 2.867244 1.128445 -0.892309
v 2.867244 1.133788 -0.890096
v 2.867244 1.138375 -0.886576
v 2.867244 1.141895 -0.881988
v 2.867244 1.144108 -0.876646
v 2.870310 1.165503 -0.870913
v 2.870310 1.164045 -0.859838
v 2.870310 1.159770 -0.849518
v 2.870310 1.152970 -0.840656
v 2.870310 1.144108 -0.833856
v 2.870310 1.133788 -0.829581
v 2.870310 1.122712 -0.828123
v 2.870310 1.111637 -0.829581
v 2.870310 1.101317 -0.833856
v 2.870310 1.092455 -0.840656
v 2.870310 1.085654 -0.849518
v 2.870310 1.081380 -0.859838
v 2.870310 1.079922 -0.870913
v 2.870310 1.081380 -0.881988
v 2.870310 1.085654 -0.892309
v 2.870310 1.092455 -0.901171
v 2.870310 1.101317 -0.907971
v 2.870310 1.111637 -0.912246
v 2.870310 1.122712 -0.913704
v 2.870310 1.133788 -0.912246
v 2.870310 1.144108 -0.907971
v 2.870310 1.152970 -0.901171
v 2.870310 1.159770 -0.892309
v 2.870310 1.164045 -0.881988
v 2.875187 1.183228 -0.870913
v 2.875187 1.181166 -0.855251
v 2.875187 1.175120 -0.840656
v 2.875187 1.165503 -0.828123
v 2.875187 1.152970 -0.818506
v 2.875187 1.138375 -0.812460
v 2.875187 1.122712 -0.810398
v 2.875187 1.107050 -0.812460
v 2.875187 1.092455 -0.818506
v 2.875187 1.079922 -0.828123
v 2.875187 1.070305 -0.840656
v 2.875187 1.064259 -0.855251
v 2.875187 1.062197 -0.870913
v 2.875187 1.064259 -0.886576
v 2.875187 1.070305 -0.901171
v 2.875187 1.079922 -0.913704
v 2.875187 1.092455 -0.923321
v 2.875187 1.107050 -0.929367
v 2.875187 1.122712 -0.931429
v 2.875187 1.138375 -0.929367
v 2.875187 1.152970 -0.923321
v 2.875187 1.165503 -0.913704
v 2.875187 1.175120 -0.901171
v 2.875187 1.181166 -0.886576
v 2.881542 1.196828 -0.870913
v 2.881542 1.194303 -0.851731
v 2.881542 1.186899 -0.833856
v 2.881542 1.175120 -0.818506
v 2.881542 1.159770 -0.806727
v 2.881542 1.141895 -0.799323
v 2.881542 1.122712 -0.796798
v 2.881542 1.103530 -0.799323
v 2.881542 1.085654 -0.806727
v 2.881542 1.070305 -0.818506
v 2.881542 1.058526 -0.833856
v 2.881542 1.051122 -0.851731
v 2.881542 1.048597 -0.870913
v 2.881542 1.051122 -0.890096
v 2.881542 1.058526 -0.907971
v 2.881542 1.070305 -0.923321
v 2.881542 1.085654 -0.935099
v 2.881542 1.103530 -0.942504
v 2.881542 1.122712 -0.945029
v 2.881542 1.141895 -0.942504
v 2.881542 1.159770 -0.935099
v 2.881542 1.175120 -0.923321
v 2.881542 1.186899 -0.907971
v 2.881542 1.194303 -0.890096
v 2.888943 1.205378 -0.870913
v 2.888943 1.202561 -0.849518
v 2.888943 1.194303 -0.829581
v 2.888943 1.181166 -0.812460
v 2.888943 1.164045 -0.799323
v 2.888943 1.144108 -0.791065
v 2.888943 1.122713 -0.788248
v 2.888943 1.101317 -0.791065
v 2.888943 1.081380 -0.799323
v 2.888943 1.064259 -0.812460
v 2.888943 1.051122 -0.829581
v 2.888943 1.042864 -0.849518
v 2.888943 1.040047 -0.870913
v 2.888943 1.042864 -0.892309
v 2.888943 1.051122 -0.912246
v 2.888943 1.064259 -0.929367
v 2.888943 1.081380 -0.942504
v 2.888943 1.101317 -0.950762
v 2.888943 1.122712 -0.953579
v 2.888943 1.144108 -0.950762
v 2.888943 1.164045 -0.942504
v 2.888943 1.181166 -0.929367
v 2.888943 1.194303 -0.912246
v 2.888943 1.202561 -0.892309
v 2.896885 1.208294 -0.870913
v 2.896885 1.205378 -0.848763
v 2.896885 1.196828 -0.828123
v 2.896885 1.183228 -0.810398
v 2.896885 1.165503 -0.796798
v 2.896885 1.144863 -0.788248
v 2.896885 1.122713 -0.785332
v 2.896885 1.100562 -0.788248
v 2.896885 1.079922 -0.796798
v 2.896885 1.062197 -0.810398
v 2.896885 1.048597 -0.828123
v 2.896885 1.040047 -0.848763
v 2.896885 1.037131 -0.870913
v 2.896885 1.040047 -0.893063
v 2.896885 1.048597 -0.913704
v 2.896885 1.062197 -0.931429
v 2.896885 1.079922 -0.945029
v 2.896885 1.100562 -0.953579
v 2.896885 1.122712 -0.956495
v 2.896885 1.144863 -0.953579
v 2.896885 1.165503 -0.945029
v 2.896885 1.183228 -0.931429
v 2.896885 1.196828 -0.913704
v 2.896885 1.205378 -0.893063
v 2.904828 1.205378 -0.870913
v 2.904828 1.202561 -0.849518
v 2.904828 1.194303 -0.829581
v 2.904828 1.181166 -0.812460
v 2.904828 1.164045 -0.799323
v 2.904828 1.144108 -0.791065
v 2.904828 1.122713 -0.788248
v 2.904828 1.101317 -0.791065
v 2.904828 1.081380 -0.799323
v 2.904828 1.064259 -0.812460
v 2.904828 1.051122 -0.829581
v 2.904828 1.042864 -0.849518
v 2.904828 1.040047 -0.870913
v 2.904828 1.042864 -0.892309
v 2.904828 1.051122 -0.912246
v 2.904828 1.064259 -0.929367
v 2.904828 1.081380 -0.942504
v 2.904828 1.101317 -0.950762
v 2.904828 1.122712 -0.953579
v 2.904828 1.144108 -0.950762
v 2.904828 1.164045 -0.942504
v 2.904828 1.181166 -0.929367
v 2.904828 1.194303 -0.912246
v 2.904828 1.202561 -0.892309
v 2.912230 1.196828 -0.870913
v 2.912230 1.194303 -0.851731
v 2.912230 1.186899 -0.833856
v 2.912230 1.175120 -0.818506
v 2.912230 1.159770 -0.806727
v 2.912230 1.141895 -0.799323
v 2.912230 1.122712 -0.796798
v 2.912230 1.103530 -0.799323
v 2.912230 1.085654 -0.806727
v 2.912230 1.070305 -0.818506
v 2.912230 1.058526 -0.833856
v 2.912230 1.051122 -0.851731
v 2.912230 1.048597 -0.870913
v 2.912230 1.051122 -0.890096
v 2.912230 1.058526 -0.907971
v 2.912230 1.070305 -0.923321
v 2.912230 1.085654 -0.935099
v 2.912230 1.103530 -0.942504
v 2.912230 1.122712 -0.945029
v 2.912230 1.141895 -0.942504
v 2.912230 1.159770 -0.935099
v 2.912230 1.175120 -0.923321
v 2.912230 1.186899 -0.907971
v 2.912230 1.194303 -0.890096
v 2.918585 1.183228 -0.870913
v 2.918585 1.181166 -0.855251
v 2.918585 1.175120 -0.840656
v 2.918585 1.165503 -0.828123
v 2.918585 1.152970 -0.818506
v 2.918585 1.138375 -0.812460
v 2.918585 1.122712 -0.810398
v 2.918585 1.107050 -0.812460
v 2.918585 1.092455 -0.818506
v 2.918585 1.079922 -0.828123
v 2.918585 1.070305 -0.840656
v 2.918585 1.064259 -0.855251
v 2.918585 1.062197 -0.870913
v 2.918585 1.064259 -0.886576
v 2.918585 1.070305 -0.901171
v 2.918585 1.079922 -0.913704
v 2.918585 1.092455 -0.923321
v 2.918585 1.107050 -0.929367
v 2.918585 1.122712 -0.931429
v 2.918585 1.138375 -0.929367
v 2.918585 1.152970 -0.923321
v 2.918585 1.165503 -0.913704
v 2.918585 1.175120 -0.901171
v 2.918585 1.181166 -0.886576
v 2.923462 1.165503 -0.870913
v 2.923462 1.164045 -0.859838
v 2.923462 1.159770 -0.849518
v 2.923462 1.152970 -0.840656
v 2.923462 1.144108 -0.833856
v 2.923462 1.133788 -0.829581
v 2.923462 1.122712 -0.828123
v 2.923462 1.111637 -0.829581
v 2.923462 1.101317 -0.833856
v 2.923462 1.092455 -0.840656
v 2.923462 1.085654 -0.849518
v 2.923462 1.081380 -0.859838
v 2.923462 1.079922 -0.870913
v 2.923462 1.081380 -0.881988
v 2.923462 1.085654 -0.892309
v 2.923462 1.092455 -0.901171
v 2.923462 1.101317 -0.907971
v 2.923462 1.111637 -0.912246
v 2.923462 1.122712 -0.913704
v 2.923462 1.133788 -0.912246
v 2.923462 1.144108 -0.907971
v 2.923462 1.152970 -0.901171
v 2.923462 1.159770 -0.892309
v 2.923462 1.164045 -0.881988
v 2.926528 1.144863 -0.870913
v 2.926528 1.144108 -0.865180
v 2.926528 1.141895 -0.859838
v 2.926528 1.138375 -0.855251
v 2.926528 1.133788 -0.851731
v 2.926528 1.128445 -0.849518
v 2.926528 1.122712 -0.848763
v 2.926528 1.116980 -0.849518
v 2.926528 1.111637 -0.851731
v 2.926528 1.107050 -0.855251
v 2.926528 1.103530 -0.859838
v 2.926528 1.101317 -0.865180
v 2.926528 1.100562 -0.870913
v 2.926528 1.101317 -0.876646
v 2.926528 1.103530 -0.881988
v 2.926528 1.107050 -0.886576
v 2.926528 1.111637 -0.890096
v 2.926528 1.116980 -0.892309
v 2.926528 1.122712 -0.893063
v 2.926528 1.128445 -0.892309
v 2.926528 1.133788 -0.890096
v 2.926528 1.138375 -0.886576
v 2.926528 1.141895 -0.881988
v 2.926528 1.144108 -0.876646
v 1.396048 0.902475 -1.205482
v 1.227509 0.677439 -1.197071
v 2.145420 0.937812 -1.205482
v 1.267995 0.754285 -1.197474
v 1.219425 0.560621 -0.819538
v 2.400903 0.572320 -1.205481
v 2.337866 0.734398 -1.205481
v 2.198179 0.900870 -1.205482
v 1.393756 0.900870 -1.205386
v 2.275306 0.823744 -1.205482
v 1.207973 0.635545 -1.197071
v 2.009980 1.009527 -1.205482
v 1.795968 1.047263 -1.205482
v 1.687311 1.037757 -1.205482
v 1.881704 0.570031 -0.819538
v 1.795968 0.568786 -0.819538
v 1.822000 0.569164 -0.819538
v 1.742654 0.568011 -0.819538
v 1.673896 0.567013 -0.819538
v 1.547176 0.565172 -0.819538
v 1.406916 0.563135 -0.819538
v 2.057154 0.572328 -0.819538
v 2.400903 0.572320 -0.819538
v 1.974549 0.571379 -0.819538
v 2.210255 0.572320 -0.819538
v 2.383963 0.635545 -0.819538
v 2.337866 0.734398 -0.819538
v 2.275306 0.823744 -0.819538
v 2.198179 0.900870 -0.819538
v 2.108834 0.963431 -0.819538
v 2.009980 1.009527 -0.819538
v 1.904625 1.037757 -0.819538
v 1.795968 1.047263 -0.819538
v 1.687311 1.037757 -0.819538
v 1.581956 1.009527 -0.819538
v 1.483102 0.963431 -0.819538
v 1.393756 0.900870 -0.819538
v 1.316630 0.823744 -0.819538
v 1.254070 0.734398 -0.819538
v 1.207973 0.635545 -0.819538
v 2.383963 0.635545 -1.205481
v 1.254070 0.734398 -1.197335
v 1.316630 0.823744 -1.201115
v 1.770070 0.568409 -0.819538
v 1.483102 0.963431 -1.205482
v 1.187901 0.560636 -0.819538
v 1.904625 1.037757 -1.205482
v 2.108834 0.963431 -1.205482
v 1.581956 1.009527 -1.205482
v 1.921053 0.570602 -0.819538
v 1.849849 0.569568 -0.819538
v 1.711658 0.567561 -0.819538
v 1.623464 0.566280 -0.819538
v 2.323394 0.755066 -1.205481
v 1.446516 0.937812 -1.205482
v 2.071935 0.980637 -1.205482
v 1.191156 0.572779 -1.197071
v 1.233777 0.560621 -0.819538
v 2.040518 0.572337 -0.819538
v 2.071935 0.572320 -0.819538
v 1.188167 0.561627 -0.850780
v -2.012460 0.937812 -1.205482
v -2.187029 0.765680 -1.205481
v -1.067554 0.572686 -1.203365
v -1.329358 0.937812 -1.205482
v -2.117640 0.850818 -1.205482
v -1.279725 0.903059 -1.205482
v -2.221689 0.709820 -1.205481
v -1.191571 0.818212 -1.204602
v -1.884921 1.003994 -1.205482
v -2.150246 0.818212 -1.205482
v -1.779566 1.032224 -1.205482
v -1.983774 0.957898 -1.205482
v -2.073121 0.895337 -1.205482
v -1.082914 0.630012 -0.840250
v -1.129010 0.728865 -0.840250
v -1.191571 0.818212 -0.840250
v -1.268697 0.895337 -0.840250
v -1.358043 0.957898 -0.840250
v -1.456896 1.003994 -0.840250
v -1.562252 1.032224 -0.840250
v -1.670908 1.041730 -0.840250
v -1.779566 1.032224 -0.840250
v -1.884921 1.003994 -0.840250
v -1.983774 0.957898 -0.840250
v -2.073121 0.895337 -0.840250
v -2.150246 0.818212 -0.840250
v -2.212807 0.728865 -0.840250
v -1.268697 0.895337 -1.205372
v -1.082914 0.630012 -1.203518
v -1.129010 0.728865 -1.203978
v -1.562252 1.032224 -1.205482
v -2.212807 0.728865 -1.205481
v -1.358043 0.957898 -1.205482
v -1.456896 1.003994 -1.205482
v -2.221689 0.709820 -0.840250
v -1.670908 1.041730 -1.205482
v -1.709467 0.634677 -0.840250
v -1.454406 0.597667 -0.840250
v -2.164729 0.701107 -0.840250
v -1.597244 0.618393 -0.840250
v -1.557395 0.612611 -0.840250
v -1.375966 0.586285 -0.840250
v -1.805180 0.648565 -0.840250
v -1.511518 0.605954 -0.840250
v -1.977945 0.673634 -0.840250
v -1.634274 0.623766 -0.840250
v -1.670908 0.629082 -0.840250
v -1.241026 0.572464 -0.840250
v -1.752789 0.640963 -0.840250
v -1.874494 0.658623 -0.840250
v -1.067667 0.573111 -0.840250
v -1.279725 0.572320 -0.840250
v -1.147266 0.754937 -1.204160
v -1.067667 0.573111 -1.103333
v -2.117640 0.693904 -0.840250
v 1.806209 0.470587 -1.263083
v 1.915118 0.470587 -1.263083
v 1.915118 0.470587 -0.925906
v 1.806209 0.470587 -0.925906
v 1.913464 0.489498 -1.263083
v 1.913464 0.489498 -0.925906
v 1.908550 0.507836 -1.263083
v 1.908550 0.507836 -0.925906
v 1.900527 0.525041 -1.263083
v 1.900527 0.525041 -0.925906
v 1.889637 0.540591 -1.263083
v 1.889637 0.540592 -0.925906
v 1.876214 0.554015 -1.263083
v 1.876214 0.554015 -0.925906
v 1.860664 0.564904 -1.263083
v 1.860664 0.564904 -0.925906
v 1.843458 0.572927 -1.263083
v 1.843458 0.572927 -0.925906
v 1.825121 0.577840 -1.263083
v 1.825121 0.577840 -0.925906
v 1.806209 0.579495 -1.263083
v 1.806209 0.579495 -0.925906
v 1.787297 0.577840 -1.263083
v 1.787297 0.577840 -0.925906
v 1.768961 0.572927 -1.263083
v 1.768961 0.572927 -0.925906
v 1.751755 0.564904 -1.263083
v 1.751755 0.564904 -0.925906
v 1.736205 0.554015 -1.263083
v 1.736205 0.554015 -0.925906
v 1.722781 0.540591 -1.263083
v 1.722781 0.540592 -0.925906
v 1.711893 0.525041 -1.263083
v 1.711893 0.525041 -0.925906
v 1.703869 0.507836 -1.263083
v 1.703869 0.507836 -0.925906
v 1.698956 0.489498 -1.263083
v 1.698956 0.489498 -0.925906
v 1.697302 0.470587 -1.263083
v 1.697302 0.470587 -0.925906
v 1.698956 0.451675 -1.263083
v 1.698956 0.451675 -0.925906
v 1.703869 0.433338 -1.263083
v 1.703869 0.433338 -0.925906
v 1.711893 0.416133 -1.263083
v 1.711893 0.416133 -0.925906
v 1.722781 0.400582 -1.263083
v 1.722781 0.400582 -0.925906
v 1.736205 0.387158 -1.263083
v 1.736205 0.387158 -0.925906
v 1.751755 0.376270 -1.263083
v 1.751755 0.376270 -0.925906
v 1.768961 0.368247 -1.263083
v 1.768961 0.368247 -0.925906
v 1.787297 0.363333 -1.263083
v 1.787297 0.363333 -0.925906
v 1.806209 0.361679 -1.263083
v 1.806209 0.361679 -0.925906
v 1.825121 0.363333 -1.263083
v 1.825121 0.363333 -0.925906
v 1.843458 0.368247 -1.263083
v 1.843458 0.368247 -0.925906
v 1.860664 0.376270 -1.263083
v 1.860664 0.376270 -0.925906
v 1.876214 0.387158 -1.263083
v 1.876214 0.387158 -0.925906
v 1.889637 0.400582 -1.263083
v 1.889637 0.400582 -0.925906
v 1.900527 0.416133 -1.263083
v 1.900527 0.416133 -0.925906
v 1.908550 0.433338 -1.263083
v 1.908550 0.433338 -0.925906
v 1.913464 0.451675 -1.263083
v 1.913464 0.451675 -0.925906
v -1.693619 0.470587 -1.263083
v -1.584711 0.470587 -1.263083
v -1.584711 0.470587 -0.925906
v -1.693619 0.470587 -0.925906
v -1.586365 0.489498 -1.263083
v -1.586365 0.489498 -0.925906
v -1.591278 0.507836 -1.263083
v -1.591278 0.507836 -0.925906
v -1.599301 0.525041 -1.263083
v -1.599301 0.525041 -0.925906
v -1.610190 0.540591 -1.263083
v -1.610190 0.540592 -0.925906
v -1.623614 0.554015 -1.263083
v -1.623614 0.554015 -0.925906
v -1.639164 0.564904 -1.263083
v -1.639164 0.564904 -0.925906
v -1.656370 0.572927 -1.263083
v -1.656370 0.572927 -0.925906
v -1.674707 0.577840 -1.263083
v -1.674707 0.577840 -0.925906
v -1.693619 0.579495 -1.263083
v -1.693619 0.579495 -0.925906
v -1.712530 0.577840 -1.263083
v -1.712530 0.577840 -0.925906
v -1.730867 0.572927 -1.263083
v -1.730867 0.572927 -0.925906
v -1.748072 0.564904 -1.263083
v -1.748072 0.564904 -0.925906
v -1.763623 0.554015 -1.263083
v -1.763623 0.554015 -0.925906
v -1.777047 0.540591 -1.263083
v -1.777047 0.540592 -0.925906
v -1.787936 0.525041 -1.263083
v -1.787936 0.525041 -0.925906
v -1.795959 0.507836 -1.263083
v -1.795959 0.507836 -0.925906
v -1.800872 0.489498 -1.263083
v -1.800872 0.489498 -0.925906
v -1.802527 0.470587 -1.263083
v -1.802527 0.470587 -0.925906
v -1.800872 0.451675 -1.263083
v -1.800872 0.451675 -0.925906
v -1.795959 0.433338 -1.263083
v -1.795959 0.433338 -0.925906
v -1.787936 0.416133 -1.263083
v -1.787936 0.416133 -0.925906
v -1.777047 0.400582 -1.263083
v -1.777047 0.400582 -0.925906
v -1.763623 0.387158 -1.263083
v -1.763623 0.387158 -0.925906
v -1.748072 0.376270 -1.263083
v -1.748072 0.376270 -0.925906
v -1.730867 0.368247 -1.263083
v -1.730867 0.368247 -0.925906
v -1.712530 0.363333 -1.263083
v -1.712530 0.363333 -0.925906
v -1.693619 0.361679 -1.263083
v -1.693619 0.361679 -0.925906
v -1.674707 0.363333 -1.263083
v -1.674707 0.363333 -0.925906
v -1.656370 0.368247 -1.263083
v -1.656370 0.368247 -0.925906
v -1.639164 0.376270 -1.263083
v -1.639164 0.376270 -0.925906
v -1.623614 0.387158 -1.263083
v -1.623614 0.387158 -0.925906
v -1.610190 0.400582 -1.263083
v -1.610190 0.400582 -0.925906
v -1.599301 0.416133 -1.263083
v -1.599301 0.416133 -0.925906
v -1.591278 0.433338 -1.263083
v -1.591278 0.433338 -0.925906
v -1.586365 0.451675 -1.263083
v -1.586365 0.451675 -0.925906
v -1.693619 0.470587 0.943129
v -1.584711 0.470587 0.943129
v -1.584711 0.470587 1.280306
v -1.693619 0.470587 1.280306
v -1.586365 0.489499 0.943129
v -1.586365 0.489499 1.280306
v -1.591278 0.507836 0.943129
v -1.591278 0.507836 1.280306
v -1.599301 0.525041 0.943129
v -1.599301 0.525041 1.280306
v -1.610190 0.540592 0.943129
v -1.610190 0.540592 1.280306
v -1.623614 0.554015 0.943129
v -1.623614 0.554015 1.280306
v -1.639164 0.564904 0.943129
v -1.639164 0.564904 1.280306
v -1.656370 0.572927 0.943129
v -1.656370 0.572927 1.280306
v -1.674707 0.577840 0.943129
v -1.674707 0.577840 1.280306
v -1.693619 0.579495 0.943129
v -1.693619 0.579495 1.280306
v -1.712530 0.577840 0.943129
v -1.712530 0.577840 1.280306
v -1.730867 0.572927 0.943129
v -1.730867 0.572927 1.280306
v -1.748072 0.564904 0.943129
v -1.748072 0.564904 1.280306
v -1.763623 0.554015 0.943129
v -1.763623 0.554015 1.280306
v -1.777047 0.540592 0.943129
v -1.777047 0.540592 1.280306
v -1.787936 0.525041 0.943129
v -1.787936 0.525041 1.280306
v -1.795959 0.507836 0.943129
v -1.795959 0.507836 1.280306
v -1.800872 0.489499 0.943129
v -1.800872 0.489499 1.280306
v -1.802527 0.470587 0.943129
v -1.802527 0.470587 1.280306
v -1.800872 0.451675 0.943129
v -1.800872 0.451675 1.280306
v -1.795959 0.433338 0.943129
v -1.795959 0.433338 1.280306
v -1.787936 0.416133 0.943129
v -1.787936 0.416133 1.280306
v -1.777047 0.400582 0.943129
v -1.777047 0.400582 1.280306
v -1.763623 0.387159 0.943129
v -1.763623 0.387159 1.280306
v -1.748072 0.376270 0.943129
v -1.748072 0.376270 1.280306
v -1.730867 0.368247 0.943129
v -1.730867 0.368247 1.280306
v -1.712530 0.363333 0.943129
v -1.712530 0.363333 1.280306
v -1.693619 0.361679 0.943129
v -1.693619 0.361679 1.280306
v -1.674707 0.363333 0.943129
v -1.674707 0.363333 1.280306
v -1.656370 0.368247 0.943129
v -1.656370 0.368247 1.280306
v -1.639164 0.376270 0.943129
v -1.639164 0.376270 1.280306
v -1.623614 0.387159 0.943129
v -1.623614 0.387159 1.280306
v -1.610190 0.400582 0.943129
v -1.610190 0.400582 1.280306
v -1.599301 0.416133 0.943129
v -1.599301 0.416133 1.280306
v -1.591278 0.433338 0.943129
v -1.591278 0.433338 1.280306
v -1.586365 0.451675 0.943129
v -1.586365 0.451675 1.280306
v 1.806209 0.470587 0.943129
v 1.915118 0.470587 0.943129
v 1.915118 0.470587 1.280306
v 1.806209 0.470587 1.280306
v 1.913464 0.489499 0.943129
v 1.913464 0.489499 1.280306
v 1.908550 0.507836 0.943129
v 1.908550 0.507836 1.280306
v 1.900527 0.525041 0.943129
v 1.900527 0.525041 1.280306
v 1.889637 0.540592 0.943129
v 1.889637 0.540592 1.280306
v 1.876214 0.554015 0.943129
v 1.876214 0.554015 1.280306
v 1.860664 0.564904 0.943129
v 1.860664 0.564904 1.280306
v 1.843458 0.572927 0.943129
v 1.843458 0.572927 1.280306
v 1.825121 0.577840 0.943129
v 1.825121 0.577840 1.280306
v 1.806209 0.579495 0.943129
v 1.806209 0.579495 1.280306
v 1.787297 0.577840 0.943129
v 1.787297 0.577840 1.280306
v 1.768961 0.572927 0.943129
v 1.768961 0.572927 1.280306
v 1.751755 0.564904 0.943129
v 1.751755 0.564904 1.280306
v 1.736205 0.554015 0.943129
v 1.736205 0.554015 1.280306
v 1.722781 0.540592 0.943129
v 1.722781 0.540592 1.280306
v 1.711893 0.525041 0.943129
v 1.711893 0.525041 1.280306
v 1.703869 0.507836 0.943129
v 1.703869 0.507836 1.280306
v 1.698956 0.489499 0.943129
v 1.698956 0.489499 1.280306
v 1.697302 0.470587 0.943129
v 1.697302 0.470587 1.280306
v 1.698956 0.451675 0.943129
v 1.698956 0.451675 1.280306
v 1.703869 0.433338 0.943129
v 1.703869 0.433338 1.280306
v 1.711893 0.416133 0.943129
v 1.711893 0.416133 1.280306
v 1.722781 0.400582 0.943129
v 1.722781 0.400582 1.280306
v 1.736205 0.387159 0.943129
v 1.736205 0.387159 1.280306
v 1.751755 0.376270 0.943129
v 1.751755 0.376270 1.280306
v 1.768961 0.368247 0.943129
v 1.768961 0.368247 1.280306
v 1.787297 0.363333 0.943129
v 1.787297 0.363333 1.280306
v 1.806209 0.361679 0.943129
v 1.806209 0.361679 1.280306
v 1.825121 0.363333 0.943129
v 1.825121 0.363333 1.280306
v 1.843458 0.368247 0.943129
v 1.843458 0.368247 1.280306
v 1.860664 0.376270 0.943129
v 1.860664 0.376270 1.280306
v 1.876214 0.387159 0.943129
v 1.876214 0.387159 1.280306
v 1.889637 0.400582 0.943129
v 1.889637 0.400582 1.280306
v 1.900527 0.416133 0.943129
v 1.900527 0.416133 1.280306
v 1.908550 0.433338 0.943129
v 1.908550 0.433338 1.280306
v 1.913464 0.451675 0.943129
v 1.913464 0.451675 1.280306
v 1.268542 0.755067 1.197714
v 2.145420 0.937813 1.197714
v 2.400903 0.572320 1.197714
v 2.275306 0.823744 1.197714
v 1.795968 1.047263 1.197714
v 1.207973 0.635545 1.197156
v 1.393756 0.900870 1.197714
v 2.198179 0.900870 1.197714
v 2.337866 0.734398 1.197714
v 2.009980 1.009527 1.197714
v 1.687311 1.037757 1.197714
v 1.187871 0.560523 0.808706
v 2.056758 0.572100 0.808706
v 1.920651 0.570123 0.808706
v 1.821916 0.568689 0.808706
v 1.795968 0.568312 0.808706
v 1.770153 0.567937 0.808706
v 1.711930 0.567092 0.808706
v 1.674287 0.566545 0.808706
v 1.547975 0.564711 0.808706
v 2.210255 0.572320 0.808706
v 2.400903 0.572320 0.808706
v 1.973975 0.570898 0.808706
v 2.383963 0.635545 0.808706
v 2.337866 0.734398 0.808706
v 2.275306 0.823744 0.808706
v 2.198179 0.900870 0.808706
v 2.108834 0.963431 0.808706
v 2.009980 1.009527 0.808706
v 1.904625 1.037757 0.808706
v 1.795968 1.047263 0.808706
v 1.687311 1.037757 0.808706
v 1.581956 1.009527 0.808706
v 1.483102 0.963431 0.808706
v 1.393756 0.900870 0.808706
v 1.316630 0.823744 0.808706
v 1.254070 0.734398 0.808706
v 1.207973 0.635545 0.808706
v 1.483102 0.963431 1.197714
v 1.316630 0.823744 1.197714
v 1.254070 0.734398 1.197714
v 2.383963 0.635545 1.197714
v 1.904625 1.037757 1.197714
v 1.881428 0.569553 0.808706
v 1.849675 0.569092 0.808706
v 2.108834 0.963431 1.197714
v 1.742826 0.567541 0.808706
v 1.581956 1.009527 1.197714
v 1.408167 0.562680 0.808706
v 1.624018 0.565815 0.808706
v 1.234020 0.691402 1.197714
v 1.191046 0.572370 1.196793
v 2.323394 0.755067 1.197714
v 1.446516 0.937813 1.197714
v 1.190673 0.570977 1.152838
v 1.234020 0.560502 0.808706
v 2.071935 0.980637 1.197714
v 2.071935 0.572320 0.808706
v 1.258131 0.560502 0.808706
v 2.264941 0.589278 -1.263083
v 2.400146 0.635833 -1.263083
v 2.400146 0.635833 -0.925906
v 2.264941 0.589278 -0.925906
v 2.246214 0.635724 -1.263083
v 2.375901 0.695968 -1.263083
v 2.375901 0.695968 -0.925906
v 2.246214 0.635724 -0.925906
v 2.222801 0.679991 -1.263083
v 2.345586 0.753283 -1.263083
v 2.345586 0.753283 -0.925906
v 2.222801 0.679991 -0.925906
v 2.194948 0.721609 -1.263083
v 2.309525 0.807168 -1.263083
v 2.309525 0.807168 -0.925906
v 2.194948 0.721610 -0.925906
v 2.162955 0.760135 -1.263083
v 2.268101 0.857048 -1.263083
v 2.268101 0.857048 -0.925906
v 2.162955 0.760135 -0.925906
v 2.127159 0.795157 -1.263083
v 2.221756 0.902393 -1.263083
v 2.221756 0.902393 -0.925906
v 2.127159 0.795157 -0.925906
v 2.087945 0.826303 -1.263083
v 2.170984 0.942719 -1.263083
v 2.170984 0.942719 -0.925906
v 2.087945 0.826303 -0.925906
v 2.045729 0.853241 -1.263083
v 2.116325 0.977596 -1.263083
v 2.116325 0.977596 -0.925906
v 2.045729 0.853241 -0.925906
v 2.000962 0.875684 -1.263083
v 2.058362 1.006654 -1.263083
v 2.058362 1.006654 -0.925906
v 2.000962 0.875684 -0.925906
v 1.954119 0.893392 -1.263083
v 1.997713 1.029581 -1.263083
v 1.997713 1.029581 -0.925906
v 1.954119 0.893392 -0.925906
v 1.905700 0.906177 -1.263083
v 1.935023 1.046135 -1.263083
v 1.935023 1.046135 -0.925906
v 1.905700 0.906177 -0.925906
v 1.856221 0.913903 -1.263083
v 1.870961 1.056138 -1.263083
v 1.870961 1.056138 -0.925906
v 1.856221 0.913903 -0.925906
v 1.806209 0.916488 -1.263083
v 1.806209 1.059484 -1.263083
v 1.806209 1.059484 -0.925906
v 1.806209 0.916488 -0.925906
v 1.756198 0.913903 -1.263083
v 1.741457 1.056138 -1.263083
v 1.741457 1.056138 -0.925906
v 1.756198 0.913903 -0.925906
v 1.706719 0.906177 -1.263083
v 1.677396 1.046135 -1.263083
v 1.677396 1.046135 -0.925906
v 1.706719 0.906177 -0.925906
v 1.658301 0.893392 -1.263083
v 1.614706 1.029581 -1.263083
v 1.614706 1.029581 -0.925906
v 1.658301 0.893392 -0.925906
v 1.611458 0.875684 -1.263083
v 1.554056 1.006654 -1.263083
v 1.554056 1.006654 -0.925906
v 1.611458 0.875684 -0.925906
v 1.566689 0.853241 -1.263083
v 1.496093 0.977596 -1.263083
v 1.496093 0.977596 -0.925906
v 1.566689 0.853241 -0.925906
v 1.524473 0.826303 -1.263083
v 1.441435 0.942719 -1.263083
v 1.441435 0.942719 -0.925906
v 1.524473 0.826303 -0.925906
v 1.485259 0.795157 -1.263083
v 1.390663 0.902393 -1.263083
v 1.390663 0.902393 -0.925906
v 1.485259 0.795157 -0.925906
v 1.449465 0.760135 -1.263083
v 1.344317 0.857048 -1.263083
v 1.344317 0.857048 -0.925906
v 1.449465 0.760135 -0.925906
v 1.417470 0.721609 -1.263083
v 1.302894 0.807168 -1.263083
v 1.302894 0.807168 -0.925906
v 1.417470 0.721610 -0.925906
v 1.389618 0.679991 -1.263083
v 1.266832 0.753283 -1.263083
v 1.266832 0.753283 -0.925906
v 1.389618 0.679991 -0.925906
v 1.366204 0.635724 -1.263083
v 1.236517 0.695968 -1.263083
v 1.236517 0.695968 -0.925906
v 1.366204 0.635724 -0.925906
v 1.347478 0.589278 -1.263083
v 1.212272 0.635833 -1.263083
v 1.212272 0.635833 -0.925906
v 1.347478 0.589278 -0.925906
v 2.261045 0.572910 -1.263083
v 2.404042 0.572906 -1.263083
v 2.404042 0.572906 -0.925906
v 2.261045 0.572910 -0.925906
v 1.351372 0.573223 -1.263083
v 1.208380 0.574355 -1.263083
v 1.208380 0.574355 -0.925906
v 1.351372 0.573223 -0.925906
v -1.234887 0.606218 -1.263083
v -1.099682 0.652773 -1.263083
v -1.099682 0.652773 -0.925906
v -1.234887 0.606218 -0.925906
v -1.253613 0.652664 -1.263083
v -1.123927 0.712908 -1.263083
v -1.123927 0.712908 -0.925906
v -1.253613 0.652664 -0.925906
v -1.277027 0.696931 -1.263083
v -1.154242 0.770223 -1.263083
v -1.154242 0.770223 -0.925906
v -1.277027 0.696931 -0.925906
v -1.304880 0.738550 -1.263083
v -1.190303 0.824108 -1.263083
v -1.190303 0.824108 -0.925906
v -1.304880 0.738550 -0.925906
v -1.336874 0.777075 -1.263083
v -1.231727 0.873989 -1.263083
v -1.231727 0.873989 -0.925906
v -1.336874 0.777075 -0.925906
v -1.372669 0.812098 -1.263083
v -1.278072 0.919333 -1.263083
v -1.278072 0.919334 -0.925906
v -1.372669 0.812098 -0.925906
v -1.411883 0.843244 -1.263083
v -1.328844 0.959659 -1.263083
v -1.328844 0.959659 -0.925906
v -1.411883 0.843244 -0.925906
v -1.454099 0.870181 -1.263083
v -1.383503 0.994537 -1.263083
v -1.383503 0.994537 -0.925906
v -1.454099 0.870181 -0.925906
v -1.498867 0.892624 -1.263083
v -1.441466 1.023594 -1.263083
v -1.441466 1.023594 -0.925906
v -1.498867 0.892624 -0.925906
v -1.545710 0.910332 -1.263083
v -1.502115 1.046521 -1.263083
v -1.502115 1.046521 -0.925906
v -1.545710 0.910332 -0.925906
v -1.594128 0.923117 -1.263083
v -1.564805 1.063075 -1.263083
v -1.564805 1.063075 -0.925906
v -1.594128 0.923117 -0.925906
v -1.643607 0.930843 -1.263083
v -1.628867 1.073078 -1.263083
v -1.628867 1.073078 -0.925906
v -1.643607 0.930843 -0.925906
v -1.693619 0.933428 -1.263083
v -1.693619 1.076424 -1.263083
v -1.693619 1.076424 -0.925906
v -1.693619 0.933428 -0.925906
v -1.743630 0.930843 -1.263083
v -1.758371 1.073078 -1.263083
v -1.758371 1.073078 -0.925906
v -1.743630 0.930843 -0.925906
v -1.793109 0.923117 -1.263083
v -1.822433 1.063075 -1.263083
v -1.822433 1.063075 -0.925906
v -1.793109 0.923117 -0.925906
v -1.841527 0.910332 -1.263083
v -1.885122 1.046521 -1.263083
v -1.885122 1.046521 -0.925906
v -1.841527 0.910332 -0.925906
v -1.888370 0.892624 -1.263083
v -1.945772 1.023594 -1.263083
v -1.945772 1.023594 -0.925906
v -1.888370 0.892624 -0.925906
v -1.933139 0.870181 -1.263083
v -2.003734 0.994537 -1.263083
v -2.003734 0.994537 -0.925906
v -1.933139 0.870181 -0.925906
v -1.975355 0.843244 -1.263083
v -2.058393 0.959659 -1.263083
v -2.058393 0.959659 -0.925906
v -1.975355 0.843244 -0.925906
v -2.014569 0.812098 -1.263083
v -2.109165 0.919333 -1.263083
v -2.109165 0.919334 -0.925906
v -2.014569 0.812098 -0.925906
v -2.050364 0.777075 -1.263083
v -2.155510 0.873989 -1.263083
v -2.155510 0.873989 -0.925906
v -2.050364 0.777075 -0.925906
v -2.082357 0.738550 -1.263083
v -2.196934 0.824108 -1.263083
v -2.196934 0.824108 -0.925906
v -2.082357 0.738550 -0.925906
v -2.110210 0.696931 -1.263083
v -2.232996 0.770223 -1.263083
v -2.232996 0.770223 -0.925906
v -2.110210 0.696931 -0.925906
v -1.238783 0.589850 -1.263083
v -1.095786 0.589846 -1.263083
v -1.095786 0.589846 -0.925906
v -1.238783 0.589850 -0.925906
v -2.188012 0.743372 -0.925906
v -2.178624 0.737768 -1.263083
v -1.234887 0.606219 0.943129
v -1.099682 0.652774 0.943129
v -1.099682 0.652774 1.280306
v -1.234887 0.606219 1.280306
v -1.253613 0.652664 0.943129
v -1.123927 0.712908 0.943129
v -1.123927 0.712908 1.280306
v -1.253613 0.652664 1.280306
v -1.277027 0.696932 0.943129
v -1.154242 0.770223 0.943129
v -1.154242 0.770223 1.280306
v -1.277027 0.696932 1.280306
v -1.304880 0.738550 0.943129
v -1.190303 0.824108 0.943129
v -1.190303 0.824108 1.280306
v -1.304880 0.738550 1.280306
v -1.336874 0.777076 0.943129
v -1.231727 0.873989 0.943129
v -1.231727 0.873989 1.280306
v -1.336874 0.777076 1.280306
v -1.372669 0.812098 0.943129
v -1.278072 0.919334 0.943129
v -1.278072 0.919334 1.280306
v -1.372669 0.812098 1.280306
v -1.411883 0.843244 0.943129
v -1.328844 0.959660 0.943129
v -1.328844 0.959660 1.280306
v -1.411883 0.843244 1.280306
v -1.454099 0.870182 0.943129
v -1.383503 0.994537 0.943129
v -1.383503 0.994537 1.280306
v -1.454099 0.870182 1.280306
v -1.498867 0.892624 0.943129
v -1.441466 1.023594 0.943129
v -1.441466 1.023594 1.280306
v -1.498867 0.892624 1.280306
v -1.545710 0.910332 0.943129
v -1.502115 1.046522 0.943129
v -1.502115 1.046522 1.280306
v -1.545710 0.910332 1.280306
v -1.594128 0.923118 0.943129
v -1.564805 1.063075 0.943129
v -1.564805 1.063075 1.280306
v -1.594128 0.923118 1.280306
v -1.643607 0.930844 0.943129
v -1.628867 1.073079 0.943129
v -1.628867 1.073079 1.280306
v -1.643607 0.930844 1.280306
v -1.693619 0.933428 0.943129
v -1.693619 1.076425 0.943129
v -1.693619 1.076425 1.280306
v -1.693619 0.933428 1.280306
v -1.743630 0.930844 0.943129
v -1.758371 1.073079 0.943129
v -1.758371 1.073079 1.280306
v -1.743630 0.930844 1.280306
v -1.793109 0.923118 0.943129
v -1.822433 1.063075 0.943129
v -1.822433 1.063075 1.280306
v -1.793109 0.923118 1.280306
v -1.841527 0.910332 0.943129
v -1.885122 1.046522 0.943129
v -1.885122 1.046522 1.280306
v -1.841527 0.910332 1.280306
v -1.888370 0.892624 0.943129
v -1.945772 1.023594 0.943129
v -1.945772 1.023594 1.280306
v -1.888370 0.892624 1.280306
v -1.933139 0.870182 0.943129
v -2.003734 0.994537 0.943129
v -2.003734 0.994537 1.280306
v -1.933139 0.870182 1.280306
v -1.975355 0.843244 0.943129
v -2.058393 0.959660 0.943129
v -2.058393 0.959660 1.280306
v -1.975355 0.843244 1.280306
v -2.014569 0.812098 0.943129
v -2.109165 0.919334 0.943129
v -2.109165 0.919334 1.280306
v -2.014569 0.812098 1.280306
v -2.050364 0.777076 0.943129
v -2.155510 0.873989 0.943129
v -2.155510 0.873989 1.280306
v -2.050364 0.777076 1.280306
v -2.082357 0.738550 0.943129
v -2.196934 0.824108 0.943129
v -2.196934 0.824108 1.280306
v -2.082357 0.738550 1.280306
v -2.110210 0.696932 0.943129
v -2.232996 0.770223 0.943129
v -2.232996 0.770223 1.280306
v -2.110210 0.696932 1.280306
v -1.238783 0.589850 0.943129
v -1.095786 0.589846 0.943129
v -1.095786 0.589846 1.280306
v -1.238783 0.589850 1.280306
v -2.188012 0.743372 1.280306
v -2.178624 0.737768 0.943129
v 2.264941 0.589278 0.943129
v 2.400146 0.635833 0.943129
v 2.400146 0.635834 1.280306
v 2.264941 0.589278 1.280306
v 2.246214 0.635724 0.943129
v 2.375901 0.695968 0.943129
v 2.375901 0.695968 1.280306
v 2.246214 0.635724 1.280306
v 2.222801 0.679991 0.943129
v 2.345586 0.753283 0.943129
v 2.345586 0.753283 1.280306
v 2.222801 0.679991 1.280306
v 2.194948 0.721610 0.943129
v 2.309525 0.807168 0.943129
v 2.309525 0.807168 1.280306
v 2.194948 0.721610 1.280306
v 2.162955 0.760135 0.943129
v 2.268101 0.857049 0.943129
v 2.268101 0.857049 1.280306
v 2.162955 0.760135 1.280306
v 2.127159 0.795157 0.943129
v 2.221756 0.902393 0.943129
v 2.221756 0.902393 1.280306
v 2.127159 0.795158 1.280306
v 2.087945 0.826303 0.943129
v 2.170984 0.942719 0.943129
v 2.170984 0.942719 1.280306
v 2.087945 0.826304 1.280306
v 2.045729 0.853241 0.943129
v 2.116325 0.977597 0.943129
v 2.116325 0.977597 1.280306
v 2.045729 0.853241 1.280306
v 2.000962 0.875684 0.943129
v 2.058362 1.006654 0.943129
v 2.058362 1.006654 1.280306
v 2.000962 0.875684 1.280306
v 1.954119 0.893392 0.943129
v 1.997713 1.029581 0.943129
v 1.997713 1.029581 1.280306
v 1.954119 0.893392 1.280306
v 1.905700 0.906177 0.943129
v 1.935023 1.046135 0.943129
v 1.935023 1.046135 1.280306
v 1.905700 0.906177 1.280306
v 1.856221 0.913903 0.943129
v 1.870961 1.056138 0.943129
v 1.870961 1.056138 1.280306
v 1.856221 0.913903 1.280306
v 1.806209 0.916488 0.943129
v 1.806209 1.059484 0.943129
v 1.806209 1.059484 1.280306
v 1.806209 0.916488 1.280306
v 1.756198 0.913903 0.943129
v 1.741457 1.056138 0.943129
v 1.741457 1.056138 1.280306
v 1.756198 0.913903 1.280306
v 1.706719 0.906177 0.943129
v 1.677396 1.046135 0.943129
v 1.677396 1.046135 1.280306
v 1.706719 0.906177 1.280306
v 1.658301 0.893392 0.943129
v 1.614706 1.029581 0.943129
v 1.614706 1.029581 1.280306
v 1.658301 0.893392 1.280306
v 1.611458 0.875684 0.943129
v 1.554056 1.006654 0.943129
v 1.554056 1.006654 1.280306
v 1.611458 0.875684 1.280306
v 1.566689 0.853241 0.943129
v 1.496093 0.977597 0.943129
v 1.496093 0.977597 1.280306
v 1.566689 0.853241 1.280306
v 1.524473 0.826303 0.943129
v 1.441435 0.942719 0.943129
v 1.441435 0.942719 1.280306
v 1.524473 0.826304 1.280306
v 1.485259 0.795157 0.943129
v 1.390663 0.902393 0.943129
v 1.390663 0.902393 1.280306
v 1.485259 0.795158 1.280306
v 1.449465 0.760135 0.943129
v 1.344317 0.857049 0.943129
v 1.344317 0.857049 1.280306
v 1.449465 0.760135 1.280306
v 1.417470 0.721610 0.943129
v 1.302894 0.807168 0.943129
v 1.302894 0.807168 1.280306
v 1.417470 0.721610 1.280306
v 1.389618 0.679991 0.943129
v 1.266832 0.753283 0.943129
v 1.266832 0.753283 1.280306
v 1.389618 0.679991 1.280306
v 1.366204 0.635724 0.943129
v 1.236517 0.695968 0.943129
v 1.236517 0.695968 1.280306
v 1.366204 0.635724 1.280306
v 1.347478 0.589278 0.943129
v 1.212272 0.635833 0.943129
v 1.212272 0.635834 1.280306
v 1.347478 0.589278 1.280306
v 2.261045 0.572910 0.943129
v 2.404042 0.572906 0.943129
v 2.404042 0.572906 1.280306
v 2.261045 0.572910 1.280306
v 1.351372 0.573223 0.943129
v 1.208380 0.574355 0.943129
v 1.208380 0.574355 1.280306
v 1.351372 0.573223 1.280306
v -2.221689 0.709820 1.197714
v -1.079175 0.616059 1.197714
v -1.067487 0.572436 1.195596
v -1.082914 0.630012 0.814109
v -1.129010 0.728865 0.814109
v -1.191571 0.818212 0.814109
v -1.268697 0.895337 0.814109
v -1.358043 0.957899 0.814109
v -1.456896 1.003994 0.814109
v -1.562252 1.032224 0.814109
v -1.670908 1.041731 0.814109
v -1.779566 1.032224 0.814109
v -1.884921 1.003994 0.814109
v -1.983774 0.957899 0.814109
v -2.073121 0.895337 0.814109
v -2.150246 0.818212 0.814109
v -2.212807 0.728865 0.814109
v -2.150246 0.818212 1.197714
v -2.212807 0.728865 1.197714
v -1.358043 0.957899 1.197714
v -1.082914 0.630012 1.197714
v -1.129010 0.728865 1.197714
v -1.191571 0.818212 1.197714
v -1.670908 1.041731 1.197714
v -1.268697 0.895337 1.197714
v -1.884921 1.003994 1.197714
v -1.983774 0.957899 1.197714
v -1.456896 1.003994 1.197714
v -2.073121 0.895337 1.197714
v -1.562252 1.032224 1.197714
v -2.221689 0.709820 0.814109
v -1.779566 1.032224 1.197714
v -1.454406 0.597667 0.814109
v -1.511518 0.605954 0.814109
v -1.557395 0.612611 0.814109
v -2.164729 0.701107 0.814109
v -1.597244 0.618393 0.814109
v -1.670908 0.629082 0.814109
v -1.375966 0.586285 0.814109
v -1.709467 0.634677 0.814109
v -1.805180 0.648565 0.814109
v -1.752789 0.640963 0.814109
v -1.634274 0.623766 0.814109
v -1.977945 0.673634 0.814109
v -1.067487 0.572436 0.814109
v -1.241365 0.572341 0.814109
v -1.874494 0.658623 0.814109
v -1.147356 0.755067 1.197714
v -2.187029 0.765680 1.197714
v -2.117640 0.850819 1.197714
v -1.329358 0.937813 1.197714
v -1.279725 0.903059 1.197714
v -2.012460 0.937813 1.197714
v -2.117640 0.693904 0.814109
v -1.279725 0.572320 0.814109
v 2.056698 0.470587 -1.263083
v 2.220060 0.470587 -1.263083
v 2.220060 0.470587 -0.925906
v 2.056698 0.470587 -0.925906
v 2.052892 0.514084 -1.263083
v 2.213773 0.542451 -1.263083
v 2.213773 0.542451 -0.925906
v 2.052892 0.514084 -0.925906
v 2.041592 0.556259 -1.263083
v 2.195101 0.612132 -1.263083
v 2.195101 0.612132 -0.925906
v 2.041592 0.556259 -0.925906
v 2.023139 0.595831 -1.263083
v 2.164615 0.677512 -1.263083
v 2.164615 0.677512 -0.925906
v 2.023139 0.595831 -0.925906
v 1.998095 0.631598 -1.263083
v 2.123237 0.736605 -1.263083
v 2.123237 0.736605 -0.925906
v 1.998095 0.631598 -0.925906
v 1.967221 0.662472 -1.263083
v 2.072228 0.787615 -1.263083
v 2.072228 0.787615 -0.925906
v 1.967221 0.662472 -0.925906
v 1.931453 0.687516 -1.263083
v 2.013135 0.828992 -1.263083
v 2.013135 0.828992 -0.925906
v 1.931453 0.687516 -0.925906
v 1.891881 0.705969 -1.263083
v 1.947755 0.859479 -1.263083
v 1.947755 0.859479 -0.925906
v 1.891881 0.705969 -0.925906
v 1.849707 0.717270 -1.263083
v 1.878074 0.878150 -1.263083
v 1.878074 0.878150 -0.925906
v 1.849707 0.717270 -0.925906
v 1.806209 0.721075 -1.263083
v 1.806209 0.884437 -1.263083
v 1.806209 0.884437 -0.925906
v 1.806209 0.721075 -0.925906
v 1.762713 0.717270 -1.263083
v 1.734345 0.878150 -1.263083
v 1.734345 0.878150 -0.925906
v 1.762713 0.717270 -0.925906
v 1.720537 0.705969 -1.263083
v 1.664664 0.859479 -1.263083
v 1.664664 0.859479 -0.925906
v 1.720537 0.705969 -0.925906
v 1.680965 0.687516 -1.263083
v 1.599284 0.828992 -1.263083
v 1.599284 0.828992 -0.925906
v 1.680965 0.687516 -0.925906
v 1.645198 0.662472 -1.263083
v 1.540191 0.787615 -1.263083
v 1.540191 0.787615 -0.925906
v 1.645198 0.662472 -0.925906
v 1.614324 0.631598 -1.263083
v 1.489181 0.736605 -1.263083
v 1.489181 0.736605 -0.925906
v 1.614324 0.631598 -0.925906
v 1.589280 0.595831 -1.263083
v 1.447804 0.677512 -1.263083
v 1.447804 0.677512 -0.925906
v 1.589280 0.595831 -0.925906
v 1.570827 0.556259 -1.263083
v 1.417317 0.612132 -1.263083
v 1.417317 0.612132 -0.925906
v 1.570827 0.556259 -0.925906
v 1.559526 0.514084 -1.263083
v 1.398646 0.542451 -1.263083
v 1.398646 0.542451 -0.925906
v 1.559526 0.514084 -0.925906
v 1.555720 0.470587 -1.263083
v 1.392359 0.470587 -1.263083
v 1.392359 0.470587 -0.925906
v 1.555720 0.470587 -0.925906
v 1.559526 0.427090 -1.263083
v 1.398646 0.398722 -1.263083
v 1.398646 0.398722 -0.925906
v 1.559526 0.427090 -0.925906
v 1.570827 0.384915 -1.263083
v 1.417317 0.329042 -1.263083
v 1.417317 0.329042 -0.925906
v 1.570827 0.384915 -0.925906
v 1.589280 0.345342 -1.263083
v 1.447804 0.263661 -1.263083
v 1.447804 0.263661 -0.925906
v 1.589280 0.345343 -0.925906
v 1.614324 0.309576 -1.263083
v 1.489181 0.204569 -1.263083
v 1.489181 0.204569 -0.925906
v 1.614324 0.309576 -0.925906
v 1.645198 0.278701 -1.263083
v 1.540191 0.153559 -1.263083
v 1.540191 0.153559 -0.925906
v 1.645198 0.278701 -0.925906
v 1.680965 0.253657 -1.263083
v 1.599284 0.112182 -1.263083
v 1.599284 0.112182 -0.925906
v 1.680965 0.253657 -0.925906
v 1.720537 0.235205 -1.263083
v 1.664664 0.081694 -1.263083
v 1.664664 0.081694 -0.925906
v 1.720537 0.235205 -0.925906
v 1.762713 0.223904 -1.263083
v 1.734345 0.063023 -1.263083
v 1.734345 0.063024 -0.925906
v 1.762713 0.223904 -0.925906
v 1.806209 0.220098 -1.263083
v 1.806209 0.056736 -1.263083
v 1.806209 0.056736 -0.925906
v 1.806209 0.220098 -0.925906
v 1.849707 0.223904 -1.263083
v 1.878074 0.063023 -1.263083
v 1.878074 0.063024 -0.925906
v 1.849707 0.223904 -0.925906
v 1.891881 0.235205 -1.263083
v 1.947755 0.081694 -1.263083
v 1.947755 0.081694 -0.925906
v 1.891881 0.235205 -0.925906
v 1.931453 0.253657 -1.263083
v 2.013135 0.112182 -1.263083
v 2.013135 0.112182 -0.925906
v 1.931453 0.253657 -0.925906
v 1.967221 0.278701 -1.263083
v 2.072228 0.153559 -1.263083
v 2.072228 0.153559 -0.925906
v 1.967221 0.278701 -0.925906
v 1.998095 0.309576 -1.263083
v 2.123237 0.204569 -1.263083
v 2.123237 0.204569 -0.925906
v 1.998095 0.309576 -0.925906
v 2.023139 0.345342 -1.263083
v 2.164615 0.263661 -1.263083
v 2.164615 0.263661 -0.925906
v 2.023139 0.345343 -0.925906
v 2.041592 0.384915 -1.263083
v 2.195101 0.329042 -1.263083
v 2.195101 0.329042 -0.925906
v 2.041592 0.384915 -0.925906
v 2.052892 0.427090 -1.263083
v 2.213773 0.398722 -1.263083
v 2.213773 0.398722 -0.925906
v 2.052892 0.427090 -0.925906
v -1.443130 0.470587 -1.263083
v -1.279768 0.470587 -1.263083
v -1.279768 0.470587 -0.925906
v -1.443130 0.470587 -0.925906
v -1.446935 0.514084 -1.263083
v -1.286055 0.542451 -1.263083
v -1.286055 0.542451 -0.925906
v -1.446935 0.514084 -0.925906
v -1.458237 0.556259 -1.263083
v -1.304726 0.612132 -1.263083
v -1.304726 0.612132 -0.925906
v -1.458237 0.556259 -0.925906
v -1.476689 0.595831 -1.263083
v -1.335214 0.677512 -1.263083
v -1.335214 0.677512 -0.925906
v -1.476689 0.595831 -0.925906
v -1.501733 0.631598 -1.263083
v -1.376591 0.736605 -1.263083
v -1.376591 0.736605 -0.925906
v -1.501733 0.631598 -0.925906
v -1.532608 0.662472 -1.263083
v -1.427601 0.787615 -1.263083
v -1.427601 0.787615 -0.925906
v -1.532608 0.662472 -0.925906
v -1.568374 0.687516 -1.263083
v -1.486693 0.828992 -1.263083
v -1.486693 0.828992 -0.925906
v -1.568374 0.687516 -0.925906
v -1.607947 0.705969 -1.263083
v -1.552074 0.859479 -1.263083
v -1.552074 0.859479 -0.925906
v -1.607947 0.705969 -0.925906
v -1.650122 0.717270 -1.263083
v -1.621754 0.878150 -1.263083
v -1.621754 0.878150 -0.925906
v -1.650122 0.717270 -0.925906
v -1.693619 0.721075 -1.263083
v -1.693619 0.884437 -1.263083
v -1.693619 0.884437 -0.925906
v -1.693619 0.721075 -0.925906
v -1.737115 0.717270 -1.263083
v -1.765483 0.878150 -1.263083
v -1.765483 0.878150 -0.925906
v -1.737115 0.717270 -0.925906
v -1.779291 0.705969 -1.263083
v -1.835164 0.859479 -1.263083
v -1.835164 0.859479 -0.925906
v -1.779291 0.705969 -0.925906
v -1.818863 0.687516 -1.263083
v -1.900544 0.828992 -1.263083
v -1.900544 0.828992 -0.925906
v -1.818863 0.687516 -0.925906
v -1.854629 0.662472 -1.263083
v -1.959636 0.787615 -1.263083
v -1.959636 0.787615 -0.925906
v -1.854629 0.662472 -0.925906
v -1.885504 0.631598 -1.263083
v -2.010647 0.736605 -1.263083
v -2.010647 0.736605 -0.925906
v -1.885504 0.631598 -0.925906
v -1.910548 0.595831 -1.263083
v -2.052023 0.677512 -1.263083
v -2.052023 0.677512 -0.925906
v -1.910548 0.595831 -0.925906
v -1.929001 0.556259 -1.263083
v -2.082511 0.612132 -1.263083
v -2.082511 0.612132 -0.925906
v -1.929001 0.556259 -0.925906
v -1.940302 0.514084 -1.263083
v -2.101182 0.542451 -1.263083
v -2.101182 0.542451 -0.925906
v -1.940302 0.514084 -0.925906
v -1.944107 0.470587 -1.263083
v -2.107469 0.470587 -1.263083
v -2.107469 0.470587 -0.925906
v -1.944107 0.470587 -0.925906
v -1.940302 0.427090 -1.263083
v -2.101182 0.398722 -1.263083
v -2.101182 0.398722 -0.925906
v -1.940302 0.427090 -0.925906
v -1.929001 0.384915 -1.263083
v -2.082511 0.329042 -1.263083
v -2.082511 0.329042 -0.925906
v -1.929001 0.384915 -0.925906
v -1.910548 0.345342 -1.263083
v -2.052023 0.263661 -1.263083
v -2.052023 0.263661 -0.925906
v -1.910548 0.345343 -0.925906
v -1.885504 0.309576 -1.263083
v -2.010647 0.204569 -1.263083
v -2.010647 0.204569 -0.925906
v -1.885504 0.309576 -0.925906
v -1.854629 0.278701 -1.263083
v -1.959636 0.153559 -1.263083
v -1.959636 0.153559 -0.925906
v -1.854629 0.278701 -0.925906
v -1.818863 0.253657 -1.263083
v -1.900544 0.112182 -1.263083
v -1.900544 0.112182 -0.925906
v -1.818863 0.253657 -0.925906
v -1.779291 0.235205 -1.263083
v -1.835164 0.081694 -1.263083
v -1.835164 0.081694 -0.925906
v -1.779291 0.235205 -0.925906
v -1.737115 0.223904 -1.263083
v -1.765483 0.063023 -1.263083
v -1.765483 0.063024 -0.925906
v -1.737115 0.223904 -0.925906
v -1.693619 0.220098 -1.263083
v -1.693619 0.056736 -1.263083
v -1.693619 0.056736 -0.925906
v -1.693619 0.220098 -0.925906
v -1.650122 0.223904 -1.263083
v -1.621754 0.063023 -1.263083
v -1.621754 0.063024 -0.925906
v -1.650122 0.223904 -0.925906
v -1.607947 0.235205 -1.263083
v -1.552074 0.081694 -1.263083
v -1.552074 0.081694 -0.925906
v -1.607947 0.235205 -0.925906
v -1.568374 0.253657 -1.263083
v -1.486693 0.112182 -1.263083
v -1.486693 0.112182 -0.925906
v -1.568374 0.253657 -0.925906
v -1.532608 0.278701 -1.263083
v -1.427601 0.153559 -1.263083
v -1.427601 0.153559 -0.925906
v -1.532608 0.278701 -0.925906
v -1.501733 0.309576 -1.263083
v -1.376591 0.204569 -1.263083
v -1.376591 0.204569 -0.925906
v -1.501733 0.309576 -0.925906
v -1.476689 0.345342 -1.263083
v -1.335214 0.263661 -1.263083
v -1.335214 0.263661 -0.925906
v -1.476689 0.345343 -0.925906
v -1.458237 0.384915 -1.263083
v -1.304726 0.329042 -1.263083
v -1.304726 0.329042 -0.925906
v -1.458237 0.384915 -0.925906
v -1.446935 0.427090 -1.263083
v -1.286055 0.398722 -1.263083
v -1.286055 0.398722 -0.925906
v -1.446935 0.427090 -0.925906
v -1.443130 0.470587 0.943129
v -1.279768 0.470587 0.943129
v -1.279768 0.470587 1.280306
v -1.443130 0.470587 1.280306
v -1.446935 0.514084 0.943129
v -1.286055 0.542451 0.943129
v -1.286055 0.542451 1.280306
v -1.446935 0.514084 1.280306
v -1.458237 0.556259 0.943129
v -1.304726 0.612132 0.943129
v -1.304726 0.612132 1.280306
v -1.458237 0.556259 1.280306
v -1.476689 0.595831 0.943129
v -1.335214 0.677512 0.943129
v -1.335214 0.677512 1.280306
v -1.476689 0.595831 1.280306
v -1.501733 0.631598 0.943129
v -1.376591 0.736605 0.943129
v -1.376591 0.736605 1.280306
v -1.501733 0.631598 1.280306
v -1.532608 0.662472 0.943129
v -1.427601 0.787615 0.943129
v -1.427601 0.787615 1.280306
v -1.532608 0.662472 1.280306
v -1.568374 0.687516 0.943129
v -1.486693 0.828992 0.943129
v -1.486693 0.828992 1.280306
v -1.568374 0.687516 1.280306
v -1.607947 0.705969 0.943129
v -1.552074 0.859479 0.943129
v -1.552074 0.859479 1.280306
v -1.607947 0.705969 1.280306
v -1.650122 0.717270 0.943129
v -1.621754 0.878150 0.943129
v -1.621754 0.878150 1.280306
v -1.650122 0.717270 1.280306
v -1.693619 0.721075 0.943129
v -1.693619 0.884438 0.943129
v -1.693619 0.884438 1.280306
v -1.693619 0.721076 1.280306
v -1.737115 0.717270 0.943129
v -1.765483 0.878150 0.943129
v -1.765483 0.878150 1.280306
v -1.737115 0.717270 1.280306
v -1.779291 0.705969 0.943129
v -1.835164 0.859479 0.943129
v -1.835164 0.859479 1.280306
v -1.779291 0.705969 1.280306
v -1.818863 0.687516 0.943129
v -1.900544 0.828992 0.943129
v -1.900544 0.828992 1.280306
v -1.818863 0.687516 1.280306
v -1.854629 0.662472 0.943129
v -1.959636 0.787615 0.943129
v -1.959636 0.787615 1.280306
v -1.854629 0.662472 1.280306
v -1.885504 0.631598 0.943129
v -2.010647 0.736605 0.943129
v -2.010647 0.736605 1.280306
v -1.885504 0.631598 1.280306
v -1.910548 0.595831 0.943129
v -2.052023 0.677512 0.943129
v -2.052023 0.677512 1.280306
v -1.910548 0.595831 1.280306
v -1.929001 0.556259 0.943129
v -2.082511 0.612132 0.943129
v -2.082511 0.612132 1.280306
v -1.929001 0.556259 1.280306
v -1.940302 0.514084 0.943129
v -2.101182 0.542451 0.943129
v -2.101182 0.542451 1.280306
v -1.940302 0.514084 1.280306
v -1.944107 0.470587 0.943129
v -2.107469 0.470587 0.943129
v -2.107469 0.470587 1.280306
v -1.944107 0.470587 1.280306
v -1.940302 0.427090 0.943129
v -2.101182 0.398723 0.943129
v -2.101182 0.398723 1.280306
v -1.940302 0.427090 1.280306
v -1.929001 0.384915 0.943129
v -2.082511 0.329042 0.943129
v -2.082511 0.329042 1.280306
v -1.929001 0.384915 1.280306
v -1.910548 0.345343 0.943129
v -2.052023 0.263662 0.943129
v -2.052023 0.263662 1.280306
v -1.910548 0.345343 1.280306
v -1.885504 0.309576 0.943129
v -2.010647 0.204569 0.943129
v -2.010647 0.204569 1.280306
v -1.885504 0.309576 1.280306
v -1.854629 0.278702 0.943129
v -1.959636 0.153559 0.943129
v -1.959636 0.153559 1.280306
v -1.854629 0.278702 1.280306
v -1.818863 0.253657 0.943129
v -1.900544 0.112182 0.943129
v -1.900544 0.112182 1.280306
v -1.818863 0.253657 1.280306
v -1.779291 0.235205 0.943129
v -1.835164 0.081695 0.943129
v -1.835164 0.081695 1.280306
v -1.779291 0.235205 1.280306
v -1.737115 0.223904 0.943129
v -1.765483 0.063024 0.943129
v -1.765483 0.063024 1.280306
v -1.737115 0.223904 1.280306
v -1.693619 0.220098 0.943129
v -1.693619 0.056736 0.943129
v -1.693619 0.056736 1.280306
v -1.693619 0.220098 1.280306
v -1.650122 0.223904 0.943129
v -1.621754 0.063024 0.943129
v -1.621754 0.063024 1.280306
v -1.650122 0.223904 1.280306
v -1.607947 0.235205 0.943129
v -1.552074 0.081695 0.943129
v -1.552074 0.081695 1.280306
v -1.607947 0.235205 1.280306
v -1.568374 0.253657 0.943129
v -1.486693 0.112182 0.943129
v -1.486693 0.112182 1.280306
v -1.568374 0.253657 1.280306
v -1.532608 0.278702 0.943129
v -1.427601 0.153559 0.943129
v -1.427601 0.153559 1.280306
v -1.532608 0.278702 1.280306
v -1.501733 0.309576 0.943129
v -1.376591 0.204569 0.943129
v -1.376591 0.204569 1.280306
v -1.501733 0.309576 1.280306
v -1.476689 0.345343 0.943129
v -1.335214 0.263662 0.943129
v -1.335214 0.263662 1.280306
v -1.476689 0.345343 1.280306
v -1.458237 0.384915 0.943129
v -1.304726 0.329042 0.943129
v -1.304726 0.329042 1.280306
v -1.458237 0.384915 1.280306
v -1.446935 0.427090 0.943129
v -1.286055 0.398723 0.943129
v -1.286055 0.398723 1.280306
v -1.446935 0.427090 1.280306
vn -0.0000 -0.0000 -1.0000
vn 0.9848 0.1736 -0.0000
vn 1.0000 -0.0000 -0.0000
vn -0.0000 -0.0000 1.0000
vn -0.9848 -0.1736 -0.0000
vn -1.0000 -0.0000 -0.0000
vn 0.9397 0.3420 -0.0000
vn -0.9397 -0.3420 -0.0000
vn 0.8660 0.5000 -0.0000
vn -0.8660 -0.5000 -0.0000
vn 0.7660 0.6428 -0.0000
vn -0.7660 -0.6428 -0.0000
vn 0.6428 0.7660 -0.0000
vn -0.6428 -0.7660 -0.0000
vn 0.5000 0.8660 -0.0000
vn -0.5000 -0.8660 -0.0000
vn 0.3420 0.9397 -0.0000
vn -0.3420 -0.9397 -0.0000
vn 0.1736 0.9848 -0.0000
vn -0.1736 -0.9848 -0.0000
vn -0.0000 1.0000 -0.0000
vn -0.0000 -1.0000 -0.0000
vn -0.1736 0.9848 -0.0000
vn 0.1736 -0.9848 -0.0000
vn -0.3420 0.9397 -0.0000
vn 0.3420 -0.9397 -0.0000
vn -0.5000 0.8660 -0.0000
vn 0.5000 -0.8660 -0.0000
vn -0.6428 0.7660 -0.0000
vn 0.6428 -0.7660 -0.0000
vn -0.7660 0.6428 -0.0000
vn 0.7660 -0.6428 -0.0000
vn -0.8660 0.5000 -0.0000
vn 0.8660 -0.5000 -0.0000
vn -0.9397 0.3420 -0.0000
vn 0.9397 -0.3420 -0.0000
vn -0.9848 0.1736 -0.0000
vn 0.9848 -0.1736 -0.0000
vn 0.0050 -0.0228 0.9997
vn 0.0014 -0.0131 0.9999
vn 0.0100 -0.0458 0.9989
vn 0.0049 -0.0460 0.9989
vn -0.0000 -0.0461 0.9989
vn -0.0000 -0.0229 0.9997
vn -0.0036 -0.0076 1.0000
vn -0.0000 -0.0232 0.9997
vn -0.0107 -0.0231 0.9997
vn -0.0214 -0.0000 0.9998
vn -0.0107 -0.0000 0.9999
vn 0.0096 0.0370 0.9993
vn 0.0564 0.0744 0.9956
vn 0.0112 0.1253 0.9921
vn 0.0576 0.2210 0.9736
vn -0.0000 0.2937 0.9559
vn 0.0576 0.2211 0.9735
vn 0.0030 0.1663 0.9861
vn 0.0040 0.3380 0.9411
vn 0.0040 0.3068 0.9518
vn 0.0060 0.3068 0.9518
vn -0.0000 0.6656 0.7463
vn 0.0734 -0.0000 0.9973
vn -0.0036 -0.0000 1.0000
vn -0.0038 -0.0000 1.0000
vn 0.9423 -0.3347 -0.0000
vn 0.6777 -0.7353 -0.0000
vn 0.8730 -0.4877 -0.0000
vn 0.9677 -0.2520 -0.0000
vn 0.4150 -0.9098 -0.0000
vn -0.0060 -0.0182 -0.9998
vn -0.0099 -0.0227 -0.9997
vn -0.0100 -0.0000 -1.0000
vn -0.0050 -0.0000 -1.0000
vn -0.0000 -0.0183 -0.9998
vn 0.0050 -0.0000 -1.0000
vn 0.0066 -0.0102 -0.9999
vn 0.0100 -0.0000 -1.0000
vn -0.0000 0.6755 -0.7373
vn 0.0044 0.1636 -0.9865
vn 0.0104 0.3323 -0.9431
vn 0.0088 0.2920 -0.9564
vn 0.0205 0.3025 -0.9529
vn -0.0000 0.2816 -0.9595
vn -0.0000 0.1868 -0.9824
vn 0.0077 0.0352 -0.9994
vn 0.0504 0.0707 -0.9962
vn 0.0515 0.2113 -0.9761
vn 0.0089 0.1198 -0.9928
vn 0.0029 -0.0000 -1.0000
vn 0.0028 -0.0000 -1.0000
vn 0.0695 -0.0000 -0.9976
vn 0.0991 0.9951 -0.0000
vn 0.0992 0.9951 -0.0000
vn 0.0232 0.9988 0.0423
vn 0.0156 0.9995 0.0283
vn 0.0232 0.9917 0.1267
vn 0.0118 0.9979 0.0638
vn -0.0000 0.9857 0.1688
vn -0.0000 0.9964 0.0847
vn -0.2050 0.9788 0.0008
vn -0.2408 0.9706 -0.0000
vn -0.2347 0.9721 -0.0000
vn -0.0374 0.9993 -0.0000
vn -0.1614 0.9869 -0.0000
vn -0.1412 0.9900 0.0009
vn 0.1580 0.9874 -0.0000
vn 0.0128 0.9976 -0.0682
vn 0.0128 0.9997 -0.0228
vn 0.1900 0.9818 -0.0000
vn -0.0000 0.9959 -0.0909
vn 0.0019 1.0000 -0.0009
vn 0.0255 0.9903 -0.1364
vn 0.0190 0.9993 -0.0313
vn -0.0000 0.9835 -0.1810
vn -0.1512 -0.9885 -0.0000
vn -0.1474 -0.9891 -0.0000
vn -0.1487 -0.9889 -0.0000
vn -0.1436 -0.9896 -0.0000
vn -0.0701 -0.9975 -0.0000
vn -0.1229 -0.9924 -0.0005
vn -0.1436 -0.9896 0.0001
vn -0.0238 -0.9959 0.0874
vn -0.0648 -0.4463 -0.8925
vn -0.0444 0.3449 -0.9376
vn 0.0037 -1.0000 -0.0000
vn 0.0027 -1.0000 0.0022
vn -0.0004 -1.0000 -0.0034
vn 0.0017 -1.0000 0.0042
vn -0.0023 -1.0000 -0.0047
vn -0.0023 -0.9997 -0.0259
vn -0.0035 -0.9998 -0.0174
vn -0.0005 -0.9995 -0.0317
vn -0.0001 -0.9995 -0.0321
vn 0.0035 -0.9997 -0.0246
vn -0.0000 -0.9995 -0.0322
vn 0.0072 -0.9995 -0.0323
vn 0.0145 -0.9994 -0.0324
vn 0.0117 -0.9996 -0.0264
vn 0.0070 -0.9998 -0.0162
vn 0.0117 -0.9996 -0.0263
vn -0.0885 -0.9961 0.0013
vn -0.0830 -0.9965 0.0012
vn -0.0781 -0.9969 0.0011
vn -0.0005 -1.0000 -0.0000
vn -0.0003 -1.0000 -0.0000
vn -0.0050 -1.0000 -0.0019
vn -0.0001 -1.0000 -0.0016
vn -0.0049 -1.0000 -0.0016
vn -0.0000 -1.0000 -0.0010
vn -0.0051 -1.0000 0.0016
vn -0.0002 -1.0000 0.0016
vn -0.0050 -1.0000 0.0008
vn -0.0049 -1.0000 0.0003
vn 0.0005 -1.0000 -0.0000
vn -0.0052 -1.0000 0.0007
vn -0.0000 -1.0000 0.0010
vn -0.0022 -1.0000 0.0028
vn -0.1232 -0.9924 -0.0000
vn -0.0030 -0.9998 0.0185
vn 0.0035 -0.9999 0.0157
vn -0.0717 -0.9974 -0.0000
vn -0.1436 -0.9896 -0.0001
vn -0.1231 -0.9924 -0.0000
vn -0.0000 -0.8944 0.4472
vn -0.1439 -0.9896 -0.0003
vn -0.1439 -0.9896 -0.0000
vn -0.1431 -0.9897 0.0001
vn -0.1437 -0.9896 -0.0002
vn -0.1427 -0.9898 -0.0002
vn -0.1437 -0.9896 -0.0005
vn -0.1432 -0.9897 0.0004
vn -0.0022 -1.0000 0.0079
vn -0.0034 -0.9997 0.0238
vn -0.0012 -0.9995 0.0310
vn -0.0018 -0.9995 0.0317
vn -0.0002 -0.9995 0.0304
vn -0.0005 -0.9995 0.0304
vn 0.0073 -0.9999 0.0152
vn 0.0133 -0.9999 -0.0000
vn 0.0073 -1.0000 -0.0000
vn 0.0145 -0.9999 -0.0000
vn 0.0134 -0.9999 -0.0000
vn 0.0103 -0.7096 -0.7045
vn 0.0146 -0.9999 -0.0000
vn 0.0056 -0.3902 0.9207
vn -0.0000 -0.9992 -0.0408
vn -0.0000 -0.9995 -0.0312
vn -0.0000 -0.9992 -0.0409
vn 0.0145 -0.9999 0.0001
vn -0.0991 -0.9951 -0.0000
vn -0.1960 0.9806 -0.0000
vn -0.1160 0.9932 -0.0000
vn -0.0000 -1.0000 -0.0003
vn -0.0057 -1.0000 -0.0003
vn -0.0114 -0.9999 -0.0000
vn 0.5778 0.8162 -0.0000
vn 0.6926 0.7213 -0.0000
vn 0.6399 0.7684 -0.0027
vn 0.6400 0.7684 -0.0027
vn -0.7213 0.6926 -0.0000
vn 0.7213 -0.6926 -0.0000
vn 0.0747 -0.9972 -0.0000
vn 0.0374 -0.9993 -0.0000
vn -0.2993 -0.9541 -0.0000
vn -0.5712 -0.8208 -0.0000
vn -0.1991 0.9800 0.0022
vn -0.1992 0.9800 0.0022
vn -0.2469 0.9690 -0.0000
vn -0.9690 -0.2469 -0.0000
vn 0.9690 0.2469 -0.0000
vn -0.2536 -0.9673 -0.0000
vn -0.4620 -0.8869 -0.0000
vn -0.0325 -0.9995 -0.0000
vn 0.4066 -0.5966 0.6919
vn 0.4067 -0.5966 0.6919
vn -0.0958 0.9934 0.0628
vn -0.0019 0.9755 0.2201
vn -0.7857 -0.0876 0.6123
vn 0.1524 0.9083 0.3896
vn -0.0364 -0.9993 0.0023
vn -0.0148 -0.9999 0.0023
vn -0.0364 -0.9993 0.0022
vn -0.0148 -0.9999 0.0022
vn 1.0000 -0.0053 -0.0000
vn -0.0000 -0.7215 -0.6924
vn -0.0000 -0.7215 0.6924
vn -0.0000 0.0230 0.9997
vn -0.0000 0.0227 0.9997
vn -0.0000 -0.2815 0.9595
vn -0.0000 -0.2816 0.9595
vn 0.0056 1.0000 -0.0027
vn 0.0090 0.1198 -0.9928
vn 0.0060 0.3068 0.9517
vn -0.0000 -0.2937 -0.9559
vn -0.9522 -0.3055 -0.0000
vn 0.8123 0.5829 0.0198
vn 0.8123 0.5829 0.0199
vn 0.8047 0.5935 0.0099
vn 0.8046 0.5937 0.0100
vn 0.7968 0.6042 -0.0000
vn 0.8047 0.5935 -0.0093
vn 0.8047 0.5936 -0.0093
vn 0.8123 0.5829 -0.0185
vn 0.7062 -0.7080 -0.0000
vn 0.6977 -0.7164 -0.0000
vn -0.9488 -0.3160 -0.0000
vn 0.6977 -0.7163 -0.0000
vn 0.7691 0.6391 -0.0000
vn -0.6257 0.7801 -0.0000
vn -0.0049 -0.0227 -0.9997
vn -0.0042 -0.0260 -0.9997
vn -0.0099 -0.0454 -0.9989
vn -0.0099 -0.0455 -0.9989
vn -0.0000 -0.0230 -0.9997
vn -0.0000 -0.0229 -0.9997
vn -0.0000 -0.0227 -0.9997
vn 0.0033 -0.0153 -0.9999
vn 0.3261 0.9453 -0.0000
vn 0.2536 0.9673 -0.0000
vn -0.1797 0.9837 -0.0000
vn 0.2378 0.9713 -0.0000
vn -0.1968 0.9805 -0.0011
vn -0.1973 0.9803 -0.0006
vn -0.1978 0.9802 -0.0000
vn -0.0043 1.0000 -0.0000
vn -0.0032 1.0000 -0.0011
vn -0.0000 0.0231 0.9997
vn -0.0021 1.0000 -0.0022
vn 0.4620 0.8869 -0.0000
vn 0.2341 -0.2973 0.9256
vn 0.4300 -0.4935 0.7560
vn 0.2342 -0.2974 0.9256
vn 0.6892 -0.7246 -0.0000
vn -0.0497 -0.9988 -0.0000
vn 0.0067 -0.0349 0.9994
vn 0.0068 -0.0350 0.9994
vn -0.8003 -0.5996 -0.0000
vn -0.8869 0.4620 -0.0000
vn 0.8869 -0.4620 -0.0000
vn -0.1449 0.9895 -0.0000
vn 0.2921 -0.9564 -0.0000
vn 0.5587 -0.8294 -0.0000
vn -0.8133 -0.5819 -0.0000
vn -0.1891 -0.9636 -0.1891
vn -0.0785 -0.9210 -0.3815
vn 0.0785 -0.9210 -0.3815
vn 0.1891 -0.9636 -0.1891
vn -0.1817 -0.3763 -0.9085
vn -0.1920 -0.1920 -0.9624
vn 0.1920 -0.1920 -0.9624
vn 0.1817 -0.3763 -0.9085
vn -0.1920 0.1920 -0.9624
vn 0.1919 0.1920 -0.9624
vn -0.1817 0.3763 -0.9085
vn 0.1817 0.3763 -0.9085
vn -0.0785 0.9210 -0.3815
vn -0.1892 0.9636 -0.1891
vn 0.1891 0.9636 -0.1891
vn 0.0785 0.9210 -0.3815
vn -0.2706 -0.9239 -0.2706
vn -0.3574 -0.3574 -0.8628
vn -0.3763 -0.1818 -0.9085
vn -0.3763 0.1818 -0.9085
vn -0.3574 0.3574 -0.8628
vn -0.2706 0.9239 -0.2706
vn -0.3815 -0.9210 -0.0785
vn -0.9085 -0.3763 -0.1817
vn -0.9624 -0.1920 -0.1920
vn -0.9085 -0.1817 -0.3763
vn -0.8629 -0.3574 -0.3574
vn -0.9625 0.1920 -0.1919
vn -0.9085 0.1817 -0.3763
vn -0.9085 0.3763 -0.1817
vn -0.8629 0.3574 -0.3574
vn -0.3815 0.9210 -0.0785
vn -0.1891 -0.9636 0.1891
vn -0.3815 -0.9210 0.0785
vn -0.9085 -0.3763 0.1817
vn -0.9624 -0.1920 0.1920
vn -0.9624 0.1920 0.1920
vn -0.9085 0.3763 0.1817
vn -0.3815 0.9210 0.0785
vn -0.1891 0.9636 0.1891
vn -0.2706 -0.9239 0.2706
vn -0.8629 -0.3574 0.3574
vn -0.9085 -0.1817 0.3763
vn -0.9085 0.1817 0.3763
vn -0.8629 0.3574 0.3574
vn -0.2706 0.9239 0.2706
vn -0.0785 -0.9210 0.3815
vn -0.1817 -0.3763 0.9085
vn -0.1920 -0.1920 0.9624
vn -0.3763 -0.1817 0.9085
vn -0.3574 -0.3574 0.8629
vn -0.1920 0.1920 0.9624
vn -0.3763 0.1817 0.9085
vn -0.1817 0.3763 0.9085
vn -0.3574 0.3574 0.8629
vn -0.0785 0.9210 0.3815
vn 0.1891 -0.9636 0.1892
vn 0.0785 -0.9210 0.3815
vn 0.1817 -0.3763 0.9085
vn 0.1920 -0.1920 0.9624
vn 0.1919 0.1919 0.9625
vn 0.1817 0.3763 0.9085
vn 0.0785 0.9210 0.3815
vn 0.1891 0.9636 0.1891
vn 0.2706 -0.9239 0.2706
vn 0.3574 -0.3574 0.8629
vn 0.3763 -0.1817 0.9085
vn 0.3763 0.1817 0.9085
vn 0.3574 0.3574 0.8629
vn 0.2706 0.9239 0.2706
vn 0.3815 -0.9210 0.0785
vn 0.9085 -0.3763 0.1817
vn 0.9624 -0.1920 0.1920
vn 0.9085 -0.1817 0.3763
vn 0.8628 -0.3574 0.3574
vn 0.9624 0.1920 0.1920
vn 0.9085 0.1817 0.3763
vn 0.9085 0.3763 0.1817
vn 0.8628 0.3574 0.3574
vn 0.3815 0.9210 0.0785
vn 0.3815 -0.9210 -0.0785
vn 0.9085 -0.3763 -0.1817
vn 0.9624 -0.1919 -0.1920
vn 0.9624 0.1919 -0.1920
vn 0.9085 0.3763 -0.1817
vn 0.3815 0.9210 -0.0785
vn 0.2706 -0.9239 -0.2706
vn 0.8628 -0.3574 -0.3574
vn 0.9085 -0.1817 -0.3763
vn 0.9085 0.1817 -0.3763
vn 0.8628 0.3574 -0.3574
vn 0.2706 0.9239 -0.2706
vn 0.3763 -0.1818 -0.9085
vn 0.3574 -0.3574 -0.8628
vn 0.3763 0.1818 -0.9085
vn 0.3574 0.3574 -0.8628
vn -0.1818 -0.3763 -0.9085
vn 0.1818 -0.3763 -0.9085
vn 0.1920 0.1920 -0.9624
vn -0.1818 0.3763 -0.9085
vn 0.1818 0.3763 -0.9085
vn -0.1891 0.9636 -0.1891
vn -0.3574 -0.3574 -0.8629
vn -0.3764 -0.1818 -0.9085
vn -0.3764 0.1818 -0.9085
vn -0.3574 0.3574 -0.8629
vn -0.9624 0.1920 -0.1920
vn -0.1892 0.9636 0.1891
vn -0.1919 0.1919 0.9625
vn 0.1891 -0.9636 0.1891
vn 0.1920 0.1920 0.9624
vn 0.9624 -0.1920 -0.1920
vn 0.9624 0.1920 -0.1920
vn 0.3574 -0.3574 -0.8629
vn 0.3764 0.1818 -0.9085
vn -0.2225 0.9749 -0.0000
vn 0.2225 -0.9749 -0.0000
vn -0.9749 -0.2225 -0.0000
vn 0.9749 0.2225 -0.0000
vn 0.2225 0.9749 -0.0000
vn -0.2225 -0.9749 -0.0000
vn -0.9749 0.2225 -0.0000
vn 0.9749 -0.2225 -0.0000
vn 0.6235 0.7818 -0.0000
vn -0.6235 -0.7818 -0.0000
vn -0.7818 0.6235 -0.0000
vn 0.7818 -0.6235 -0.0000
vn 0.9010 0.4339 -0.0000
vn -0.9010 -0.4339 -0.0000
vn -0.4339 0.9010 -0.0000
vn 0.4339 -0.9010 -0.0000
vn -0.2591 0.9657 0.0147
vn -0.2588 0.9658 -0.0132
vn -0.1152 0.9930 -0.0261
vn -0.1159 0.9928 0.0292
vn 0.4754 -0.8798 -0.0000
vn 0.6508 -0.7593 -0.0000
vn -0.3411 0.9396 0.0292
vn -0.3687 0.9294 0.0146
vn -0.3684 0.9296 -0.0130
vn -0.3404 0.9399 -0.0261
vn -0.4472 0.8944 -0.0000
vn -0.4217 0.9067 -0.0000
vn 0.1677 -0.9858 -0.0000
vn -0.2021 0.9794 -0.0000
vn 0.0546 -0.9985 -0.0000
vn 0.9010 -0.4339 -0.0000
vn -0.9010 0.4339 -0.0000
vn 0.4339 0.9010 -0.0000
vn -0.4339 -0.9010 -0.0000
vn 0.6235 -0.7818 -0.0000
vn -0.6235 0.7818 -0.0000
vn 0.7818 0.6235 -0.0000
vn -0.7818 -0.6235 -0.0000
vn -0.0000 0.3950 -0.9187
vn -0.0000 -0.3950 0.9187
vn -0.0000 0.9187 0.3950
vn -0.0000 -0.9187 -0.3950
vn -0.0000 0.3950 0.9187
vn -0.0000 -0.3950 -0.9187
vn -0.0000 0.9187 -0.3950
vn -0.0000 -0.9187 0.3950
vn 0.0488 0.9500 -0.3085
vn 0.1107 0.9902 -0.0846
vn 0.0954 0.9511 -0.2937
vn 0.0927 0.8057 -0.5850
vn 0.1816 0.8092 -0.5587
vn 0.1271 0.5832 -0.8023
vn 0.2500 0.5880 -0.7693
vn 0.1489 0.3058 -0.9404
vn 0.2939 0.3092 -0.9045
vn 0.1559 0.0775 -0.9847
vn 0.3081 0.0783 -0.9481
vn 0.1559 -0.0774 -0.9847
vn 0.3081 -0.0783 -0.9481
vn 0.1489 -0.3058 -0.9404
vn 0.2939 -0.3092 -0.9045
vn 0.1271 -0.5833 -0.8023
vn 0.2500 -0.5880 -0.7692
vn 0.0927 -0.8057 -0.5850
vn 0.1815 -0.8093 -0.5587
vn 0.0488 -0.9500 -0.3085
vn 0.0954 -0.9511 -0.2937
vn 0.1108 -0.9902 -0.0846
vn -0.0954 -0.9511 -0.2937
vn -0.0488 -0.9499 -0.3086
vn -0.1108 -0.9902 -0.0846
vn -0.1816 -0.8092 -0.5588
vn -0.0927 -0.8057 -0.5850
vn -0.2500 -0.5880 -0.7693
vn -0.1271 -0.5832 -0.8023
vn -0.2939 -0.3092 -0.9045
vn -0.1489 -0.3058 -0.9404
vn -0.3081 -0.0785 -0.9481
vn -0.1559 -0.0776 -0.9847
vn -0.3081 0.0785 -0.9481
vn -0.1559 0.0776 -0.9847
vn -0.2939 0.3092 -0.9045
vn -0.1489 0.3058 -0.9404
vn -0.2500 0.5880 -0.7693
vn -0.1271 0.5832 -0.8023
vn -0.1816 0.8092 -0.5588
vn -0.0927 0.8057 -0.5850
vn -0.0954 0.9511 -0.2937
vn -0.0488 0.9500 -0.3085
vn -0.1107 0.9902 -0.0846
vn -0.1816 -0.9511 -0.2498
vn -0.3454 -0.8092 -0.4754
vn -0.4754 -0.5880 -0.6544
vn -0.5590 -0.3092 -0.7694
vn -0.5860 -0.0783 -0.8065
vn -0.5860 0.0785 -0.8065
vn -0.5590 0.3092 -0.7693
vn -0.4755 0.5880 -0.6544
vn -0.3454 0.8092 -0.4754
vn -0.1816 0.9511 -0.2498
vn -0.2499 -0.9511 -0.1816
vn -0.4753 -0.8092 -0.3454
vn -0.6543 -0.5881 -0.4754
vn -0.7694 -0.3092 -0.5590
vn -0.8065 -0.0786 -0.5860
vn -0.8065 0.0784 -0.5860
vn -0.7694 0.3092 -0.5590
vn -0.6544 0.5880 -0.4754
vn -0.4753 0.8092 -0.3454
vn -0.2499 0.9511 -0.1816
vn -0.2937 -0.9511 -0.0955
vn -0.5588 -0.8092 -0.1816
vn -0.7693 -0.5880 -0.2499
vn -0.9045 -0.3092 -0.2939
vn -0.9481 -0.0785 -0.3081
vn -0.9481 0.0785 -0.3081
vn -0.9045 0.3092 -0.2939
vn -0.7693 0.5880 -0.2499
vn -0.5588 0.8092 -0.1816
vn -0.2938 0.9511 -0.0955
vn -0.3088 -0.9508 -0.0245
vn -0.5871 -0.8082 -0.0464
vn -0.8073 -0.5867 -0.0637
vn -0.9484 -0.3082 -0.0747
vn -0.9939 -0.0783 -0.0783
vn -0.9939 0.0783 -0.0783
vn -0.9484 0.3083 -0.0747
vn -0.8073 0.5867 -0.0637
vn -0.5870 0.8082 -0.0464
vn -0.3088 0.9508 -0.0244
vn -0.1108 -0.9902 0.0846
vn -0.3088 -0.9508 0.0245
vn -0.5870 -0.8082 0.0464
vn -0.8073 -0.5867 0.0637
vn -0.9484 -0.3083 0.0747
vn -0.9939 -0.0782 0.0782
vn -0.9939 0.0783 0.0783
vn -0.9484 0.3082 0.0747
vn -0.8073 0.5867 0.0637
vn -0.5870 0.8082 0.0464
vn -0.3088 0.9508 0.0244
vn -0.1107 0.9902 0.0846
vn -0.2937 -0.9511 0.0955
vn -0.5588 -0.8092 0.1816
vn -0.7693 -0.5880 0.2499
vn -0.9045 -0.3092 0.2939
vn -0.9481 -0.0783 0.3081
vn -0.9481 0.0785 0.3081
vn -0.9045 0.3092 0.2939
vn -0.7693 0.5880 0.2499
vn -0.5588 0.8092 0.1816
vn -0.2937 0.9511 0.0955
vn -0.2499 -0.9511 0.1816
vn -0.4753 -0.8092 0.3454
vn -0.6543 -0.5881 0.4754
vn -0.7694 -0.3092 0.5590
vn -0.8065 -0.0785 0.5860
vn -0.8065 0.0785 0.5860
vn -0.7694 0.3092 0.5590
vn -0.6544 0.5880 0.4754
vn -0.4754 0.8092 0.3454
vn -0.2499 0.9511 0.1816
vn -0.1815 -0.9511 0.2498
vn -0.3453 -0.8092 0.4753
vn -0.4754 -0.5880 0.6544
vn -0.5590 -0.3093 0.7694
vn -0.5860 -0.0785 0.8065
vn -0.5860 0.0783 0.8065
vn -0.5590 0.3092 0.7694
vn -0.4754 0.5880 0.6544
vn -0.3453 0.8092 0.4754
vn -0.1816 0.9511 0.2498
vn -0.0954 -0.9511 0.2937
vn -0.1816 -0.8092 0.5588
vn -0.2500 -0.5880 0.7693
vn -0.2939 -0.3092 0.9044
vn -0.3081 -0.0783 0.9481
vn -0.3081 0.0783 0.9481
vn -0.2939 0.3092 0.9044
vn -0.2500 0.5880 0.7693
vn -0.1816 0.8091 0.5588
vn -0.0954 0.9511 0.2937
vn -0.0488 -0.9499 0.3086
vn -0.0927 -0.8057 0.5851
vn -0.1272 -0.5833 0.8023
vn -0.1490 -0.3057 0.9404
vn -0.1559 -0.0775 0.9847
vn -0.1559 0.0775 0.9847
vn -0.1490 0.3058 0.9404
vn -0.1272 0.5833 0.8023
vn -0.0928 0.8057 0.5851
vn -0.0488 0.9500 0.3085
vn 0.1815 0.9511 -0.2498
vn 0.3454 0.8092 -0.4753
vn 0.4754 0.5880 -0.6544
vn 0.5590 0.3092 -0.7694
vn 0.5860 0.0785 -0.8065
vn 0.5860 -0.0785 -0.8065
vn 0.5590 -0.3092 -0.7694
vn 0.4754 -0.5880 -0.6544
vn 0.3453 -0.8093 -0.4753
vn 0.1816 -0.9511 -0.2498
vn 0.0954 -0.9511 0.2937
vn 0.0488 -0.9500 0.3084
vn 0.1108 -0.9902 0.0846
vn 0.1816 -0.8092 0.5588
vn 0.0928 -0.8057 0.5850
vn 0.2500 -0.5880 0.7692
vn 0.1272 -0.5832 0.8023
vn 0.2939 -0.3092 0.9044
vn 0.1490 -0.3058 0.9404
vn 0.3081 -0.0783 0.9481
vn 0.1559 -0.0775 0.9847
vn 0.3081 0.0785 0.9481
vn 0.1559 0.0776 0.9847
vn 0.2939 0.3092 0.9044
vn 0.1490 0.3058 0.9404
vn 0.2500 0.5880 0.7692
vn 0.1272 0.5833 0.8023
vn 0.1816 0.8092 0.5588
vn 0.0928 0.8057 0.5850
vn 0.0954 0.9511 0.2936
vn 0.0488 0.9500 0.3084
vn 0.1107 0.9902 0.0846
vn 0.1815 -0.9511 0.2499
vn 0.3453 -0.8092 0.4753
vn 0.4754 -0.5880 0.6544
vn 0.5590 -0.3092 0.7694
vn 0.5860 -0.0786 0.8065
vn 0.5860 0.0784 0.8065
vn 0.5590 0.3092 0.7694
vn 0.4754 0.5880 0.6544
vn 0.3453 0.8092 0.4753
vn 0.1816 0.9511 0.2499
vn 0.2499 -0.9511 0.1815
vn 0.4753 -0.8092 0.3453
vn 0.6544 -0.5880 0.4754
vn 0.7694 -0.3091 0.5590
vn 0.8065 -0.0785 0.5860
vn 0.8065 0.0783 0.5860
vn 0.7694 0.3091 0.5590
vn 0.6544 0.5880 0.4754
vn 0.4753 0.8092 0.3453
vn 0.2499 0.9511 0.1816
vn 0.2938 -0.9511 0.0955
vn 0.5588 -0.8092 0.1816
vn 0.7693 -0.5880 0.2499
vn 0.9045 -0.3091 0.2939
vn 0.9481 -0.0785 0.3081
vn 0.9481 0.0785 0.3081
vn 0.9045 0.3091 0.2939
vn 0.7693 0.5880 0.2500
vn 0.5588 0.8092 0.1816
vn 0.2938 0.9511 0.0955
vn 0.3088 -0.9508 0.0245
vn 0.5870 -0.8082 0.0464
vn 0.8073 -0.5867 0.0637
vn 0.9484 -0.3082 0.0747
vn 0.9939 -0.0783 0.0783
vn 0.9939 0.0783 0.0783
vn 0.9484 0.3082 0.0747
vn 0.8073 0.5867 0.0637
vn 0.5870 0.8082 0.0464
vn 0.3089 0.9508 0.0244
vn 0.3088 -0.9508 -0.0245
vn 0.5870 -0.8082 -0.0464
vn 0.8073 -0.5867 -0.0637
vn 0.9484 -0.3082 -0.0747
vn 0.9939 -0.0782 -0.0782
vn 0.9939 0.0782 -0.0782
vn 0.9484 0.3082 -0.0747
vn 0.8073 0.5867 -0.0637
vn 0.5871 0.8082 -0.0464
vn 0.3089 0.9508 -0.0244
vn 0.2937 -0.9511 -0.0955
vn 0.5588 -0.8092 -0.1816
vn 0.7693 -0.5880 -0.2500
vn 0.9045 -0.3091 -0.2939
vn 0.9481 -0.0783 -0.3081
vn 0.9481 0.0785 -0.3081
vn 0.9045 0.3092 -0.2939
vn 0.7693 0.5880 -0.2499
vn 0.5588 0.8092 -0.1816
vn 0.2937 0.9511 -0.0954
vn 0.2499 -0.9511 -0.1815
vn 0.4754 -0.8092 -0.3454
vn 0.6544 -0.5880 -0.4754
vn 0.7694 -0.3091 -0.5590
vn 0.8065 -0.0785 -0.5860
vn 0.8065 0.0785 -0.5860
vn 0.7694 0.3092 -0.5590
vn 0.6544 0.5880 -0.4754
vn 0.4753 0.8092 -0.3453
vn 0.2498 0.9511 -0.1815
vn -0.0489 0.9499 0.3085
vn -0.0927 0.8057 0.5850
vn -0.1815 0.8092 0.5588
vn -0.1270 0.5833 0.8023
vn -0.2499 0.5880 0.7693
vn -0.1488 0.3058 0.9404
vn -0.2939 0.3092 0.9045
vn -0.1560 0.0775 0.9847
vn -0.3081 0.0784 0.9481
vn -0.1559 -0.0776 0.9847
vn -0.3080 -0.0785 0.9481
vn -0.1488 -0.3058 0.9404
vn -0.2939 -0.3091 0.9045
vn -0.1269 -0.5833 0.8023
vn -0.2499 -0.5880 0.7693
vn -0.0926 -0.8057 0.5850
vn -0.1815 -0.8092 0.5588
vn -0.0489 -0.9500 0.3084
vn -0.1107 -0.9902 0.0846
vn 0.0955 -0.9511 0.2938
vn 0.0489 -0.9499 0.3086
vn 0.1107 -0.9902 0.0846
vn 0.1815 -0.8092 0.5588
vn 0.0926 -0.8057 0.5851
vn 0.2499 -0.5881 0.7692
vn 0.1269 -0.5833 0.8023
vn 0.2939 -0.3092 0.9045
vn 0.1488 -0.3058 0.9404
vn 0.3081 -0.0784 0.9481
vn 0.1559 -0.0776 0.9847
vn 0.3081 0.0784 0.9481
vn 0.2939 0.3092 0.9045
vn 0.1488 0.3057 0.9404
vn 0.2499 0.5880 0.7692
vn 0.1270 0.5832 0.8023
vn 0.1815 0.8092 0.5588
vn 0.0927 0.8057 0.5851
vn 0.0955 0.9511 0.2938
vn 0.0489 0.9499 0.3086
vn 0.5590 -0.3092 0.7693
vn 0.5860 -0.0783 0.8065
vn 0.5860 0.0785 0.8065
vn 0.5590 0.3092 0.7693
vn 0.3453 0.8092 0.4754
vn 0.1815 0.9511 0.2498
vn 0.2498 -0.9511 0.1815
vn 0.4753 -0.8092 0.3454
vn 0.6543 -0.5880 0.4755
vn 0.7694 -0.3092 0.5590
vn 0.8065 0.0782 0.5860
vn 0.7694 0.3092 0.5590
vn 0.6543 0.5880 0.4755
vn 0.4753 0.8092 0.3454
vn 0.2498 0.9511 0.1815
vn 0.2937 -0.9511 0.0954
vn 0.5588 -0.8092 0.1815
vn 0.7693 -0.5880 0.2500
vn 0.7693 0.5880 0.2499
vn 0.5588 0.8092 0.1815
vn 0.2937 0.9511 0.0954
vn 0.3088 -0.9508 0.0244
vn 0.9484 -0.3081 0.0747
vn 0.9939 -0.0779 0.0779
vn 0.9939 0.0781 0.0782
vn 0.5871 0.8082 0.0464
vn 0.3088 0.9508 0.0244
vn 0.1107 -0.9902 -0.0846
vn 0.3088 -0.9508 -0.0244
vn 0.5870 -0.8083 -0.0464
vn 0.9939 -0.0782 -0.0783
vn 0.9939 0.0779 -0.0779
vn 0.5870 0.8082 -0.0464
vn 0.3088 0.9508 -0.0244
vn 0.5588 -0.8092 -0.1815
vn 0.7693 -0.5880 -0.2499
vn 0.9481 0.0783 -0.3081
vn 0.9045 0.3091 -0.2939
vn 0.7693 0.5880 -0.2500
vn 0.2498 -0.9511 -0.1816
vn 0.4753 -0.8092 -0.3454
vn 0.6544 -0.5879 -0.4754
vn 0.7694 -0.3092 -0.5590
vn 0.8065 -0.0786 -0.5860
vn 0.7694 0.3091 -0.5590
vn 0.6544 0.5879 -0.4755
vn 0.4753 0.8092 -0.3454
vn 0.1816 -0.9511 -0.2499
vn 0.3454 -0.8092 -0.4754
vn 0.5589 -0.3092 -0.7694
vn 0.5859 -0.0785 -0.8065
vn 0.5860 0.0783 -0.8065
vn 0.5589 0.3092 -0.7694
vn 0.1816 0.9511 -0.2498
vn 0.0954 -0.9511 -0.2938
vn 0.1815 -0.8092 -0.5588
vn 0.2499 -0.5880 -0.7693
vn 0.3081 -0.0785 -0.9481
vn 0.3081 0.0785 -0.9481
vn 0.2499 0.5880 -0.7693
vn 0.1815 0.8092 -0.5588
vn 0.0954 0.9511 -0.2938
vn 0.0486 -0.9500 -0.3086
vn 0.0925 -0.8057 -0.5851
vn 0.1272 -0.5833 -0.8023
vn 0.1490 -0.3057 -0.9404
vn 0.1561 -0.0775 -0.9847
vn 0.1561 0.0774 -0.9847
vn 0.1490 0.3058 -0.9404
vn 0.0925 0.8057 -0.5851
vn 0.0486 0.9500 -0.3086
vn -0.1814 0.9511 0.2498
vn -0.5590 0.3091 0.7694
vn -0.5860 0.0784 0.8065
vn -0.5590 -0.3091 0.7694
vn -0.3453 -0.8092 0.4754
vn -0.0486 -0.9500 -0.3085
vn -0.1107 -0.9902 -0.0846
vn -0.1815 -0.8092 -0.5588
vn -0.0925 -0.8057 -0.5850
vn -0.2499 -0.5880 -0.7693
vn -0.1272 -0.5833 -0.8022
vn -0.1490 -0.3057 -0.9404
vn -0.3081 -0.0783 -0.9481
vn -0.1561 -0.0775 -0.9847
vn -0.1561 0.0775 -0.9847
vn -0.1490 0.3057 -0.9404
vn -0.2499 0.5881 -0.7692
vn -0.1271 0.5833 -0.8023
vn -0.1815 0.8092 -0.5587
vn -0.0924 0.8058 -0.5850
vn -0.0486 0.9500 -0.3084
vn -0.1816 -0.9511 -0.2499
vn -0.5589 -0.3092 -0.7694
vn -0.5859 -0.0785 -0.8065
vn -0.5859 0.0785 -0.8065
vn -0.5589 0.3092 -0.7694
vn -0.4754 0.5880 -0.6544
vn -0.3454 0.8092 -0.4753
vn -0.2498 -0.9511 -0.1816
vn -0.4754 -0.8092 -0.3453
vn -0.6544 -0.5880 -0.4754
vn -0.8065 -0.0785 -0.5860
vn -0.8065 0.0785 -0.5860
vn -0.4753 0.8092 -0.3453
vn -0.2498 0.9511 -0.1816
vn -0.2937 -0.9511 -0.0954
vn -0.5588 -0.8092 -0.1815
vn -0.7692 -0.5881 -0.2499
vn -0.9481 -0.0783 -0.3081
vn -0.7692 0.5880 -0.2499
vn -0.5588 0.8092 -0.1815
vn -0.2937 0.9511 -0.0954
vn -0.3088 -0.9508 -0.0244
vn -0.5870 -0.8083 -0.0464
vn -0.8073 -0.5868 -0.0636
vn -0.8073 0.5867 -0.0636
vn -0.3088 -0.9508 0.0244
vn -0.8073 -0.5867 0.0636
vn -0.9484 -0.3082 0.0746
vn -0.9938 -0.0784 0.0783
vn -0.9939 0.0782 0.0782
vn -0.9484 0.3082 0.0746
vn -0.8073 0.5867 0.0636
vn -0.5871 0.8082 0.0464
vn -0.2938 -0.9511 0.0954
vn -0.5588 -0.8092 0.1815
vn -0.7692 -0.5881 0.2499
vn -0.9044 -0.3092 0.2939
vn -0.9481 -0.0785 0.3081
vn -0.9044 0.3092 0.2939
vn -0.7692 0.5881 0.2499
vn -0.5588 0.8092 0.1815
vn -0.2938 0.9511 0.0954
vn -0.2498 -0.9511 0.1816
vn -0.6543 -0.5881 0.4755
vn -0.7693 -0.3093 0.5590
vn -0.8065 -0.0784 0.5860
vn -0.7693 0.3092 0.5590
vn -0.6543 0.5881 0.4755
vn -0.4753 0.8092 0.3453
vn -0.2498 0.9511 0.1815
vn -0.1892 -0.9636 -0.1891
vn -0.1892 -0.9636 0.1891
vn -0.3816 -0.9210 0.0785
vn -0.1818 -0.3763 0.9085
vn -0.1920 -0.1919 0.9625
vn -0.1818 0.3763 0.9085
vn 0.9624 -0.1919 0.1920
vn 0.9624 0.1919 0.1920
vn 0.9085 0.1818 0.3763
vn -0.3764 0.1817 -0.9085
vn 0.1818 0.3763 0.9085
vn 0.9085 -0.3763 -0.1818
vn 0.9085 0.3763 -0.1818
vn 0.3574 0.3574 -0.8629
vn 0.6428 -0.7661 -0.0000
vn 0.7661 -0.6428 -0.0000
vn 0.6428 0.7661 -0.0000
vn -0.9848 0.1737 -0.0000
vn -0.9848 -0.1737 -0.0000
vn 0.1737 0.9848 -0.0000
vn 0.1737 -0.9848 -0.0000
vn -0.0000 0.9848 0.1736
vn -0.0000 0.9397 0.3420
vn -0.0000 0.8660 0.5000
vn -0.0000 0.7660 0.6428
vn -0.0000 0.6428 0.7660
vn -0.0000 0.5000 0.8660
vn -0.0000 0.3420 0.9397
vn -0.0000 0.1737 0.9848
vn -0.0000 -0.1737 0.9848
vn -0.0000 -0.3420 0.9397
vn -0.0000 -0.5000 0.8660
vn -0.0000 -0.6428 0.7660
vn -0.0000 -0.7660 0.6428
vn -0.0000 -0.8660 0.5000
vn -0.0000 -0.9397 0.3420
vn -0.0000 -0.9848 0.1737
vn -0.0000 -0.9848 -0.1737
vn -0.0000 -0.9397 -0.3420
vn -0.0000 -0.8660 -0.5000
vn -0.0000 -0.7661 -0.6428
vn -0.0000 -0.6428 -0.7660
vn -0.0000 -0.5000 -0.8660
vn -0.0000 -0.3420 -0.9397
vn -0.0000 -0.1737 -0.9848
vn -0.0000 0.1737 -0.9848
vn -0.0000 0.3420 -0.9397
vn -0.0000 0.5000 -0.8660
vn -0.0000 0.6428 -0.7660
vn -0.0000 0.7661 -0.6428
vn -0.0000 0.8660 -0.5000
vn -0.0000 0.9397 -0.3420
vn -0.0000 0.9848 -0.1737
vn -0.0000 0.1736 0.9848
vn -0.0000 -0.1736 0.9848
vn -0.0000 -0.7660 -0.6428
vn -0.0000 -0.1736 -0.9848
vn -0.0000 0.1736 -0.9848
vn -0.0000 0.6428 -0.7661
vn -0.0000 0.7660 -0.6428
vn -0.0000 0.9848 -0.1736
vn 0.0251 -0.0938 -0.9953
vn 0.0534 -0.1995 -0.9784
vn -0.0000 -0.2065 -0.9784
vn -0.0000 -0.0972 -0.9953
vn 0.0487 -0.0842 -0.9953
vn 0.1033 -0.1788 -0.9784
vn 0.0688 -0.0687 -0.9953
vn 0.1460 -0.1460 -0.9784
vn 0.0841 -0.0486 -0.9953
vn 0.1788 -0.1032 -0.9785
vn 0.0938 -0.0251 -0.9953
vn 0.1995 -0.0534 -0.9784
vn 0.0972 -0.0000 -0.9953
vn 0.2065 -0.0000 -0.9784
vn 0.0939 0.0251 -0.9953
vn 0.1995 0.0534 -0.9784
vn 0.0842 0.0486 -0.9953
vn 0.1788 0.1032 -0.9784
vn 0.0686 0.0687 -0.9953
vn 0.1460 0.1460 -0.9784
vn 0.0485 0.0842 -0.9953
vn 0.1033 0.1788 -0.9784
vn 0.0251 0.0938 -0.9953
vn 0.0534 0.1995 -0.9784
vn -0.0000 0.0972 -0.9953
vn -0.0000 0.2065 -0.9784
vn -0.0251 0.0938 -0.9953
vn -0.0534 0.1995 -0.9784
vn -0.0485 0.0842 -0.9953
vn -0.1033 0.1788 -0.9784
vn -0.0687 0.0687 -0.9953
vn -0.1460 0.1460 -0.9784
vn -0.0843 0.0486 -0.9953
vn -0.1789 0.1032 -0.9784
vn -0.0939 0.0251 -0.9953
vn -0.1995 0.0534 -0.9784
vn -0.0972 -0.0000 -0.9953
vn -0.2065 -0.0000 -0.9784
vn -0.0938 -0.0251 -0.9953
vn -0.1995 -0.0535 -0.9784
vn -0.0841 -0.0486 -0.9953
vn -0.1788 -0.1032 -0.9785
vn -0.0688 -0.0687 -0.9953
vn -0.1460 -0.1460 -0.9784
vn -0.0486 -0.0841 -0.9953
vn -0.1033 -0.1788 -0.9784
vn -0.0251 -0.0938 -0.9953
vn -0.0534 -0.1994 -0.9785
vn 0.0894 -0.3337 -0.9384
vn -0.0000 -0.3455 -0.9384
vn 0.1727 -0.2992 -0.9384
vn 0.2443 -0.2443 -0.9384
vn 0.2992 -0.1728 -0.9384
vn 0.3337 -0.0894 -0.9384
vn 0.3455 -0.0000 -0.9384
vn 0.3337 0.0894 -0.9384
vn 0.2992 0.1728 -0.9384
vn 0.2443 0.2443 -0.9384
vn 0.1728 0.2992 -0.9384
vn 0.0895 0.3337 -0.9384
vn -0.0000 0.3455 -0.9384
vn -0.0894 0.3337 -0.9384
vn -0.1727 0.2992 -0.9384
vn -0.2443 0.2443 -0.9384
vn -0.2992 0.1727 -0.9384
vn -0.3337 0.0894 -0.9384
vn -0.3455 -0.0000 -0.9384
vn -0.3337 -0.0894 -0.9384
vn -0.2992 -0.1727 -0.9384
vn -0.2443 -0.2443 -0.9384
vn -0.1727 -0.2992 -0.9384
vn -0.0894 -0.3337 -0.9384
vn 0.1408 -0.5255 -0.8391
vn -0.0000 -0.5440 -0.8391
vn 0.2720 -0.4711 -0.8391
vn 0.3847 -0.3847 -0.8391
vn 0.4712 -0.2720 -0.8390
vn 0.5255 -0.1408 -0.8391
vn 0.5440 -0.0000 -0.8391
vn 0.5254 0.1408 -0.8391
vn 0.4711 0.2720 -0.8391
vn 0.3847 0.3847 -0.8391
vn 0.2720 0.4711 -0.8391
vn 0.1408 0.5255 -0.8391
vn -0.0000 0.5440 -0.8391
vn -0.1408 0.5255 -0.8391
vn -0.2720 0.4712 -0.8391
vn -0.3847 0.3847 -0.8391
vn -0.4711 0.2720 -0.8391
vn -0.5255 0.1408 -0.8391
vn -0.5440 -0.0000 -0.8391
vn -0.5255 -0.1408 -0.8391
vn -0.4711 -0.2720 -0.8391
vn -0.3847 -0.3847 -0.8391
vn -0.2720 -0.4711 -0.8391
vn -0.1408 -0.5255 -0.8391
vn 0.2129 -0.7944 -0.5688
vn -0.0000 -0.8225 -0.5688
vn 0.4113 -0.7122 -0.5688
vn 0.5816 -0.5816 -0.5688
vn 0.7123 -0.4113 -0.5688
vn 0.7945 -0.2128 -0.5688
vn 0.8225 -0.0000 -0.5688
vn 0.7945 0.2129 -0.5688
vn 0.7123 0.4113 -0.5688
vn 0.5816 0.5816 -0.5688
vn 0.4113 0.7123 -0.5688
vn 0.2129 0.7944 -0.5688
vn -0.0000 0.8225 -0.5688
vn -0.2129 0.7944 -0.5688
vn -0.4112 0.7123 -0.5688
vn -0.5816 0.5815 -0.5688
vn -0.7123 0.4112 -0.5688
vn -0.7944 0.2129 -0.5688
vn -0.8225 -0.0000 -0.5688
vn -0.7945 -0.2129 -0.5688
vn -0.7123 -0.4112 -0.5688
vn -0.5816 -0.5816 -0.5688
vn -0.4113 -0.7123 -0.5688
vn -0.2129 -0.7944 -0.5688
vn 0.2429 -0.9067 -0.3447
vn -0.0000 -0.9387 -0.3447
vn 0.4694 -0.8129 -0.3447
vn 0.6638 -0.6637 -0.3447
vn 0.8129 -0.4694 -0.3447
vn 0.9659 -0.2588 -0.0000
vn 0.9659 0.2588 -0.0000
vn 0.8129 0.4694 -0.3447
vn 0.6638 0.6638 -0.3447
vn 0.4694 0.8129 -0.3447
vn 0.2429 0.9067 -0.3447
vn -0.0000 0.9387 -0.3447
vn -0.2430 0.9067 -0.3447
vn -0.4694 0.8129 -0.3448
vn -0.6637 0.6638 -0.3448
vn -0.8129 0.4693 -0.3447
vn -0.9067 0.2429 -0.3448
vn -0.9387 -0.0000 -0.3448
vn -0.9067 -0.2429 -0.3447
vn -0.8130 -0.4693 -0.3447
vn -0.6638 -0.6638 -0.3447
vn -0.4694 -0.8129 -0.3447
vn -0.2429 -0.9067 -0.3447
vn 0.2429 -0.9068 0.3446
vn 0.2129 -0.7944 0.5688
vn -0.0000 -0.8225 0.5688
vn -0.0000 -0.9387 0.3446
vn 0.4694 -0.8130 0.3447
vn 0.4113 -0.7122 0.5688
vn 0.6638 -0.6638 0.3447
vn 0.5816 -0.5815 0.5688
vn 0.8130 -0.4694 0.3446
vn 0.7122 -0.4113 0.5688
vn 0.7944 -0.2129 0.5689
vn 0.8225 -0.0000 0.5688
vn 0.7944 0.2129 0.5688
vn 0.8130 0.4694 0.3446
vn 0.7123 0.4113 0.5688
vn 0.6638 0.6638 0.3447
vn 0.5816 0.5815 0.5689
vn 0.4694 0.8130 0.3446
vn 0.4112 0.7123 0.5688
vn 0.2429 0.9068 0.3446
vn 0.2129 0.7944 0.5688
vn -0.0000 0.9387 0.3446
vn -0.0000 0.8225 0.5688
vn -0.2430 0.9067 0.3446
vn -0.2129 0.7944 0.5688
vn -0.4694 0.8129 0.3447
vn -0.4112 0.7123 0.5689
vn -0.6638 0.6638 0.3447
vn -0.5815 0.5816 0.5689
vn -0.8130 0.4693 0.3447
vn -0.7123 0.4112 0.5688
vn -0.9067 0.2429 0.3447
vn -0.7944 0.2129 0.5688
vn -0.9387 -0.0000 0.3447
vn -0.8225 -0.0000 0.5688
vn -0.9067 -0.2429 0.3447
vn -0.7944 -0.2129 0.5688
vn -0.8130 -0.4694 0.3446
vn -0.7123 -0.4112 0.5688
vn -0.6638 -0.6638 0.3447
vn -0.5816 -0.5816 0.5688
vn -0.4694 -0.8130 0.3447
vn -0.4112 -0.7123 0.5688
vn -0.2430 -0.9068 0.3446
vn -0.2129 -0.7944 0.5688
vn 0.1408 -0.5255 0.8391
vn -0.0000 -0.5440 0.8391
vn 0.2720 -0.4711 0.8391
vn 0.3846 -0.3847 0.8391
vn 0.4711 -0.2720 0.8391
vn 0.5254 -0.1408 0.8391
vn 0.5440 -0.0000 0.8391
vn 0.5254 0.1408 0.8391
vn 0.4711 0.2720 0.8391
vn 0.3847 0.3847 0.8391
vn 0.2720 0.4711 0.8391
vn 0.1408 0.5255 0.8391
vn -0.0000 0.5440 0.8391
vn -0.1408 0.5255 0.8391
vn -0.2720 0.4712 0.8391
vn -0.3847 0.3847 0.8391
vn -0.4711 0.2720 0.8391
vn -0.5255 0.1408 0.8391
vn -0.5441 -0.0000 0.8391
vn -0.5255 -0.1408 0.8391
vn -0.4711 -0.2720 0.8391
vn -0.3847 -0.3847 0.8391
vn -0.2720 -0.4711 0.8391
vn -0.1408 -0.5255 0.8391
vn 0.0894 -0.3338 0.9384
vn -0.0000 -0.3455 0.9384
vn 0.1728 -0.2992 0.9384
vn 0.2443 -0.2443 0.9384
vn 0.2992 -0.1727 0.9384
vn 0.3338 -0.0894 0.9384
vn 0.3455 -0.0000 0.9384
vn 0.3338 0.0894 0.9384
vn 0.2992 0.1728 0.9384
vn 0.2443 0.2443 0.9384
vn 0.1728 0.2992 0.9384
vn 0.0895 0.3337 0.9384
vn -0.0000 0.3455 0.9384
vn -0.0895 0.3337 0.9384
vn -0.1727 0.2993 0.9384
vn -0.2443 0.2443 0.9384
vn -0.2992 0.1728 0.9384
vn -0.3337 0.0894 0.9384
vn -0.3455 -0.0000 0.9384
vn -0.3338 -0.0894 0.9384
vn -0.2992 -0.1728 0.9384
vn -0.2443 -0.2443 0.9384
vn -0.1728 -0.2992 0.9384
vn -0.0895 -0.3337 0.9384
vn 0.0534 -0.1994 0.9785
vn -0.0000 -0.2064 0.9785
vn 0.1033 -0.1788 0.9784
vn 0.1460 -0.1460 0.9785
vn 0.1787 -0.1032 0.9785
vn 0.1994 -0.0534 0.9785
vn 0.2064 -0.0000 0.9785
vn 0.1994 0.0534 0.9785
vn 0.1787 0.1032 0.9785
vn 0.1460 0.1460 0.9785
vn 0.1032 0.1788 0.9785
vn 0.0534 0.1994 0.9785
vn -0.0000 0.2064 0.9785
vn -0.0534 0.1994 0.9785
vn -0.1032 0.1788 0.9785
vn -0.1459 0.1460 0.9785
vn -0.1787 0.1032 0.9785
vn -0.1994 0.0534 0.9785
vn -0.2064 -0.0000 0.9785
vn -0.1994 -0.0534 0.9785
vn -0.1788 -0.1032 0.9785
vn -0.1460 -0.1460 0.9785
vn -0.1032 -0.1788 0.9785
vn -0.0534 -0.1994 0.9785
vn 0.0251 -0.0938 0.9953
vn -0.0000 -0.0972 0.9953
vn 0.0486 -0.0841 0.9953
vn 0.0687 -0.0687 0.9953
vn 0.0841 -0.0486 0.9953
vn 0.0938 -0.0251 0.9953
vn 0.0972 -0.0000 0.9953
vn 0.0938 0.0251 0.9953
vn 0.0842 0.0486 0.9953
vn 0.0688 0.0687 0.9953
vn 0.0486 0.0841 0.9953
vn 0.0250 0.0938 0.9953
vn -0.0000 0.0972 0.9953
vn -0.0250 0.0938 0.9953
vn -0.0486 0.0841 0.9953
vn -0.0688 0.0687 0.9953
vn -0.0842 0.0486 0.9953
vn -0.0939 0.0251 0.9953
vn -0.0972 -0.0000 0.9953
vn -0.0938 -0.0251 0.9953
vn -0.0841 -0.0486 0.9953
vn -0.0688 -0.0687 0.9953
vn -0.0486 -0.0842 0.9953
vn -0.0251 -0.0939 0.9953
vn 0.0253 0.0939 0.9953
vn 0.0535 0.1995 0.9784
vn -0.0000 0.2065 0.9784
vn 0.0486 0.0842 0.9953
vn 0.0686 0.0687 0.9953
vn 0.1460 0.1460 0.9784
vn 0.1788 0.1032 0.9785
vn 0.1995 0.0534 0.9784
vn 0.0971 -0.0000 0.9953
vn 0.2065 -0.0000 0.9784
vn 0.1788 -0.1032 0.9785
vn 0.0686 -0.0687 0.9953
vn 0.1460 -0.1460 0.9784
vn 0.1032 -0.1788 0.9785
vn 0.0253 -0.0939 0.9953
vn 0.0534 -0.1995 0.9784
vn -0.0000 -0.2065 0.9784
vn -0.0253 -0.0939 0.9953
vn -0.0535 -0.1995 0.9784
vn -0.1032 -0.1788 0.9784
vn -0.0687 -0.0687 0.9953
vn -0.1460 -0.1460 0.9784
vn -0.0939 -0.0252 0.9953
vn -0.1995 -0.0535 0.9784
vn -0.2065 -0.0000 0.9784
vn -0.0938 0.0252 0.9953
vn -0.1995 0.0535 0.9784
vn -0.0841 0.0486 0.9953
vn -0.1788 0.1032 0.9785
vn -0.0686 0.0687 0.9953
vn -0.1460 0.1460 0.9784
vn -0.0253 0.0938 0.9953
vn -0.0535 0.1995 0.9784
vn 0.0894 0.3337 0.9384
vn 0.3337 0.0894 0.9384
vn 0.3337 -0.0894 0.9384
vn 0.2992 -0.1728 0.9384
vn 0.0894 -0.3337 0.9384
vn -0.0894 -0.3337 0.9384
vn -0.2992 -0.1727 0.9384
vn -0.3337 -0.0894 0.9384
vn -0.2992 0.1727 0.9384
vn -0.1728 0.2992 0.9384
vn -0.0894 0.3337 0.9384
vn 0.4710 0.2720 0.8391
vn 0.3847 -0.3847 0.8391
vn -0.5254 -0.1408 0.8391
vn -0.5440 -0.0000 0.8391
vn -0.5254 0.1408 0.8391
vn -0.2720 0.4711 0.8391
vn 0.5815 0.5816 0.5688
vn 0.7122 0.4113 0.5688
vn 0.7945 0.2129 0.5688
vn 0.7944 -0.2129 0.5688
vn 0.7123 -0.4113 0.5688
vn 0.5816 -0.5816 0.5688
vn 0.4112 -0.7122 0.5689
vn -0.5815 -0.5816 0.5688
vn -0.5815 0.5816 0.5688
vn -0.4112 0.7123 0.5688
vn 0.2429 0.9067 0.3446
vn -0.0000 0.9387 0.3447
vn 0.4694 0.8130 0.3447
vn 0.2430 -0.9068 0.3446
vn -0.0000 -0.9387 0.3447
vn -0.2430 -0.9067 0.3447
vn -0.4694 -0.8129 0.3447
vn -0.8130 -0.4693 0.3447
vn -0.2430 0.9067 0.3447
vn 0.2429 0.9068 -0.3446
vn -0.0000 0.9387 -0.3446
vn 0.4694 0.8130 -0.3447
vn 0.4112 0.7123 -0.5688
vn 0.8130 0.4694 -0.3446
vn 0.7122 0.4113 -0.5688
vn 0.7944 0.2129 -0.5688
vn 0.7945 -0.2129 -0.5688
vn 0.8130 -0.4694 -0.3446
vn 0.7123 -0.4112 -0.5688
vn 0.6638 -0.6638 -0.3446
vn 0.4694 -0.8130 -0.3446
vn 0.4112 -0.7123 -0.5688
vn 0.2430 -0.9068 -0.3446
vn -0.0000 -0.9387 -0.3446
vn -0.2430 -0.9067 -0.3446
vn -0.4112 -0.7123 -0.5688
vn -0.5815 -0.5816 -0.5688
vn -0.8130 -0.4694 -0.3446
vn -0.7944 -0.2129 -0.5688
vn -0.9387 -0.0000 -0.3447
vn -0.9067 0.2429 -0.3447
vn -0.7945 0.2129 -0.5688
vn -0.8130 0.4694 -0.3446
vn -0.6638 0.6638 -0.3447
vn -0.5815 0.5816 -0.5688
vn -0.4694 0.8130 -0.3447
vn -0.2430 0.9068 -0.3446
vn 0.5254 -0.1408 -0.8391
vn 0.4711 -0.2720 -0.8391
vn -0.2720 0.4711 -0.8391
vn 0.0894 0.3338 -0.9384
vn 0.1728 0.2993 -0.9384
vn 0.2993 0.1728 -0.9384
vn 0.3338 0.0894 -0.9384
vn 0.3338 -0.0894 -0.9384
vn 0.1728 -0.2993 -0.9384
vn 0.0894 -0.3338 -0.9384
vn -0.0894 -0.3338 -0.9384
vn -0.1728 -0.2993 -0.9384
vn -0.2993 -0.1728 -0.9384
vn -0.3338 -0.0894 -0.9384
vn -0.3338 0.0894 -0.9384
vn -0.2993 0.1728 -0.9384
vn -0.1728 0.2993 -0.9384
vn -0.0894 0.3338 -0.9384
vn 0.0535 0.1994 -0.9785
vn -0.0000 0.2065 -0.9785
vn 0.1032 0.1788 -0.9785
vn 0.1460 0.1460 -0.9785
vn 0.1788 0.1032 -0.9785
vn 0.1994 0.0534 -0.9785
vn 0.2065 -0.0000 -0.9785
vn 0.1994 -0.0534 -0.9785
vn 0.1460 -0.1460 -0.9785
vn 0.1033 -0.1788 -0.9785
vn 0.0535 -0.1994 -0.9785
vn -0.0000 -0.2064 -0.9785
vn -0.0535 -0.1994 -0.9785
vn -0.1032 -0.1788 -0.9785
vn -0.1460 -0.1460 -0.9785
vn -0.1994 -0.0534 -0.9785
vn -0.2065 -0.0000 -0.9785
vn -0.1994 0.0534 -0.9785
vn -0.1788 0.1032 -0.9785
vn -0.1460 0.1460 -0.9785
vn -0.1032 0.1788 -0.9785
vn -0.0535 0.1994 -0.9785
vn 0.0485 0.0841 -0.9953
vn 0.0688 0.0687 -0.9953
vn 0.0938 0.0251 -0.9953
vn 0.0971 -0.0000 -0.9953
vn 0.0485 -0.0841 -0.9953
vn -0.0000 -0.0971 -0.9953
vn -0.0251 -0.0939 -0.9953
vn -0.0485 -0.0842 -0.9953
vn -0.0971 -0.0000 -0.9953
vn -0.0938 0.0251 -0.9953
vn -0.0841 0.0486 -0.9953
vn -0.0251 0.0939 -0.9953
vn -0.9953 0.0938 0.0252
vn -0.9784 0.1995 0.0534
vn -0.9784 0.2065 -0.0000
vn -0.9953 0.0971 -0.0000
vn -0.9953 0.0841 0.0486
vn -0.9785 0.1788 0.1032
vn -0.9953 0.0686 0.0687
vn -0.9784 0.1460 0.1460
vn -0.9953 0.0486 0.0842
vn -0.9784 0.1032 0.1788
vn -0.9953 0.0252 0.0938
vn -0.9784 0.0534 0.1995
vn -0.9953 -0.0000 0.0972
vn -0.9784 -0.0000 0.2065
vn -0.9953 -0.0252 0.0938
vn -0.9785 -0.0534 0.1994
vn -0.9953 -0.0485 0.0841
vn -0.9784 -0.1032 0.1788
vn -0.9953 -0.0686 0.0687
vn -0.9784 -0.1460 0.1460
vn -0.9953 -0.0841 0.0486
vn -0.9784 -0.1788 0.1032
vn -0.9953 -0.0938 0.0251
vn -0.9784 -0.1995 0.0534
vn -0.9953 -0.0971 -0.0000
vn -0.9784 -0.2065 -0.0000
vn -0.9953 -0.0938 -0.0251
vn -0.9784 -0.1995 -0.0534
vn -0.9953 -0.0841 -0.0486
vn -0.9785 -0.1788 -0.1032
vn -0.9953 -0.0687 -0.0687
vn -0.9784 -0.1460 -0.1460
vn -0.9953 -0.0486 -0.0841
vn -0.9784 -0.1033 -0.1788
vn -0.9953 -0.0251 -0.0938
vn -0.9784 -0.0534 -0.1995
vn -0.9953 -0.0000 -0.0972
vn -0.9784 -0.0000 -0.2065
vn -0.9953 0.0251 -0.0939
vn -0.9785 0.0534 -0.1994
vn -0.9953 0.0486 -0.0841
vn -0.9784 0.1032 -0.1788
vn -0.9953 0.0687 -0.0687
vn -0.9784 0.1460 -0.1460
vn -0.9953 0.0841 -0.0486
vn -0.9784 0.1788 -0.1032
vn -0.9953 0.0938 -0.0252
vn -0.9784 0.1995 -0.0534
vn -0.9384 0.3337 0.0894
vn -0.9384 0.3455 -0.0000
vn -0.9384 0.2992 0.1728
vn -0.9384 0.2443 0.2443
vn -0.9384 0.1728 0.2992
vn -0.9384 0.0894 0.3337
vn -0.9384 -0.0000 0.3455
vn -0.9384 -0.0894 0.3337
vn -0.9384 -0.1728 0.2992
vn -0.9384 -0.2443 0.2443
vn -0.9384 -0.2992 0.1728
vn -0.9384 -0.3337 0.0894
vn -0.9384 -0.3455 -0.0000
vn -0.9384 -0.3337 -0.0894
vn -0.9384 -0.2992 -0.1728
vn -0.9384 -0.2443 -0.2443
vn -0.9384 -0.1728 -0.2992
vn -0.9384 -0.0894 -0.3337
vn -0.9384 -0.0000 -0.3455
vn -0.9384 0.0894 -0.3337
vn -0.9384 0.1728 -0.2992
vn -0.9384 0.2443 -0.2443
vn -0.9384 0.2992 -0.1728
vn -0.9384 0.3337 -0.0894
vn -0.8391 0.5255 0.1408
vn -0.8391 0.5440 -0.0000
vn -0.8391 0.4711 0.2720
vn -0.8391 0.3847 0.3847
vn -0.8391 0.2720 0.4711
vn -0.8391 0.1408 0.5255
vn -0.8391 -0.0000 0.5440
vn -0.8391 -0.1408 0.5254
vn -0.8391 -0.2720 0.4711
vn -0.8391 -0.3847 0.3847
vn -0.8391 -0.4711 0.2720
vn -0.8391 -0.5255 0.1408
vn -0.8391 -0.5440 -0.0000
vn -0.8391 -0.5255 -0.1408
vn -0.8391 -0.4711 -0.2720
vn -0.8391 -0.3846 -0.3846
vn -0.8391 -0.2720 -0.4711
vn -0.8391 -0.1408 -0.5255
vn -0.8391 -0.0000 -0.5440
vn -0.8391 0.1408 -0.5254
vn -0.8391 0.2720 -0.4711
vn -0.8391 0.3846 -0.3846
vn -0.8391 0.4711 -0.2720
vn -0.8391 0.5255 -0.1408
vn -0.5688 0.7944 0.2129
vn -0.5688 0.8225 -0.0000
vn -0.5688 0.7123 0.4112
vn -0.5688 0.5816 0.5816
vn -0.5688 0.4113 0.7123
vn -0.5688 0.2129 0.7944
vn -0.5688 -0.0000 0.8225
vn -0.5688 -0.2129 0.7944
vn -0.5688 -0.4112 0.7123
vn -0.5688 -0.5816 0.5816
vn -0.5688 -0.7123 0.4112
vn -0.5688 -0.7944 0.2129
vn -0.5688 -0.8225 -0.0000
vn -0.5688 -0.7944 -0.2129
vn -0.5688 -0.7123 -0.4112
vn -0.5688 -0.5816 -0.5816
vn -0.5688 -0.4112 -0.7123
vn -0.5688 -0.2129 -0.7945
vn -0.5688 -0.0000 -0.8225
vn -0.5688 0.2129 -0.7945
vn -0.5688 0.4112 -0.7123
vn -0.5688 0.5816 -0.5816
vn -0.5688 0.7123 -0.4112
vn -0.5688 0.7944 -0.2129
vn -0.3447 0.9067 0.2430
vn -0.3447 0.9387 -0.0000
vn -0.3447 0.8129 0.4694
vn -0.0000 0.7071 0.7071
vn -0.0000 0.2588 0.9659
vn -0.3447 -0.0000 0.9387
vn -0.0000 -0.2588 0.9659
vn -0.0000 -0.7071 0.7071
vn -0.3447 -0.8130 0.4694
vn -0.3447 -0.9067 0.2430
vn -0.3447 -0.9387 -0.0000
vn -0.3447 -0.9067 -0.2430
vn -0.3447 -0.8130 -0.4694
vn -0.3447 -0.6638 -0.6638
vn -0.0000 -0.2588 -0.9659
vn -0.3447 -0.0000 -0.9387
vn -0.0000 0.2588 -0.9659
vn -0.3447 0.6638 -0.6638
vn -0.3447 0.8130 -0.4694
vn -0.3447 0.9067 -0.2430
vn 0.3446 0.9068 0.2430
vn 0.5688 0.7944 0.2129
vn 0.5688 0.8225 -0.0000
vn 0.3446 0.9387 -0.0000
vn 0.3446 0.8130 0.4694
vn 0.5688 0.7123 0.4112
vn 0.5688 0.5816 0.5816
vn 0.5688 0.4112 0.7123
vn 0.5688 0.2129 0.7945
vn 0.3446 -0.0000 0.9387
vn 0.5688 -0.0000 0.8225
vn 0.5688 -0.2129 0.7945
vn 0.5688 -0.4112 0.7123
vn 0.5688 -0.5816 0.5816
vn 0.3446 -0.8130 0.4694
vn 0.5688 -0.7123 0.4112
vn 0.3446 -0.9068 0.2430
vn 0.5688 -0.7944 0.2129
vn 0.3446 -0.9387 -0.0000
vn 0.5688 -0.8225 -0.0000
vn 0.3446 -0.9067 -0.2430
vn 0.5688 -0.7944 -0.2129
vn 0.3446 -0.8130 -0.4694
vn 0.5688 -0.7123 -0.4113
vn 0.3446 -0.6638 -0.6638
vn 0.5688 -0.5816 -0.5816
vn 0.5688 -0.4113 -0.7123
vn 0.5688 -0.2129 -0.7945
vn 0.3446 -0.0000 -0.9387
vn 0.5688 -0.0000 -0.8225
vn 0.5688 0.2129 -0.7945
vn 0.5688 0.4113 -0.7123
vn 0.3446 0.6638 -0.6638
vn 0.5688 0.5816 -0.5816
vn 0.3446 0.8130 -0.4694
vn 0.5688 0.7123 -0.4112
vn 0.3446 0.9068 -0.2430
vn 0.5688 0.7944 -0.2129
vn 0.8391 0.5254 0.1408
vn 0.8391 0.5440 -0.0000
vn 0.8391 0.4711 0.2720
vn 0.8391 0.3847 0.3847
vn 0.8391 0.2720 0.4711
vn 0.8391 0.1408 0.5255
vn 0.8391 -0.0000 0.5440
vn 0.8391 -0.1408 0.5254
vn 0.8391 -0.2720 0.4711
vn 0.8391 -0.3847 0.3847
vn 0.8391 -0.4711 0.2720
vn 0.8391 -0.5255 0.1408
vn 0.8391 -0.5440 -0.0000
vn 0.8391 -0.5255 -0.1408
vn 0.8391 -0.4711 -0.2720
vn 0.8391 -0.3846 -0.3846
vn 0.8391 -0.2720 -0.4711
vn 0.8391 -0.1408 -0.5254
vn 0.8391 -0.0000 -0.5440
vn 0.8391 0.1408 -0.5254
vn 0.8391 0.2720 -0.4711
vn 0.8391 0.3846 -0.3846
vn 0.8391 0.4711 -0.2720
vn 0.8391 0.5255 -0.1408
vn 0.9384 0.3337 0.0894
vn 0.9384 0.3455 -0.0000
vn 0.9384 0.2992 0.1728
vn 0.9384 0.2443 0.2443
vn 0.9384 0.1728 0.2992
vn 0.9384 0.0894 0.3337
vn 0.9384 -0.0000 0.3455
vn 0.9384 -0.0894 0.3337
vn 0.9384 -0.1728 0.2992
vn 0.9384 -0.2443 0.2443
vn 0.9384 -0.2992 0.1728
vn 0.9384 -0.3337 0.0894
vn 0.9384 -0.3455 -0.0000
vn 0.9384 -0.3337 -0.0894
vn 0.9384 -0.2992 -0.1728
vn 0.9384 -0.2443 -0.2443
vn 0.9384 -0.1728 -0.2992
vn 0.9384 -0.0894 -0.3337
vn 0.9384 -0.0000 -0.3455
vn 0.9384 0.0894 -0.3337
vn 0.9384 0.1728 -0.2992
vn 0.9384 0.2443 -0.2443
vn 0.9384 0.2992 -0.1728
vn 0.9384 0.3337 -0.0894
vn 0.9784 0.1994 0.0534
vn 0.9785 0.2065 -0.0000
vn 0.9785 0.1788 0.1032
vn 0.9785 0.1460 0.1460
vn 0.9785 0.1032 0.1788
vn 0.9785 0.0534 0.1994
vn 0.9785 -0.0000 0.2065
vn 0.9785 -0.0535 0.1994
vn 0.9784 -0.1033 0.1788
vn 0.9785 -0.1460 0.1460
vn 0.9785 -0.1788 0.1032
vn 0.9785 -0.1994 0.0534
vn 0.9784 -0.2065 -0.0000
vn 0.9785 -0.1994 -0.0534
vn 0.9785 -0.1788 -0.1032
vn 0.9785 -0.1460 -0.1460
vn 0.9784 -0.1032 -0.1788
vn 0.9785 -0.0534 -0.1994
vn 0.9785 -0.0000 -0.2065
vn 0.9784 0.0535 -0.1994
vn 0.9785 0.1033 -0.1788
vn 0.9785 0.1460 -0.1460
vn 0.9784 0.1788 -0.1032
vn 0.9785 0.1994 -0.0534
vn 0.9953 0.0939 0.0251
vn 0.9953 0.0972 -0.0000
vn 0.9953 0.0842 0.0486
vn 0.9953 0.0688 0.0687
vn 0.9953 0.0485 0.0841
vn 0.9953 0.0251 0.0938
vn 0.9953 -0.0000 0.0972
vn 0.9953 -0.0251 0.0938
vn 0.9953 -0.0486 0.0841
vn 0.9953 -0.0688 0.0687
vn 0.9953 -0.0842 0.0486
vn 0.9953 -0.0939 0.0251
vn 0.9953 -0.0972 -0.0000
vn 0.9953 -0.0938 -0.0251
vn 0.9953 -0.0842 -0.0486
vn 0.9953 -0.0687 -0.0687
vn 0.9953 -0.0485 -0.0841
vn 0.9953 -0.0252 -0.0939
vn 0.9953 -0.0000 -0.0972
vn 0.9953 0.0252 -0.0938
vn 0.9953 0.0486 -0.0841
vn 0.9953 0.0687 -0.0687
vn 0.9953 0.0842 -0.0486
vn 0.9953 0.0938 -0.0251
vn -0.9785 0.1994 0.0534
vn -0.9953 -0.0252 0.0939
vn -0.9784 -0.0534 0.1995
vn -0.9953 -0.0938 0.0252
vn -0.9953 -0.0972 -0.0000
vn -0.9785 -0.1994 -0.0534
vn -0.9784 -0.1032 -0.1788
vn -0.9953 0.0251 -0.0938
vn -0.9784 0.0534 -0.1995
vn -0.9953 0.0938 -0.0251
vn -0.8391 -0.1408 0.5255
vn -0.8391 -0.5254 -0.1408
vn -0.8391 -0.3847 -0.3847
vn -0.8391 -0.1408 -0.5254
vn -0.8391 0.1408 -0.5255
vn -0.8391 0.3847 -0.3847
vn -0.5688 0.4112 0.7123
vn -0.5688 -0.5816 -0.5815
vn -0.3447 0.6638 0.6638
vn -0.3447 0.4694 0.8130
vn -0.3447 0.2429 0.9067
vn -0.3447 -0.2429 0.9067
vn -0.3447 -0.4694 0.8130
vn -0.3447 -0.6638 0.6638
vn -0.3447 -0.8129 0.4694
vn -0.3447 -0.8129 -0.4694
vn -0.3447 0.8129 -0.4694
vn 0.3446 0.9067 0.2430
vn 0.3447 0.8130 0.4694
vn 0.3447 0.6638 0.6638
vn 0.3447 0.4694 0.8130
vn 0.3446 0.2429 0.9068
vn 0.3446 -0.2429 0.9067
vn 0.5688 -0.2128 0.7945
vn 0.3447 -0.4694 0.8130
vn 0.3447 -0.6638 0.6638
vn 0.3447 -0.8130 0.4694
vn 0.3446 -0.9067 0.2430
vn 0.3447 -0.8130 -0.4694
vn 0.5688 -0.7123 -0.4112
vn 0.3447 -0.6638 -0.6638
vn 0.5688 -0.4112 -0.7123
vn 0.5687 -0.2129 -0.7945
vn 0.5687 -0.0000 -0.8226
vn 0.5687 0.2129 -0.7945
vn 0.5688 0.4112 -0.7123
vn 0.3447 0.6638 -0.6638
vn 0.3447 0.8130 -0.4694
vn 0.3446 0.9067 -0.2430
vn 0.8391 0.5255 0.1408
vn 0.8391 0.3846 0.3847
vn 0.8391 0.1408 0.5254
vn 0.8391 -0.1408 0.5255
vn 0.8391 -0.3846 0.3847
vn 0.8391 -0.5254 -0.1408
vn 0.8391 -0.3847 -0.3847
vn 0.8391 -0.1408 -0.5255
vn 0.8391 0.1408 -0.5255
vn 0.8391 0.3847 -0.3847
vn 0.9384 -0.2992 0.1727
vn 0.9785 0.1994 0.0534
vn 0.9784 -0.0535 0.1995
vn 0.9785 -0.2065 -0.0000
vn 0.9784 -0.0534 -0.1995
vn 0.9785 0.0535 -0.1994
vn 0.9953 0.0687 0.0687
vn 0.9953 -0.0251 0.0939
vn 0.9953 -0.0939 -0.0251
vn 0.9953 -0.0251 -0.0938
vn 0.9953 0.0939 -0.0251
vn -0.9953 0.0486 0.0841
vn -0.9953 -0.0486 0.0841
vn -0.9784 -0.1788 -0.1032
vn -0.9953 -0.0252 -0.0938
vn -0.9953 0.0252 -0.0939
vn -0.9785 0.1460 -0.1460
vn -0.9785 0.1788 -0.1032
vn -0.9384 -0.2992 0.1727
vn -0.8391 0.5254 -0.1408
vn -0.5688 0.2129 0.7945
vn -0.5688 -0.5816 0.5815
vn -0.5688 -0.2129 -0.7944
vn -0.5688 0.2129 -0.7944
vn -0.5688 0.5816 -0.5815
vn -0.3447 0.8130 0.4694
vn -0.3447 0.2430 0.9067
vn -0.3447 -0.2430 0.9067
vn -0.3447 -0.4694 -0.8130
vn -0.3447 -0.2430 -0.9067
vn -0.3447 0.2430 -0.9067
vn -0.3447 0.4694 -0.8130
vn 0.3446 0.6638 0.6638
vn 0.3446 0.4694 0.8130
vn 0.3446 0.2430 0.9067
vn 0.3446 -0.2430 0.9067
vn 0.5688 -0.2129 0.7944
vn 0.3446 -0.4694 0.8130
vn 0.3446 -0.6638 0.6638
vn 0.5688 -0.7123 0.4113
vn 0.5689 -0.5815 -0.5816
vn 0.3446 -0.4694 -0.8130
vn 0.3446 -0.2430 -0.9068
vn 0.5688 -0.2129 -0.7944
vn 0.3446 0.2430 -0.9067
vn 0.5688 0.2129 -0.7944
vn 0.3446 0.4694 -0.8130
vn 0.9384 0.1727 -0.2992
vn 0.9785 -0.0534 0.1994
vn 0.9784 -0.1460 0.1460
vn 0.9785 -0.0534 -0.1995
vn 0.9785 0.0534 -0.1994
vn 0.9785 0.1032 -0.1788
vn 0.9784 0.1789 -0.1033
vn 0.9953 0.0938 0.0251
vn 0.9953 0.0251 0.0939
vn 0.9953 -0.0688 -0.0687
vn 0.9953 -0.0485 -0.0842
vn 0.9953 -0.0251 -0.0939
vn 0.9953 0.0251 -0.0939
vn 0.9953 0.0688 -0.0687
vn -0.9953 0.0840 0.0486
vn -0.9785 0.1032 0.1788
vn -0.9785 -0.1032 0.1788
vn -0.9953 -0.0687 0.0687
vn -0.9785 -0.1788 0.1032
vn -0.9953 -0.0686 -0.0687
vn -0.9953 -0.0486 -0.0842
vn -0.9953 0.0252 -0.0938
vn -0.9785 0.1032 -0.1788
vn -0.9384 0.1727 0.2992
vn -0.9384 -0.1727 -0.2992
vn -0.5688 -0.0000 0.8224
vn -0.5688 -0.0000 -0.8224
vn -0.5688 0.4113 -0.7123
vn 0.5688 0.2129 0.7944
vn 0.5688 -0.7945 0.2129
vn 0.3446 -0.9068 -0.2430
vn 0.3446 -0.2430 -0.9067
vn 0.8391 0.3846 0.3846
vn 0.9384 0.2992 0.1727
vn 0.9384 -0.2992 -0.1727
vn 0.9784 -0.1032 0.1788
vn 0.9785 0.1788 -0.1033
vn 0.9953 -0.0485 0.0842
vn 0.9953 -0.0841 0.0486
vn 0.9953 -0.0938 0.0251
vn 0.9953 0.0485 -0.0841
vn -0.9659 -0.2588 -0.0000
vn -0.8511 -0.5250 -0.0000
vn -0.8192 -0.5736 -0.0000
vn -0.5250 -0.8511 -0.0000
vn -0.5736 -0.8191 -0.0000
vn -0.3693 -0.9293 -0.0000
vn -0.4226 -0.9063 -0.0000
vn 0.6087 -0.7934 -0.0000
vn 0.5736 -0.8192 -0.0000
vn 0.5736 -0.8191 -0.0000
vn 0.7844 -0.6202 -0.0000
vn 0.8192 -0.5736 -0.0000
vn 0.8802 -0.4745 -0.0000
vn 0.8659 -0.5002 -0.0000
vn 0.9063 -0.4226 -0.0000
vn 0.9493 -0.3145 -0.0000
vn -0.9493 -0.3145 -0.0000
vn -0.8659 -0.5002 -0.0000
vn -0.7844 -0.6202 -0.0000
vn -0.7658 -0.6431 -0.0000
vn -0.6429 -0.7660 -0.0000
vn -0.5374 -0.8434 -0.0000
vn -0.5736 -0.8192 -0.0000
vn 0.5250 -0.8511 -0.0000
vn 0.6648 -0.7470 -0.0000
vn 0.7071 -0.7071 -0.0000
vn 0.7845 -0.6202 -0.0000
vn 0.9848 0.1737 -0.0000
vn 0.9848 -0.1737 -0.0000
vn -0.1737 0.9848 -0.0000
vn -0.1737 -0.9848 -0.0000
vn 0.6202 -0.7845 -0.0000
vn 0.8802 -0.4746 -0.0000
vn 0.9397 -0.3419 -0.0000
vn 0.9069 0.4213 -0.0000
vn 0.9275 0.3739 -0.0000
vn -0.9069 -0.4213 -0.0000
vn -0.9275 -0.3739 -0.0000
vn 0.8587 0.5125 -0.0000
vn -0.8587 -0.5125 -0.0000
vn 0.8013 0.5983 -0.0000
vn -0.8013 -0.5983 -0.0000
vn 0.7353 0.6777 -0.0000
vn -0.7353 -0.6777 -0.0000
vn 0.6615 0.7499 -0.0000
vn -0.6615 -0.7499 -0.0000
vn 0.5807 0.8141 -0.0000
vn -0.5807 -0.8141 -0.0000
vn 0.4937 0.8696 -0.0000
vn -0.4937 -0.8696 -0.0000
vn 0.4014 0.9159 -0.0000
vn -0.4014 -0.9159 -0.0000
vn 0.3049 0.9524 -0.0000
vn -0.3049 -0.9524 -0.0000
vn 0.2051 0.9787 -0.0000
vn -0.2051 -0.9787 -0.0000
vn 0.1031 0.9947 -0.0000
vn -0.1031 -0.9947 -0.0000
vn -0.1031 0.9947 -0.0000
vn 0.1031 -0.9947 -0.0000
vn -0.2051 0.9787 -0.0000
vn 0.2051 -0.9787 -0.0000
vn -0.3049 0.9524 -0.0000
vn 0.3049 -0.9524 -0.0000
vn -0.4014 0.9159 -0.0000
vn 0.4014 -0.9159 -0.0000
vn -0.4937 0.8696 -0.0000
vn 0.4937 -0.8696 -0.0000
vn -0.5807 0.8141 -0.0000
vn 0.5807 -0.8141 -0.0000
vn -0.6615 0.7499 -0.0000
vn 0.6615 -0.7499 -0.0000
vn -0.7353 0.6777 -0.0000
vn 0.7353 -0.6777 -0.0000
vn -0.8013 0.5983 -0.0000
vn 0.8013 -0.5983 -0.0000
vn -0.8587 0.5125 -0.0000
vn 0.8587 -0.5125 -0.0000
vn -0.9069 0.4213 -0.0000
vn 0.9069 -0.4213 -0.0000
vn -0.9275 0.3739 -0.0000
vn 0.9275 -0.3739 -0.0000
vn -0.0079 -1.0000 -0.0000
vn 0.9981 0.0618 -0.0000
vn -0.9728 0.2316 -0.0000
vn -0.9980 0.0632 -0.0000
vn 0.9718 0.2357 -0.0000
vn -0.8311 0.5562 -0.0000
vn -0.7984 -0.1798 0.5747
vn 0.8311 -0.5562 -0.0000
vn -0.9728 0.2315 -0.0000
vn -0.5125 -0.8587 -0.0000
vn -0.0000 -0.4472 0.8944
vt 0.201966 0.552551
vt 0.007596 0.586824
vt 0.000000 0.500000
vt 0.197368 0.500000
vt 0.027778 0.000000
vt 0.027778 1.000000
vt 0.000000 1.000000
vt 0.000000 0.000000
vt 0.992404 0.586824
vt 0.798034 0.552551
vt 0.802632 0.500000
vt 1.000000 0.500000
vt 0.215619 0.603506
vt 0.030154 0.671010
vt 0.055556 0.000000
vt 0.055556 1.000000
vt 0.969846 0.671010
vt 0.784381 0.603506
vt 0.237913 0.651316
vt 0.066987 0.750000
vt 0.083333 0.000000
vt 0.083333 1.000000
vt 0.933013 0.750000
vt 0.762087 0.651316
vt 0.268171 0.694528
vt 0.116978 0.821394
vt 0.111111 0.000000
vt 0.111111 1.000000
vt 0.883022 0.821394
vt 0.731829 0.694528
vt 0.305472 0.731829
vt 0.178606 0.883022
vt 0.138889 0.000000
vt 0.138889 1.000000
vt 0.821394 0.883022
vt 0.694528 0.731829
vt 0.348684 0.762087
vt 0.250000 0.933013
vt 0.166667 0.000000
vt 0.166667 1.000000
vt 0.750000 0.933013
vt 0.651316 0.762087
vt 0.396494 0.784381
vt 0.328990 0.969846
vt 0.194444 0.000000
vt 0.194444 1.000000
vt 0.671010 0.969846
vt 0.603506 0.784381
vt 0.447449 0.798034
vt 0.413176 0.992404
vt 0.222222 0.000000
vt 0.222222 1.000000
vt 0.586824 0.992404
vt 0.552551 0.798034
vt 0.500000 0.802632
vt 0.500000 1.000000
vt 0.250000 0.000000
vt 0.250000 1.000000
vt 0.277778 0.000000
vt 0.277778 1.000000
vt 0.305556 0.000000
vt 0.305556 1.000000
vt 0.333333 0.000000
vt 0.333333 1.000000
vt 0.361111 0.000000
vt 0.361111 1.000000
vt 0.388889 0.000000
vt 0.388889 1.000000
vt 0.416667 0.000000
vt 0.416667 1.000000
vt 0.444444 0.000000
vt 0.444444 1.000000
vt 0.472222 0.000000
vt 0.472222 1.000000
vt 0.500000 0.000000
vt 0.798034 0.447449
vt 0.992404 0.413176
vt 0.527778 0.000000
vt 0.527778 1.000000
vt 0.007596 0.413176
vt 0.201966 0.447449
vt 0.784381 0.396494
vt 0.969846 0.328990
vt 0.555556 0.000000
vt 0.555556 1.000000
vt 0.030154 0.328990
vt 0.215619 0.396494
vt 0.762087 0.348684
vt 0.933013 0.250000
vt 0.583333 0.000000
vt 0.583333 1.000000
vt 0.066987 0.250000
vt 0.237913 0.348684
vt 0.731829 0.305472
vt 0.883022 0.178606
vt 0.611111 0.000000
vt 0.611111 1.000000
vt 0.116978 0.178606
vt 0.268171 0.305472
vt 0.694528 0.268171
vt 0.821394 0.116978
vt 0.638889 0.000000
vt 0.638889 1.000000
vt 0.178606 0.116978
vt 0.305472 0.268171
vt 0.651316 0.237913
vt 0.750000 0.066987
vt 0.666667 0.000000
vt 0.666667 1.000000
vt 0.250000 0.066987
vt 0.348684 0.237913
vt 0.603506 0.215619
vt 0.671010 0.030154
vt 0.694444 0.000000
vt 0.694444 1.000000
vt 0.328990 0.030154
vt 0.396494 0.215619
vt 0.552551 0.201966
vt 0.586824 0.007596
vt 0.722222 0.000000
vt 0.722222 1.000000
vt 0.413176 0.007596
vt 0.447449 0.201966
vt 0.500000 0.197369
vt 0.750000 0.000000
vt 0.750000 1.000000
vt 0.777778 0.000000
vt 0.777778 1.000000
vt 0.805556 0.000000
vt 0.805556 1.000000
vt 0.833333 0.000000
vt 0.833333 1.000000
vt 0.861111 0.000000
vt 0.861111 1.000000
vt 0.888889 0.000000
vt 0.888889 1.000000
vt 0.916667 0.000000
vt 0.916667 1.000000
vt 0.944444 0.000000
vt 0.944444 1.000000
vt 0.972222 0.000000
vt 0.972222 1.000000
vt 1.000000 0.000000
vt 1.000000 1.000000
vt 0.126632 0.066721
vt 0.000000 0.200000
vt 0.125118 0.000000
vt 0.131027 0.200000
vt 0.319125 0.063093
vt 0.319744 0.047816
vt 0.428571 0.200000
vt 0.308282 0.200000
vt 0.311387 0.171318
vt 0.321673 0.000053
vt 0.428565 0.000211
vt 0.571429 0.000000
vt 0.571429 0.200000
vt 0.428571 0.000000
vt 0.714286 0.200000
vt 0.698608 0.000000
vt 0.704749 0.069042
vt 0.714274 0.130250
vt 0.717704 0.177380
vt 0.720171 0.200000
vt 0.714286 0.130324
vt 1.000000 0.200000
vt 0.977440 0.069194
vt 0.997334 0.000000
vt 0.939288 0.200000
vt 0.946371 0.177380
vt 0.137298 0.263649
vt 0.142857 0.304792
vt 0.142857 0.400000
vt 0.000000 0.400000
vt 0.150447 0.353515
vt 0.160789 0.400000
vt 0.285714 0.361966
vt 0.285714 0.400000
vt 0.277252 0.400000
vt 1.000000 0.400000
vt 0.906564 0.275162
vt 0.869672 0.400000
vt 0.880969 0.359569
vt 0.142857 0.600000
vt 0.142857 0.800000
vt 0.000000 0.800000
vt 0.000000 0.600000
vt 0.285714 0.634612
vt 0.285714 0.800000
vt 0.428571 0.600000
vt 0.428571 0.800000
vt 0.285714 0.600000
vt 0.571429 0.600000
vt 0.571429 0.800000
vt 0.708881 0.614047
vt 0.714286 0.800000
vt 0.857143 0.600000
vt 0.857143 0.800000
vt 0.714286 0.600000
vt 1.000000 0.600000
vt 1.000000 0.800000
vt 0.142857 1.000000
vt 0.285714 1.000000
vt 0.428571 1.000000
vt 0.571429 1.000000
vt 0.714286 1.000000
vt 0.857143 1.000000
vt 0.166667 0.200000
vt 0.333333 0.200000
vt 0.500000 0.200000
vt 0.666667 0.200000
vt 0.833333 0.200000
vt 0.166667 0.400000
vt 0.333333 0.400000
vt 0.500000 0.400000
vt 0.666667 0.400000
vt 0.833333 0.400000
vt 0.148385 0.421939
vt 0.166667 0.600000
vt 0.028110 0.566269
vt 0.046392 0.455670
vt 0.315051 0.421939
vt 0.333333 0.600000
vt 0.184949 0.421939
vt 0.815051 0.421939
vt 0.833333 0.600000
vt 0.666667 0.600000
vt 0.684949 0.421939
vt 0.953608 0.455670
vt 0.971890 0.566269
vt 0.851615 0.421939
vt 0.148385 0.778062
vt 0.046392 0.744330
vt 0.028110 0.633731
vt 0.315051 0.778062
vt 0.184949 0.778062
vt 0.815051 0.778062
vt 0.684949 0.778062
vt 0.971890 0.633731
vt 0.953608 0.744330
vt 0.851615 0.778062
vt 0.166667 0.800000
vt 0.333333 0.800000
vt 0.833333 0.800000
vt 0.666667 0.800000
vt 0.002666 0.000000
vt 0.022560 0.069194
vt 0.053629 0.177380
vt 0.060712 0.200000
vt 0.285714 0.200000
vt 0.278865 0.200000
vt 0.281221 0.178101
vt 0.285714 0.115349
vt 0.292948 0.069176
vt 0.299176 0.000000
vt 0.678336 0.000000
vt 0.680939 0.062950
vt 0.688749 0.171422
vt 0.691842 0.200000
vt 0.873368 0.066721
vt 0.868973 0.200000
vt 0.874882 0.000000
vt 0.093436 0.275162
vt 0.119031 0.359569
vt 0.130328 0.400000
vt 0.849553 0.353515
vt 0.857143 0.304792
vt 0.857143 0.400000
vt 0.839211 0.400000
vt 0.722748 0.400000
vt 0.714286 0.400000
vt 0.714286 0.361966
vt 0.862702 0.263649
vt 0.425481 0.600000
vt 0.430686 1.000000
vt 0.155469 0.213437
vt 0.017217 0.379339
vt 0.028415 0.234098
vt 0.322136 0.213437
vt 0.177864 0.213437
vt 0.822136 0.213437
vt 0.677864 0.213437
vt 0.971585 0.234098
vt 0.982783 0.379339
vt 0.844531 0.213437
vt 0.017217 0.579340
vt 0.017217 0.420660
vt 0.500000 0.600000
vt 0.982783 0.420660
vt 0.982783 0.579340
vt 0.023609 0.771669
vt 0.023609 0.628331
vt 0.500000 0.800000
vt 0.976391 0.628331
vt 0.976391 0.771669
vt 0.155469 0.986563
vt 0.028415 0.965902
vt 0.017217 0.820661
vt 0.322136 0.986563
vt 0.177864 0.986563
vt 0.822136 0.986563
vt 0.677864 0.986563
vt 0.982783 0.820661
vt 0.971585 0.965902
vt 0.844531 0.986563
vt 0.142857 0.000000
vt 0.142857 0.166667
vt 0.000000 0.166667
vt 0.285714 0.000000
vt 0.285714 0.166667
vt 0.428571 0.166667
vt 0.571429 0.166667
vt 0.713664 0.002365
vt 0.714286 0.166667
vt 0.857143 0.000000
vt 0.857143 0.166667
vt 0.714286 0.000000
vt 1.000000 0.166667
vt 0.142857 0.333333
vt 0.000000 0.333333
vt 0.428571 0.333333
vt 0.285714 0.333333
vt 0.571429 0.333333
vt 0.714286 0.333333
vt 0.857143 0.333333
vt 1.000000 0.333333
vt 0.142857 0.666667
vt 0.142857 0.833333
vt 0.000000 0.833333
vt 0.000000 0.666667
vt 0.428571 0.666667
vt 0.428571 0.833333
vt 0.285714 0.833333
vt 0.285714 0.666667
vt 0.571429 0.666667
vt 0.571429 0.833333
vt 0.714286 0.666667
vt 0.714286 0.833333
vt 0.857143 0.666667
vt 0.857143 0.833333
vt 1.000000 0.666667
vt 1.000000 0.833333
vt 0.569314 1.000000
vt 0.714286 0.836093
vt 0.125118 0.157593
vt 0.134829 0.158046
vt 0.142857 0.158423
vt 0.269306 0.158423
vt 0.285714 0.158423
vt 0.166674 0.158423
vt 0.205061 0.158423
vt 0.212447 0.158423
vt 0.255933 0.158423
vt 0.219021 0.158423
vt 0.225267 0.158423
vt 0.231580 0.158423
vt 0.246196 0.158423
vt 0.238374 0.158423
vt 0.184311 0.158423
vt 0.196129 0.158423
vt 0.321644 0.156126
vt 0.321645 0.043011
vt 0.292271 0.158001
vt 0.321664 0.000000
vt 0.428571 0.000002
vt 0.571429 0.000082
vt 0.697573 0.160198
vt 0.709057 0.160382
vt 0.697837 0.146945
vt 0.714286 0.160466
vt 0.700824 0.000002
vt 0.743796 0.160493
vt 0.714286 0.160466
vt 0.840545 0.160578
vt 0.851789 0.160588
vt 0.767702 0.160514
vt 0.780705 0.160526
vt 0.810107 0.160552
vt 0.814544 0.160556
vt 0.795737 0.160539
vt 0.801020 0.160544
vt 0.805693 0.160548
vt 0.831427 0.160571
vt 0.824720 0.160565
vt 0.789300 0.160533
vt 0.819290 0.160560
vt 0.854624 0.160591
vt 0.857143 0.160593
vt 0.916088 0.160596
vt 0.857143 0.160596
vt 0.997334 0.160596
vt 0.428571 0.166681
vt 0.571424 0.166667
vt 0.142857 0.500000
vt 0.428571 0.333337
vt 0.428571 0.500000
vt 0.285714 0.500000
vt 0.571429 0.500000
vt 0.714286 0.500000
vt 0.571428 0.666667
vt 0.142857 0.834286
vt 0.134829 0.834641
vt 0.125118 0.835068
vt 0.125118 1.000000
vt 0.285714 0.834286
vt 0.269306 0.834286
vt 0.166674 0.834286
vt 0.231580 0.834286
vt 0.225267 0.834286
vt 0.219021 0.834286
vt 0.238374 0.834286
vt 0.255933 0.834286
vt 0.184311 0.834286
vt 0.246196 0.834286
vt 0.196129 0.834286
vt 0.205061 0.834286
vt 0.212447 0.834286
vt 0.292214 0.834684
vt 0.321675 0.836472
vt 0.321675 1.000000
vt 0.571422 0.833417
vt 0.698501 0.981698
vt 0.698637 1.000000
vt 0.714286 0.838122
vt 0.697481 0.838402
vt 0.714286 0.838129
vt 0.718396 0.838127
vt 0.857128 0.833333
vt 0.857128 0.838054
vt 0.854541 0.838056
vt 0.743973 0.838114
vt 0.780770 0.838094
vt 0.767807 0.838101
vt 0.810083 0.838079
vt 0.805682 0.838081
vt 0.801024 0.838084
vt 0.840429 0.838063
vt 0.831338 0.838068
vt 0.824652 0.838071
vt 0.814507 0.838077
vt 0.795757 0.838087
vt 0.819239 0.838074
vt 0.789340 0.838090
vt 0.997334 0.838129
vt 0.997334 1.000000
vt 0.916088 0.838129
vt 0.857143 0.838129
vt 0.569797 0.166667
vt 0.567729 0.833333
vt 0.571429 0.325136
vt 0.571429 0.174864
vt 0.571429 0.825136
vt 0.571429 0.674864
vt 0.424443 0.166667
vt 0.295396 0.166667
vt 0.295370 0.166667
vt 0.424538 0.166667
vt 0.560397 0.166667
vt 0.432142 0.166667
vt 0.560397 0.166667
vt 0.432335 0.166667
vt 0.295396 0.833333
vt 0.424443 0.833333
vt 0.295370 0.833333
vt 0.424538 0.833333
vt 0.560397 0.833333
vt 0.560397 0.833333
vt 0.432335 0.833333
vt 0.432142 0.833333
vt 0.285439 0.166667
vt 0.275701 0.178349
vt 0.152871 0.178349
vt 0.278156 0.324516
vt 0.150415 0.324516
vt 0.275701 0.821651
vt 0.278156 0.675484
vt 0.143133 0.833333
vt 0.152871 0.821651
vt 0.150415 0.675484
vt 0.571429 0.333335
vt 0.724776 0.232427
vt 0.000000 0.190172
vt 0.281792 0.232427
vt 1.000000 0.191531
vt 0.000000 0.255343
vt 1.000000 0.228957
vt 0.037043 0.000000
vt 0.287594 0.353515
vt 0.428571 0.400000
vt 0.300744 0.269107
vt 0.571429 0.400000
vt 0.728370 0.275162
vt 0.741519 0.359569
vt 0.750514 0.400000
vt 0.165680 0.421982
vt 0.272362 0.421982
vt 0.255508 0.472430
vt 0.182534 0.472430
vt 0.237546 0.503326
vt 0.200496 0.503326
vt 0.219021 0.513729
vt 0.756752 0.428037
vt 0.846580 0.478485
vt 0.857143 0.446868
vt 0.828618 0.509380
vt 0.773606 0.478485
vt 0.791568 0.509380
vt 0.810093 0.519784
vt 0.863434 0.428037
vt 0.257917 0.361498
vt 0.249486 0.400000
vt 0.271008 0.275779
vt 0.278859 0.200198
vt 0.285708 0.200208
vt 0.258299 0.359749
vt 0.691837 0.200000
vt 0.699313 0.269046
vt 0.712407 0.353469
vt 0.714284 0.361926
vt 0.136566 0.428037
vt 0.142857 0.446868
vt 0.243248 0.428037
vt 0.153420 0.478485
vt 0.171382 0.509380
vt 0.226394 0.478485
vt 0.189907 0.519784
vt 0.208432 0.509380
vt 0.727638 0.421982
vt 0.834320 0.421982
vt 0.744492 0.472430
vt 0.817466 0.472430
vt 0.762454 0.503326
vt 0.799504 0.503326
vt 0.780979 0.513729
vt 0.488802 0.213437
vt 0.344531 0.213437
vt 0.655469 0.213437
vt 0.511198 0.213437
vt 0.488802 0.986563
vt 0.344531 0.986563
vt 0.655469 0.986563
vt 0.511198 0.986563
vt 0.857143 0.500000
vt 0.571429 0.491803
vt 0.571429 0.341531
vt 0.571429 0.658469
vt 0.571429 0.508197
vt 0.278156 0.491183
vt 0.278156 0.342151
vt 0.150415 0.342151
vt 0.150415 0.491183
vt 0.278156 0.657849
vt 0.278156 0.508817
vt 0.150415 0.508817
vt 0.150415 0.657849
vt 0.481718 0.421939
vt 0.351615 0.421939
vt 0.648385 0.421939
vt 0.518282 0.421939
vt 0.351615 0.778062
vt 0.481718 0.778062
vt 0.518282 0.778062
vt 0.648385 0.778062
vt 0.000000 0.000009
vt 0.424562 0.000000
vt 0.857143 0.493605
vt 0.857143 0.348638
vt 0.857143 0.651362
vt 0.857143 0.506395
vt 0.428876 0.000000
vt 0.428876 0.181756
vt 0.000000 0.181756
vt 0.428876 0.363513
vt 0.000000 0.363513
vt 0.428876 0.636487
vt 0.000000 0.636487
vt 0.428876 0.818244
vt 0.000000 0.818244
vt 0.428876 1.000000
vt 0.714438 0.181756
vt 0.571657 0.000000
vt 0.714438 0.363513
vt 0.714438 0.636487
vt 0.714438 0.818244
vt 0.571657 1.000000
vt 1.000000 0.181756
vt 0.857219 0.000000
vt 1.000000 0.363513
vt 1.000000 0.636487
vt 1.000000 0.818244
vt 0.857219 1.000000
vt 0.883937 0.000000
vt 0.883937 0.181756
vt 0.883937 0.363513
vt 0.883937 0.636487
vt 0.883937 0.818244
vt 0.883937 1.000000
vt 0.941969 0.181756
vt 0.912953 0.000000
vt 0.941969 0.363513
vt 0.941969 0.636487
vt 0.941969 0.818244
vt 0.912953 1.000000
vt 0.970984 0.000000
vt 0.970984 1.000000
vt 1.000000 0.953593
vt 0.981197 1.000000
vt 0.962394 0.953593
vt 1.000000 0.907186
vt 0.962394 0.907186
vt 1.000000 0.860779
vt 0.962394 0.860779
vt 1.000000 0.814372
vt 0.962394 0.814372
vt 1.000000 0.767965
vt 0.962394 0.767965
vt 1.000000 0.232036
vt 0.962394 0.232036
vt 1.000000 0.185628
vt 0.962394 0.185628
vt 1.000000 0.139221
vt 0.962394 0.139221
vt 1.000000 0.092814
vt 0.962394 0.092814
vt 1.000000 0.046407
vt 0.962394 0.046407
vt 0.981197 0.000000
vt 0.200000 0.046407
vt 0.000000 0.046407
vt 0.100000 0.000000
vt 0.200000 0.092814
vt 0.000000 0.092814
vt 0.200000 0.139221
vt 0.000000 0.139221
vt 0.200000 0.185628
vt 0.000000 0.185628
vt 0.200000 0.232036
vt 0.000000 0.232036
vt 0.200000 0.767965
vt 0.000000 0.767965
vt 0.200000 0.814372
vt 0.000000 0.814372
vt 0.200000 0.860779
vt 0.000000 0.860779
vt 0.200000 0.907186
vt 0.000000 0.907186
vt 0.200000 0.953593
vt 0.000000 0.953593
vt 0.100000 1.000000
vt 0.400000 0.046407
vt 0.300000 0.000000
vt 0.400000 0.092814
vt 0.400000 0.139221
vt 0.400000 0.185628
vt 0.400000 0.232036
vt 0.400000 0.767965
vt 0.400000 0.814372
vt 0.400000 0.860779
vt 0.400000 0.907186
vt 0.400000 0.953593
vt 0.300000 1.000000
vt 0.600000 0.046407
vt 0.600000 0.092814
vt 0.600000 0.139221
vt 0.600000 0.185628
vt 0.600000 0.232036
vt 0.600000 0.767965
vt 0.600000 0.814372
vt 0.600000 0.860779
vt 0.600000 0.907186
vt 0.600000 0.953593
vt 0.800000 0.046407
vt 0.700000 0.000000
vt 0.800000 0.092814
vt 0.800000 0.139221
vt 0.800000 0.185628
vt 0.800000 0.232036
vt 0.800000 0.767965
vt 0.800000 0.814372
vt 0.800000 0.860779
vt 0.800000 0.907186
vt 0.800000 0.953593
vt 0.700000 1.000000
vt 0.900000 0.000000
vt 0.900000 1.000000
vt 0.811969 0.000000
vt 0.811969 0.046407
vt 0.811969 0.092814
vt 0.811969 0.139221
vt 0.811969 0.185628
vt 0.811969 0.232036
vt 0.811969 0.767965
vt 0.811969 0.814372
vt 0.811969 0.860779
vt 0.811969 0.907186
vt 0.811969 0.953593
vt 0.811969 1.000000
vt 0.849575 0.046407
vt 0.830772 0.000000
vt 0.849575 0.092814
vt 0.849575 0.139221
vt 0.849575 0.185628
vt 0.849575 0.232036
vt 0.849575 0.767965
vt 0.849575 0.814372
vt 0.849575 0.860779
vt 0.849575 0.907186
vt 0.849575 0.953593
vt 0.830772 1.000000
vt 0.887181 0.046407
vt 0.868378 0.000000
vt 0.887181 0.092814
vt 0.887181 0.139221
vt 0.887181 0.185628
vt 0.887181 0.232036
vt 0.887181 0.767965
vt 0.887181 0.814372
vt 0.887181 0.860779
vt 0.887181 0.907186
vt 0.887181 0.953593
vt 0.868378 1.000000
vt 0.924788 0.046407
vt 0.905984 0.000000
vt 0.924788 0.092814
vt 0.924788 0.139221
vt 0.924788 0.185628
vt 0.924788 0.232036
vt 0.924788 0.767965
vt 0.924788 0.814372
vt 0.924788 0.860779
vt 0.924788 0.907186
vt 0.924788 0.953593
vt 0.905984 1.000000
vt 0.943591 0.000000
vt 0.943591 1.000000
vt 0.428876 0.077847
vt 0.000000 0.077847
vt 0.428876 0.155695
vt 0.000000 0.155695
vt 0.428876 0.844305
vt 0.000000 0.844305
vt 0.428876 0.922153
vt 0.000000 0.922153
vt 0.714438 0.077847
vt 0.714438 0.155695
vt 0.714438 0.844305
vt 0.714438 0.922153
vt 1.000000 0.077847
vt 1.000000 0.155695
vt 1.000000 0.844305
vt 1.000000 0.922153
vt 0.883937 0.077847
vt 0.883937 0.155695
vt 0.883937 0.844305
vt 0.883937 0.922153
vt 0.941969 0.077847
vt 0.941969 0.155695
vt 0.941969 0.844305
vt 0.941969 0.922153
vt 0.500000 0.500000
vt 0.041667 0.083333
vt 0.041667 0.166667
vt 0.000000 0.083333
vt 0.083333 0.083333
vt 0.083333 0.166667
vt 0.125000 0.083333
vt 0.125000 0.166667
vt 0.166667 0.083333
vt 0.166667 0.166667
vt 0.208333 0.083333
vt 0.208333 0.166667
vt 0.250000 0.083333
vt 0.250000 0.166667
vt 0.291667 0.083333
vt 0.291667 0.166667
vt 0.333333 0.083333
vt 0.333333 0.166667
vt 0.375000 0.083333
vt 0.375000 0.166667
vt 0.416667 0.083333
vt 0.416667 0.166667
vt 0.458333 0.083333
vt 0.458333 0.166667
vt 0.500000 0.083333
vt 0.500000 0.166667
vt 0.541667 0.083333
vt 0.541667 0.166667
vt 0.583333 0.083333
vt 0.583333 0.166667
vt 0.625000 0.083333
vt 0.625000 0.166667
vt 0.666667 0.083333
vt 0.666667 0.166667
vt 0.708333 0.083333
vt 0.708333 0.166667
vt 0.750000 0.083333
vt 0.750000 0.166667
vt 0.791667 0.083333
vt 0.791667 0.166667
vt 0.833333 0.083333
vt 0.833333 0.166667
vt 0.875000 0.083333
vt 0.875000 0.166667
vt 0.916667 0.083333
vt 0.916667 0.166667
vt 0.958333 0.083333
vt 0.958333 0.166667
vt 1.000000 0.083333
vt 0.041667 0.250000
vt 0.000000 0.250000
vt 0.083333 0.250000
vt 0.125000 0.250000
vt 0.166667 0.250000
vt 0.208333 0.250000
vt 0.250000 0.250000
vt 0.291667 0.250000
vt 0.333333 0.250000
vt 0.375000 0.250000
vt 0.416667 0.250000
vt 0.458333 0.250000
vt 0.500000 0.250000
vt 0.541667 0.250000
vt 0.583333 0.250000
vt 0.625000 0.250000
vt 0.666667 0.250000
vt 0.708333 0.250000
vt 0.750000 0.250000
vt 0.791667 0.250000
vt 0.833333 0.250000
vt 0.875000 0.250000
vt 0.916667 0.250000
vt 0.958333 0.250000
vt 1.000000 0.250000
vt 0.041667 0.333333
vt 0.083333 0.333333
vt 0.125000 0.333333
vt 0.166667 0.333333
vt 0.208333 0.333333
vt 0.250000 0.333333
vt 0.291667 0.333333
vt 0.333333 0.333333
vt 0.375000 0.333333
vt 0.416667 0.333333
vt 0.458333 0.333333
vt 0.500000 0.333333
vt 0.541667 0.333333
vt 0.583333 0.333333
vt 0.625000 0.333333
vt 0.666667 0.333333
vt 0.708333 0.333333
vt 0.750000 0.333333
vt 0.791667 0.333333
vt 0.833333 0.333333
vt 0.875000 0.333333
vt 0.916667 0.333333
vt 0.958333 0.333333
vt 0.041667 0.416667
vt 0.000000 0.416667
vt 0.083333 0.416667
vt 0.125000 0.416667
vt 0.166667 0.416667
vt 0.208333 0.416667
vt 0.250000 0.416667
vt 0.291667 0.416667
vt 0.333333 0.416667
vt 0.375000 0.416667
vt 0.416667 0.416667
vt 0.458333 0.416667
vt 0.500000 0.416667
vt 0.541667 0.416667
vt 0.583333 0.416667
vt 0.625000 0.416667
vt 0.666667 0.416667
vt 0.708333 0.416667
vt 0.750000 0.416667
vt 0.791667 0.416667
vt 0.833333 0.416667
vt 0.875000 0.416667
vt 0.916667 0.416667
vt 0.958333 0.416667
vt 1.000000 0.416667
vt 0.041667 0.500000
vt 0.083333 0.500000
vt 0.125000 0.500000
vt 0.166667 0.500000
vt 0.208333 0.500000
vt 0.250000 0.500000
vt 0.291667 0.500000
vt 0.333333 0.500000
vt 0.375000 0.500000
vt 0.416667 0.500000
vt 0.458333 0.500000
vt 0.541667 0.500000
vt 0.583333 0.500000
vt 0.625000 0.500000
vt 0.666667 0.500000
vt 0.708333 0.500000
vt 0.750000 0.500000
vt 0.791667 0.500000
vt 0.833333 0.500000
vt 0.875000 0.500000
vt 0.916667 0.500000
vt 0.958333 0.500000
vt 0.041667 0.583333
vt 0.000000 0.583333
vt 0.083333 0.583333
vt 0.125000 0.583333
vt 0.166667 0.583333
vt 0.208333 0.583333
vt 0.250000 0.583333
vt 0.291667 0.583333
vt 0.333333 0.583333
vt 0.375000 0.583333
vt 0.416667 0.583333
vt 0.458333 0.583333
vt 0.500000 0.583333
vt 0.541667 0.583333
vt 0.583333 0.583333
vt 0.625000 0.583333
vt 0.666667 0.583333
vt 0.708333 0.583333
vt 0.750000 0.583333
vt 0.791667 0.583333
vt 0.833333 0.583333
vt 0.875000 0.583333
vt 0.916667 0.583333
vt 0.958333 0.583333
vt 1.000000 0.583333
vt 0.041667 0.666667
vt 0.083333 0.666667
vt 0.125000 0.666667
vt 0.166667 0.666667
vt 0.208333 0.666667
vt 0.250000 0.666667
vt 0.291667 0.666667
vt 0.333333 0.666667
vt 0.375000 0.666667
vt 0.416667 0.666667
vt 0.458333 0.666667
vt 0.500000 0.666667
vt 0.541667 0.666667
vt 0.583333 0.666667
vt 0.625000 0.666667
vt 0.666667 0.666667
vt 0.708333 0.666667
vt 0.750000 0.666667
vt 0.791667 0.666667
vt 0.833333 0.666667
vt 0.875000 0.666667
vt 0.916667 0.666667
vt 0.958333 0.666667
vt 0.041667 0.750000
vt 0.000000 0.750000
vt 0.083333 0.750000
vt 0.125000 0.750000
vt 0.166667 0.750000
vt 0.208333 0.750000
vt 0.250000 0.750000
vt 0.291667 0.750000
vt 0.333333 0.750000
vt 0.375000 0.750000
vt 0.416667 0.750000
vt 0.458333 0.750000
vt 0.500000 0.750000
vt 0.541667 0.750000
vt 0.583333 0.750000
vt 0.625000 0.750000
vt 0.666667 0.750000
vt 0.708333 0.750000
vt 0.750000 0.750000
vt 0.791667 0.750000
vt 0.833333 0.750000
vt 0.875000 0.750000
vt 0.916667 0.750000
vt 0.958333 0.750000
vt 1.000000 0.750000
vt 0.041667 0.833333
vt 0.083333 0.833333
vt 0.125000 0.833333
vt 0.166667 0.833333
vt 0.208333 0.833333
vt 0.250000 0.833333
vt 0.291667 0.833333
vt 0.333333 0.833333
vt 0.375000 0.833333
vt 0.416667 0.833333
vt 0.458333 0.833333
vt 0.500000 0.833333
vt 0.541667 0.833333
vt 0.583333 0.833333
vt 0.625000 0.833333
vt 0.666667 0.833333
vt 0.708333 0.833333
vt 0.750000 0.833333
vt 0.791667 0.833333
vt 0.833333 0.833333
vt 0.875000 0.833333
vt 0.916667 0.833333
vt 0.958333 0.833333
vt 0.041667 0.916667
vt 0.000000 0.916667
vt 0.083333 0.916667
vt 0.125000 0.916667
vt 0.166667 0.916667
vt 0.208333 0.916667
vt 0.250000 0.916667
vt 0.291667 0.916667
vt 0.333333 0.916667
vt 0.375000 0.916667
vt 0.416667 0.916667
vt 0.458333 0.916667
vt 0.500000 0.916667
vt 0.541667 0.916667
vt 0.583333 0.916667
vt 0.625000 0.916667
vt 0.666667 0.916667
vt 0.708333 0.916667
vt 0.750000 0.916667
vt 0.791667 0.916667
vt 0.833333 0.916667
vt 0.875000 0.916667
vt 0.916667 0.916667
vt 0.958333 0.916667
vt 1.000000 0.916667
vt 0.041667 0.000000
vt 0.041667 1.000000
vt 0.125000 0.000000
vt 0.125000 1.000000
vt 0.208333 0.000000
vt 0.208333 1.000000
vt 0.291667 0.000000
vt 0.291667 1.000000
vt 0.375000 0.000000
vt 0.375000 1.000000
vt 0.458333 0.000000
vt 0.458333 1.000000
vt 0.541667 0.000000
vt 0.541667 1.000000
vt 0.625000 0.000000
vt 0.625000 1.000000
vt 0.708333 0.000000
vt 0.708333 1.000000
vt 0.791667 0.000000
vt 0.791667 1.000000
vt 0.875000 0.000000
vt 0.875000 1.000000
vt 0.958333 0.000000
vt 0.958333 1.000000
vt 0.055556 0.113953
vt 0.038886 0.113953
vt 0.038886 1.000000
vt 0.795496 0.552104
vt 0.083333 0.113953
vt 0.531986 0.511642
vt 0.831042 0.620489
vt 0.089759 0.113953
vt 0.111111 0.113953
vt 0.666062 0.595876
vt 0.708705 0.620496
vt 0.138889 0.113953
vt 0.642698 0.619738
vt 0.155292 0.113953
vt 0.166667 0.113953
vt 0.599951 0.619117
vt 0.177035 0.113953
vt 0.194444 0.113953
vt 0.568508 0.618660
vt 0.222222 0.113953
vt 0.543054 0.618290
vt 0.250000 0.113953
vt 0.520801 0.617967
vt 0.277778 0.113953
vt 0.500000 0.617665
vt 0.305556 0.113953
vt 0.479305 0.617365
vt 0.333333 0.113953
vt 0.457399 0.617046
vt 0.344708 0.113953
vt 0.360398 0.113953
vt 0.361111 0.114172
vt 0.432631 0.616687
vt 0.388889 0.123979
vt 0.402456 0.616249
vt 0.410484 0.132337
vt 0.416667 0.132656
vt 0.362158 0.615663
vt 0.432672 0.133263
vt 0.444444 0.133263
vt 0.301199 0.614778
vt 0.463933 0.928274
vt 0.460993 0.133263
vt 0.464195 1.000000
vt 0.340613 0.558012
vt 0.364216 0.549421
vt 0.189122 0.613150
vt 0.329835 0.561935
vt 0.055556 0.166012
vt 0.040553 0.396016
vt 0.040553 1.000000
vt 0.040441 0.166363
vt 0.765943 0.546893
vt 0.083333 0.164956
vt 0.760375 0.594769
vt 0.843505 0.625026
vt 0.091439 0.164538
vt 0.111111 0.163523
vt 0.735679 0.636069
vt 0.138889 0.161757
vt 0.673000 0.645164
vt 0.142318 0.161504
vt 0.157748 0.161504
vt 0.166667 0.161504
vt 0.627364 0.651786
vt 0.194444 0.161504
vt 0.590705 0.657105
vt 0.222222 0.161504
vt 0.558863 0.661726
vt 0.250000 0.161504
vt 0.529274 0.666019
vt 0.277778 0.161504
vt 0.500000 0.670267
vt 0.305556 0.161504
vt 0.469189 0.674738
vt 0.333333 0.161504
vt 0.434573 0.679761
vt 0.342252 0.161504
vt 0.361111 0.161504
vt 0.392708 0.685835
vt 0.377145 0.161504
vt 0.388889 0.161504
vt 0.337322 0.693872
vt 0.405221 0.161504
vt 0.416667 0.161504
vt 0.438993 0.551191
vt 0.254658 0.705867
vt 0.422018 1.000000
vt 0.422018 0.161504
vt 0.105405 0.727820
vt 0.150413 0.701834
vt 0.168958 0.620489
vt 0.016617 0.620489
vt 0.038886 0.000000
vt 0.038886 0.893081
vt 0.055556 0.893081
vt 0.279485 0.620489
vt 0.291611 0.620313
vt 0.083333 0.893081
vt 0.357761 0.619353
vt 0.089759 0.893081
vt 0.111111 0.893081
vt 0.400371 0.618734
vt 0.138889 0.893081
vt 0.431712 0.618279
vt 0.155292 0.893081
vt 0.166667 0.893081
vt 0.457084 0.617910
vt 0.177035 0.893081
vt 0.194444 0.893081
vt 0.479266 0.617588
vt 0.222222 0.893081
vt 0.500000 0.617287
vt 0.250000 0.893081
vt 0.520628 0.616987
vt 0.277778 0.893081
vt 0.542464 0.616670
vt 0.305556 0.893081
vt 0.567153 0.616312
vt 0.333333 0.893081
vt 0.597231 0.615875
vt 0.344708 0.893081
vt 0.361111 0.893081
vt 0.637399 0.615292
vt 0.388889 0.893081
vt 0.698162 0.614409
vt 0.410241 0.893081
vt 0.416667 0.893081
vt 0.809879 0.612787
vt 0.428749 0.893081
vt 0.444444 0.891798
vt 0.929767 0.611046
vt 0.949033 0.611046
vt 0.985909 0.611063
vt 0.461468 0.790054
vt 0.464224 0.000000
vt 0.461101 0.890965
vt 0.149767 0.662697
vt 0.046539 0.710650
vt 0.027241 0.662784
vt 0.134861 0.625727
vt 0.953461 0.710650
vt 0.850233 0.662697
vt 0.865139 0.625727
vt 0.972759 0.662784
vt 0.168404 0.697933
vt 0.070669 0.756271
vt 0.929331 0.756271
vt 0.831596 0.697933
vt 0.190573 0.731060
vt 0.099373 0.799162
vt 0.900627 0.799162
vt 0.809427 0.731060
vt 0.216040 0.761725
vt 0.132345 0.838866
vt 0.867655 0.838866
vt 0.783960 0.761725
vt 0.244532 0.789602
vt 0.169235 0.874959
vt 0.830765 0.874959
vt 0.755468 0.789602
vt 0.275745 0.814394
vt 0.209649 0.907058
vt 0.790351 0.907058
vt 0.724255 0.814394
vt 0.309348 0.835835
vt 0.253156 0.934819
vt 0.746844 0.934819
vt 0.690652 0.835835
vt 0.344982 0.853699
vt 0.299293 0.957948
vt 0.700707 0.957948
vt 0.655018 0.853699
vt 0.382268 0.867795
vt 0.347568 0.976198
vt 0.652432 0.976198
vt 0.617732 0.867795
vt 0.420808 0.877971
vt 0.397467 0.989374
vt 0.602533 0.989374
vt 0.579192 0.877971
vt 0.460192 0.884121
vt 0.448459 0.997336
vt 0.551541 0.997336
vt 0.539808 0.884121
vt 0.500000 0.886178
vt 0.886052 0.730438
vt 0.106475 0.734898
vt 0.156766 0.624927
vt 0.017826 0.625003
vt 0.051877 0.880677
vt 0.055556 0.880677
vt 0.040375 0.000000
vt 0.040375 0.875816
vt 0.187418 0.624910
vt 0.264321 0.636069
vt 0.083333 0.880677
vt 0.327000 0.645164
vt 0.091479 0.880677
vt 0.111111 0.880677
vt 0.372636 0.651786
vt 0.138889 0.880677
vt 0.409295 0.657105
vt 0.157748 0.880677
vt 0.166667 0.880677
vt 0.142318 0.880677
vt 0.441137 0.661726
vt 0.194444 0.880677
vt 0.470726 0.666019
vt 0.222222 0.880677
vt 0.250000 0.880677
vt 0.530811 0.674738
vt 0.277778 0.880677
vt 0.565427 0.679761
vt 0.305556 0.880677
vt 0.607292 0.685835
vt 0.333333 0.880677
vt 0.662678 0.693872
vt 0.342252 0.880677
vt 0.361111 0.880677
vt 0.745342 0.705867
vt 0.377145 0.880677
vt 0.388889 0.880677
vt 0.856967 0.722064
vt 0.894595 0.727820
vt 0.405221 0.880677
vt 0.416667 0.880677
vt 0.940109 0.734781
vt 0.422018 0.880677
vt 0.422018 0.000000
s 1
usemtl wheel
f 5/1/1 6/2/1 2/3/1 1/4/1
f 6/5/2 7/6/2 3/7/3 2/8/3
f 7/9/4 8/10/4 4/11/4 3/12/4
f 8/5/5 5/6/5 1/7/6 4/8/6
f 9/13/1 10/14/1 6/2/1 5/1/1
f 10/15/7 11/16/7 7/6/2 6/5/2
f 11/17/4 12/18/4 8/10/4 7/9/4
f 12/15/8 9/16/8 5/6/5 8/5/5
f 13/19/1 14/20/1 10/14/1 9/13/1
f 14/21/9 15/22/9 11/16/7 10/15/7
f 15/23/4 16/24/4 12/18/4 11/17/4
f 16/21/10 13/22/10 9/16/8 12/15/8
f 17/25/1 18/26/1 14/20/1 13/19/1
f 18/27/11 19/28/11 15/22/9 14/21/9
f 19/29/4 20/30/4 16/24/4 15/23/4
f 20/27/12 17/28/12 13/22/10 16/21/10
f 21/31/1 22/32/1 18/26/1 17/25/1
f 22/33/13 23/34/13 19/28/11 18/27/11
f 23/35/4 24/36/4 20/30/4 19/29/4
f 24/33/14 21/34/14 17/28/12 20/27/12
f 25/37/1 26/38/1 22/32/1 21/31/1
f 26/39/15 27/40/15 23/34/13 22/33/13
f 27/41/4 28/42/4 24/36/4 23/35/4
f 28/39/16 25/40/16 21/34/14 24/33/14
f 29/43/1 30/44/1 26/38/1 25/37/1
f 30/45/17 31/46/17 27/40/15 26/39/15
f 31/47/4 32/48/4 28/42/4 27/41/4
f 32/45/18 29/46/18 25/40/16 28/39/16
f 33/49/1 34/50/1 30/44/1 29/43/1
f 34/51/19 35/52/19 31/46/17 30/45/17
f 35/53/4 36/54/4 32/48/4 31/47/4
f 36/51/20 33/52/20 29/46/18 32/45/18
f 37/55/1 38/56/1 34/50/1 33/49/1
f 38/57/21 39/58/21 35/52/19 34/51/19
f 39/56/4 40/55/4 36/54/4 35/53/4
f 40/57/22 37/58/22 33/52/20 36/51/20
f 41/54/1 42/53/1 38/56/1 37/55/1
f 42/59/23 43/60/23 39/58/21 38/57/21
f 43/50/4 44/49/4 40/55/4 39/56/4
f 44/59/24 41/60/24 37/58/22 40/57/22
f 45/48/1 46/47/1 42/53/1 41/54/1
f 46/61/25 47/62/25 43/60/23 42/59/23
f 47/44/4 48/43/4 44/49/4 43/50/4
f 48/61/26 45/62/26 41/60/24 44/59/24
f 49/42/1 50/41/1 46/47/1 45/48/1
f 50/63/27 51/64/27 47/62/25 46/61/25
f 51/38/4 52/37/4 48/43/4 47/44/4
f 52/63/28 49/64/28 45/62/26 48/61/26
f 53/36/1 54/35/1 50/41/1 49/42/1
f 54/65/29 55/66/29 51/64/27 50/63/27
f 55/32/4 56/31/4 52/37/4 51/38/4
f 56/65/30 53/66/30 49/64/28 52/63/28
f 57/30/1 58/29/1 54/35/1 53/36/1
f 58/67/31 59/68/31 55/66/29 54/65/29
f 59/26/4 60/25/4 56/31/4 55/32/4
f 60/67/32 57/68/32 53/66/30 56/65/30
f 61/24/1 62/23/1 58/29/1 57/30/1
f 62/69/33 63/70/33 59/68/31 58/67/31
f 63/20/4 64/19/4 60/25/4 59/26/4
f 64/69/34 61/70/34 57/68/32 60/67/32
f 65/18/1 66/17/1 62/23/1 61/24/1
f 66/71/35 67/72/35 63/70/33 62/69/33
f 67/14/4 68/13/4 64/19/4 63/20/4
f 68/71/36 65/72/36 61/70/34 64/69/34
f 69/10/1 70/9/1 66/17/1 65/18/1
f 70/73/37 71/74/37 67/72/35 66/71/35
f 71/2/4 72/1/4 68/13/4 67/14/4
f 72/73/38 69/74/38 65/72/36 68/71/36
f 73/11/1 74/12/1 70/9/1 69/10/1
f 74/75/6 75/56/6 71/74/37 70/73/37
f 75/3/4 76/4/4 72/1/4 71/2/4
f 76/75/3 73/56/3 69/74/38 72/73/38
f 77/76/1 78/77/1 74/12/1 73/11/1
f 78/78/5 79/79/5 75/56/6 74/75/6
f 79/80/4 80/81/4 76/4/4 75/3/4
f 80/78/2 77/79/2 73/56/3 76/75/3
f 81/82/1 82/83/1 78/77/1 77/76/1
f 82/84/8 83/85/8 79/79/5 78/78/5
f 83/86/4 84/87/4 80/81/4 79/80/4
f 84/84/7 81/85/7 77/79/2 80/78/2
f 85/88/1 86/89/1 82/83/1 81/82/1
f 86/90/10 87/91/10 83/85/8 82/84/8
f 87/92/4 88/93/4 84/87/4 83/86/4
f 88/90/9 85/91/9 81/85/7 84/84/7
f 89/94/1 90/95/1 86/89/1 85/88/1
f 90/96/12 91/97/12 87/91/10 86/90/10
f 91/98/4 92/99/4 88/93/4 87/92/4
f 92/96/11 89/97/11 85/91/9 88/90/9
f 93/100/1 94/101/1 90/95/1 89/94/1
f 94/102/14 95/103/14 91/97/12 90/96/12
f 95/104/4 96/105/4 92/99/4 91/98/4
f 96/102/13 93/103/13 89/97/11 92/96/11
f 97/106/1 98/107/1 94/101/1 93/100/1
f 98/108/16 99/109/16 95/103/14 94/102/14
f 99/110/4 100/111/4 96/105/4 95/104/4
f 100/108/15 97/109/15 93/103/13 96/102/13
f 101/112/1 102/113/1 98/107/1 97/106/1
f 102/114/18 103/115/18 99/109/16 98/108/16
f 103/116/4 104/117/4 100/111/4 99/110/4
f 104/114/17 101/115/17 97/109/15 100/108/15
f 105/118/1 106/119/1 102/113/1 101/112/1
f 106/120/20 107/121/20 103/115/18 102/114/18
f 107/122/4 108/123/4 104/117/4 103/116/4
f 108/120/19 105/121/19 101/115/17 104/114/17
f 109/124/1 110/75/1 106/119/1 105/118/1
f 110/125/22 111/126/22 107/121/20 106/120/20
f 111/75/4 112/124/4 108/123/4 107/122/4
f 112/125/21 109/126/21 105/121/19 108/120/19
f 113/123/1 114/122/1 110/75/1 109/124/1
f 114/127/24 115/128/24 111/126/22 110/125/22
f 115/119/4 116/118/4 112/124/4 111/75/4
f 116/127/23 113/128/23 109/126/21 112/125/21
f 117/117/1 118/116/1 114/122/1 113/123/1
f 118/129/26 119/130/26 115/128/24 114/127/24
f 119/113/4 120/112/4 116/118/4 115/119/4
f 120/129/25 117/130/25 113/128/23 116/127/23
f 121/111/1 122/110/1 118/116/1 117/117/1
f 122/131/28 123/132/28 119/130/26 118/129/26
f 123/107/4 124/106/4 120/112/4 119/113/4
f 124/131/27 121/132/27 117/130/25 120/129/25
f 125/105/1 126/104/1 122/110/1 121/111/1
f 126/133/30 127/134/30 123/132/28 122/131/28
f 127/101/4 128/100/4 124/106/4 123/107/4
f 128/133/29 125/134/29 121/132/27 124/131/27
f 129/99/1 130/98/1 126/104/1 125/105/1
f 130/135/32 131/136/32 127/134/30 126/133/30
f 131/95/4 132/94/4 128/100/4 127/101/4
f 132/135/31 129/136/31 125/134/29 128/133/29
f 133/93/1 134/92/1 130/98/1 129/99/1
f 134/137/34 135/138/34 131/136/32 130/135/32
f 135/89/4 136/88/4 132/94/4 131/95/4
f 136/137/33 133/138/33 129/136/31 132/135/31
f 137/87/1 138/86/1 134/92/1 133/93/1
f 138/139/36 139/140/36 135/138/34 134/137/34
f 139/83/4 140/82/4 136/88/4 135/89/4
f 140/139/35 137/140/35 133/138/33 136/137/33
f 141/81/1 142/80/1 138/86/1 137/87/1
f 142/141/38 143/142/38 139/140/36 138/139/36
f 143/77/4 144/76/4 140/82/4 139/83/4
f 144/141/37 141/142/37 137/140/35 140/139/35
f 1/4/1 2/3/1 142/80/1 141/81/1
f 2/143/3 3/144/3 143/142/38 142/141/38
f 3/12/4 4/11/4 144/76/4 143/77/4
f 4/143/6 1/144/6 141/142/37 144/141/37
f 5184/1/1 5185/2/1 5181/3/1 5180/4/1
f 5185/5/2 5186/6/2 5182/7/3 5181/8/3
f 5186/9/4 5187/10/4 5183/11/4 5182/12/4
f 5187/5/5 5184/6/5 5180/7/6 5183/8/6
f 5188/13/1 5189/14/1 5185/2/1 5184/1/1
f 5189/15/7 5190/16/7 5186/6/2 5185/5/2
f 5190/17/4 5191/18/4 5187/10/4 5186/9/4
f 5191/15/8 5188/16/8 5184/6/5 5187/5/5
f 5192/19/1 5193/20/1 5189/14/1 5188/13/1
f 5193/21/9 5194/22/9 5190/16/7 5189/15/7
f 5194/23/4 5195/24/4 5191/18/4 5190/17/4
f 5195/21/10 5192/22/10 5188/16/8 5191/15/8
f 5196/25/1 5197/26/1 5193/20/1 5192/19/1
f 5197/27/11 5198/28/11 5194/22/9 5193/21/9
f 5198/29/4 5199/30/4 5195/24/4 5194/23/4
f 5199/27/12 5196/28/12 5192/22/10 5195/21/10
f 5200/31/1 5201/32/1 5197/26/1 5196/25/1
f 5201/33/13 5202/34/13 5198/28/11 5197/27/11
f 5202/35/4 5203/36/4 5199/30/4 5198/29/4
f 5203/33/14 5200/34/14 5196/28/12 5199/27/12
f 5204/37/1 5205/38/1 5201/32/1 5200/31/1
f 5205/39/15 5206/40/15 5202/34/13 5201/33/13
f 5206/41/4 5207/42/4 5203/36/4 5202/35/4
f 5207/39/16 5204/40/16 5200/34/14 5203/33/14
f 5208/43/1 5209/44/1 5205/38/1 5204/37/1
f 5209/45/17 5210/46/17 5206/40/15 5205/39/15
f 5210/47/4 5211/48/4 5207/42/4 5206/41/4
f 5211/45/18 5208/46/18 5204/40/16 5207/39/16
f 5212/49/1 5213/50/1 5209/44/1 5208/43/1
f 5213/51/19 5214/52/19 5210/46/17 5209/45/17
f 5214/53/4 5215/54/4 5211/48/4 5210/47/4
f 5215/51/20 5212/52/20 5208/46/18 5211/45/18
f 5216/55/1 5217/56/1 5213/50/1 5212/49/1
f 5217/57/21 5218/58/21 5214/52/19 5213/51/19
f 5218/56/4 5219/55/4 5215/54/4 5214/53/4
f 5219/57/22 5216/58/22 5212/52/20 5215/51/20
f 5220/54/1 5221/53/1 5217/56/1 5216/55/1
f 5221/59/23 5222/60/23 5218/58/21 5217/57/21
f 5222/50/4 5223/49/4 5219/55/4 5218/56/4
f 5223/59/24 5220/60/24 5216/58/22 5219/57/22
f 5224/48/1 5225/47/1 5221/53/1 5220/54/1
f 5225/61/25 5226/62/25 5222/60/23 5221/59/23
f 5226/44/4 5227/43/4 5223/49/4 5222/50/4
f 5227/61/26 5224/62/26 5220/60/24 5223/59/24
f 5228/42/1 5229/41/1 5225/47/1 5224/48/1
f 5229/63/27 5230/64/27 5226/62/25 5225/61/25
f 5230/38/4 5231/37/4 5227/43/4 5226/44/4
f 5231/63/28 5228/64/28 5224/62/26 5227/61/26
f 5232/36/1 5233/35/1 5229/41/1 5228/42/1
f 5233/65/29 5234/66/29 5230/64/27 5229/63/27
f 5234/32/4 5235/31/4 5231/37/4 5230/38/4
f 5235/65/30 5232/66/30 5228/64/28 5231/63/28
f 5236/30/1 5237/29/1 5233/35/1 5232/36/1
f 5237/67/31 5238/68/31 5234/66/29 5233/65/29
f 5238/26/4 5239/25/4 5235/31/4 5234/32/4
f 5239/67/32 5236/68/32 5232/66/30 5235/65/30
f 5240/24/1 5241/23/1 5237/29/1 5236/30/1
f 5241/69/33 5242/70/33 5238/68/31 5237/67/31
f 5242/20/4 5243/19/4 5239/25/4 5238/26/4
f 5243/69/34 5240/70/34 5236/68/32 5239/67/32
f 5244/18/1 5245/17/1 5241/23/1 5240/24/1
f 5245/71/35 5246/72/35 5242/70/33 5241/69/33
f 5246/14/4 5247/13/4 5243/19/4 5242/20/4
f 5247/71/36 5244/72/36 5240/70/34 5243/69/34
f 5248/10/1 5249/9/1 5245/17/1 5244/18/1
f 5249/73/37 5250/74/37 5246/72/35 5245/71/35
f 5250/2/4 5251/1/4 5247/13/4 5246/14/4
f 5251/73/38 5248/74/38 5244/72/36 5247/71/36
f 5252/11/1 5253/12/1 5249/9/1 5248/10/1
f 5253/75/6 5254/56/6 5250/74/37 5249/73/37
f 5254/3/4 5255/4/4 5251/1/4 5250/2/4
f 5255/75/3 5252/56/3 5248/74/38 5251/73/38
f 5256/76/1 5257/77/1 5253/12/1 5252/11/1
f 5257/78/5 5258/79/5 5254/56/6 5253/75/6
f 5258/80/4 5259/81/4 5255/4/4 5254/3/4
f 5259/78/2 5256/79/2 5252/56/3 5255/75/3
f 5260/82/1 5261/83/1 5257/77/1 5256/76/1
f 5261/84/8 5262/85/8 5258/79/5 5257/78/5
f 5262/86/4 5263/87/4 5259/81/4 5258/80/4
f 5263/84/7 5260/85/7 5256/79/2 5259/78/2
f 5264/88/1 5265/89/1 5261/83/1 5260/82/1
f 5265/90/10 5266/91/10 5262/85/8 5261/84/8
f 5266/92/4 5267/93/4 5263/87/4 5262/86/4
f 5267/90/9 5264/91/9 5260/85/7 5263/84/7
f 5268/94/1 5269/95/1 5265/89/1 5264/88/1
f 5269/96/12 5270/97/12 5266/91/10 5265/90/10
f 5270/98/4 5271/99/4 5267/93/4 5266/92/4
f 5271/96/11 5268/97/11 5264/91/9 5267/90/9
f 5272/100/1 5273/101/1 5269/95/1 5268/94/1
f 5273/102/14 5274/103/14 5270/97/12 5269/96/12
f 5274/104/4 5275/105/4 5271/99/4 5270/98/4
f 5275/102/13 5272/103/13 5268/97/11 5271/96/11
f 5276/106/1 5277/107/1 5273/101/1 5272/100/1
f 5277/108/16 5278/109/16 5274/103/14 5273/102/14
f 5278/110/4 5279/111/4 5275/105/4 5274/104/4
f 5279/108/15 5276/109/15 5272/103/13 5275/102/13
f 5280/112/1 5281/113/1 5277/107/1 5276/106/1
f 5281/114/18 5282/115/18 5278/109/16 5277/108/16
f 5282/116/4 5283/117/4 5279/111/4 5278/110/4
f 5283/114/17 5280/115/17 5276/109/15 5279/108/15
f 5284/118/1 5285/119/1 5281/113/1 5280/112/1
f 5285/120/20 5286/121/20 5282/115/18 5281/114/18
f 5286/122/4 5287/123/4 5283/117/4 5282/116/4
f 5287/120/19 5284/121/19 5280/115/17 5283/114/17
f 5288/124/1 5289/75/1 5285/119/1 5284/118/1
f 5289/125/22 5290/126/22 5286/121/20 5285/120/20
f 5290/75/4 5291/124/4 5287/123/4 5286/122/4
f 5291/125/21 5288/126/21 5284/121/19 5287/120/19
f 5292/123/1 5293/122/1 5289/75/1 5288/124/1
f 5293/127/24 5294/128/24 5290/126/22 5289/125/22
f 5294/119/4 5295/118/4 5291/124/4 5290/75/4
f 5295/127/23 5292/128/23 5288/126/21 5291/125/21
f 5296/117/1 5297/116/1 5293/122/1 5292/123/1
f 5297/129/26 5298/130/26 5294/128/24 5293/127/24
f 5298/113/4 5299/112/4 5295/118/4 5294/119/4
f 5299/129/25 5296/130/25 5292/128/23 5295/127/23
f 5300/111/1 5301/110/1 5297/116/1 5296/117/1
f 5301/131/28 5302/132/28 5298/130/26 5297/129/26
f 5302/107/4 5303/106/4 5299/112/4 5298/113/4
f 5303/131/27 5300/132/27 5296/130/25 5299/129/25
f 5304/105/1 5305/104/1 5301/110/1 5300/111/1
f 5305/133/30 5306/134/30 5302/132/28 5301/131/28
f 5306/101/4 5307/100/4 5303/106/4 5302/107/4
f 5307/133/29 5304/134/29 5300/132/27 5303/131/27
f 5308/99/1 5309/98/1 5305/104/1 5304/105/1
f 5309/135/32 5310/136/32 5306/134/30 5305/133/30
f 5310/95/4 5311/94/4 5307/100/4 5306/101/4
f 5311/135/31 5308/136/31 5304/134/29 5307/133/29
f 5312/93/1 5313/92/1 5309/98/1 5308/99/1
f 5313/137/34 5314/138/34 5310/136/32 5309/135/32
f 5314/89/4 5315/88/4 5311/94/4 5310/95/4
f 5315/137/33 5312/138/33 5308/136/31 5311/135/31
f 5316/87/1 5317/86/1 5313/92/1 5312/93/1
f 5317/139/36 5318/140/36 5314/138/34 5313/137/34
f 5318/83/4 5319/82/4 5315/88/4 5314/89/4
f 5319/139/35 5316/140/35 5312/138/33 5315/137/33
f 5320/81/1 5321/80/1 5317/86/1 5316/87/1
f 5321/141/38 5322/142/38 5318/140/36 5317/139/36
f 5322/77/4 5323/76/4 5319/82/4 5318/83/4
f 5323/141/37 5320/142/37 5316/140/35 5319/139/35
f 5180/4/1 5181/3/1 5321/80/1 5320/81/1
f 5181/143/3 5182/144/3 5322/142/38 5321/141/38
f 5182/12/4 5183/11/4 5323/76/4 5322/77/4
f 5183/143/6 5180/144/6 5320/142/37 5323/141/37
f 5328/1/1 5329/2/1 5325/3/1 5324/4/1
f 5329/5/2 5330/6/2 5326/7/3 5325/8/3
f 5330/9/4 5331/10/4 5327/11/4 5326/12/4
f 5331/5/5 5328/6/5 5324/7/6 5327/8/6
f 5332/13/1 5333/14/1 5329/2/1 5328/1/1
f 5333/15/7 5334/16/7 5330/6/2 5329/5/2
f 5334/17/4 5335/18/4 5331/10/4 5330/9/4
f 5335/15/8 5332/16/8 5328/6/5 5331/5/5
f 5336/19/1 5337/20/1 5333/14/1 5332/13/1
f 5337/21/9 5338/22/9 5334/16/7 5333/15/7
f 5338/23/4 5339/24/4 5335/18/4 5334/17/4
f 5339/21/10 5336/22/10 5332/16/8 5335/15/8
f 5340/25/1 5341/26/1 5337/20/1 5336/19/1
f 5341/27/11 5342/28/11 5338/22/9 5337/21/9
f 5342/29/4 5343/30/4 5339/24/4 5338/23/4
f 5343/27/12 5340/28/12 5336/22/10 5339/21/10
f 5344/31/1 5345/32/1 5341/26/1 5340/25/1
f 5345/33/13 5346/34/13 5342/28/11 5341/27/11
f 5346/35/4 5347/36/4 5343/30/4 5342/29/4
f 5347/33/14 5344/34/14 5340/28/12 5343/27/12
f 5348/37/1 5349/38/1 5345/32/1 5344/31/1
f 5349/39/15 5350/40/15 5346/34/13 5345/33/13
f 5350/41/4 5351/42/4 5347/36/4 5346/35/4
f 5351/39/16 5348/40/16 5344/34/14 5347/33/14
f 5352/43/1 5353/44/1 5349/38/1 5348/37/1
f 5353/45/17 5354/46/17 5350/40/15 5349/39/15
f 5354/47/4 5355/48/4 5351/42/4 5350/41/4
f 5355/45/18 5352/46/18 5348/40/16 5351/39/16
f 5356/49/1 5357/50/1 5353/44/1 5352/43/1
f 5357/51/19 5358/52/19 5354/46/17 5353/45/17
f 5358/53/4 5359/54/4 5355/48/4 5354/47/4
f 5359/51/20 5356/52/20 5352/46/18 5355/45/18
f 5360/55/1 5361/56/1 5357/50/1 5356/49/1
f 5361/57/21 5362/58/21 5358/52/19 5357/51/19
f 5362/56/4 5363/55/4 5359/54/4 5358/53/4
f 5363/57/22 5360/58/22 5356/52/20 5359/51/20
f 5364/54/1 5365/53/1 5361/56/1 5360/55/1
f 5365/59/23 5366/60/23 5362/58/21 5361/57/21
f 5366/50/4 5367/49/4 5363/55/4 5362/56/4
f 5367/59/24 5364/60/24 5360/58/22 5363/57/22
f 5368/48/1 5369/47/1 5365/53/1 5364/54/1
f 5369/61/25 5370/62/25 5366/60/23 5365/59/23
f 5370/44/4 5371/43/4 5367/49/4 5366/50/4
f 5371/61/26 5368/62/26 5364/60/24 5367/59/24
f 5372/42/1 5373/41/1 5369/47/1 5368/48/1
f 5373/63/27 5374/64/27 5370/62/25 5369/61/25
f 5374/38/4 5375/37/4 5371/43/4 5370/44/4
f 5375/63/28 5372/64/28 5368/62/26 5371/61/26
f 5376/36/1 5377/35/1 5373/41/1 5372/42/1
f 5377/65/29 5378/66/29 5374/64/27 5373/63/27
f 5378/32/4 5379/31/4 5375/37/4 5374/38/4
f 5379/65/30 5376/66/30 5372/64/28 5375/63/28
f 5380/30/1 5381/29/1 5377/35/1 5376/36/1
f 5381/67/31 5382/68/31 5378/66/29 5377/65/29
f 5382/26/4 5383/25/4 5379/31/4 5378/32/4
f 5383/67/32 5380/68/32 5376/66/30 5379/65/30
f 5384/24/1 5385/23/1 5381/29/1 5380/30/1
f 5385/69/33 5386/70/33 5382/68/31 5381/67/31
f 5386/20/4 5387/19/4 5383/25/4 5382/26/4
f 5387/69/34 5384/70/34 5380/68/32 5383/67/32
f 5388/18/1 5389/17/1 5385/23/1 5384/24/1
f 5389/71/35 5390/72/35 5386/70/33 5385/69/33
f 5390/14/4 5391/13/4 5387/19/4 5386/20/4
f 5391/71/36 5388/72/36 5384/70/34 5387/69/34
f 5392/10/1 5393/9/1 5389/17/1 5388/18/1
f 5393/73/37 5394/74/37 5390/72/35 5389/71/35
f 5394/2/4 5395/1/4 5391/13/4 5390/14/4
f 5395/73/38 5392/74/38 5388/72/36 5391/71/36
f 5396/11/1 5397/12/1 5393/9/1 5392/10/1
f 5397/75/6 5398/56/6 5394/74/37 5393/73/37
f 5398/3/4 5399/4/4 5395/1/4 5394/2/4
f 5399/75/3 5396/56/3 5392/74/38 5395/73/38
f 5400/76/1 5401/77/1 5397/12/1 5396/11/1
f 5401/78/5 5402/79/5 5398/56/6 5397/75/6
f 5402/80/4 5403/81/4 5399/4/4 5398/3/4
f 5403/78/2 5400/79/2 5396/56/3 5399/75/3
f 5404/82/1 5405/83/1 5401/77/1 5400/76/1
f 5405/84/8 5406/85/8 5402/79/5 5401/78/5
f 5406/86/4 5407/87/4 5403/81/4 5402/80/4
f 5407/84/7 5404/85/7 5400/79/2 5403/78/2
f 5408/88/1 5409/89/1 5405/83/1 5404/82/1
f 5409/90/10 5410/91/10 5406/85/8 5405/84/8
f 5410/92/4 5411/93/4 5407/87/4 5406/86/4
f 5411/90/9 5408/91/9 5404/85/7 5407/84/7
f 5412/94/1 5413/95/1 5409/89/1 5408/88/1
f 5413/96/12 5414/97/12 5410/91/10 5409/90/10
f 5414/98/4 5415/99/4 5411/93/4 5410/92/4
f 5415/96/11 5412/97/11 5408/91/9 5411/90/9
f 5416/100/1 5417/101/1 5413/95/1 5412/94/1
f 5417/102/14 5418/103/14 5414/97/12 5413/96/12
f 5418/104/4 5419/105/4 5415/99/4 5414/98/4
f 5419/102/13 5416/103/13 5412/97/11 5415/96/11
f 5420/106/1 5421/107/1 5417/101/1 5416/100/1
f 5421/108/16 5422/109/16 5418/103/14 5417/102/14
f 5422/110/4 5423/111/4 5419/105/4 5418/104/4
f 5423/108/15 5420/109/15 5416/103/13 5419/102/13
f 5424/112/1 5425/113/1 5421/107/1 5420/106/1
f 5425/114/18 5426/115/18 5422/109/16 5421/108/16
f 5426/116/4 5427/117/4 5423/111/4 5422/110/4
f 5427/114/17 5424/115/17 5420/109/15 5423/108/15
f 5428/118/1 5429/119/1 5425/113/1 5424/112/1
f 5429/120/20 5430/121/20 5426/115/18 5425/114/18
f 5430/122/4 5431/123/4 5427/117/4 5426/116/4
f 5431/120/19 5428/121/19 5424/115/17 5427/114/17
f 5432/124/1 5433/75/1 5429/119/1 5428/118/1
f 5433/125/22 5434/126/22 5430/121/20 5429/120/20
f 5434/75/4 5435/124/4 5431/123/4 5430/122/4
f 5435/125/21 5432/126/21 5428/121/19 5431/120/19
f 5436/123/1 5437/122/1 5433/75/1 5432/124/1
f 5437/127/24 5438/128/24 5434/126/22 5433/125/22
f 5438/119/4 5439/118/4 5435/124/4 5434/75/4
f 5439/127/23 5436/128/23 5432/126/21 5435/125/21
f 5440/117/1 5441/116/1 5437/122/1 5436/123/1
f 5441/129/26 5442/130/26 5438/128/24 5437/127/24
f 5442/113/4 5443/112/4 5439/118/4 5438/119/4
f 5443/129/25 5440/130/25 5436/128/23 5439/127/23
f 5444/111/1 5445/110/1 5441/116/1 5440/117/1
f 5445/131/28 5446/132/28 5442/130/26 5441/129/26
f 5446/107/4 5447/106/4 5443/112/4 5442/113/4
f 5447/131/27 5444/132/27 5440/130/25 5443/129/25
f 5448/105/1 5449/104/1 5445/110/1 5444/111/1
f 5449/133/30 5450/134/30 5446/132/28 5445/131/28
f 5450/101/4 5451/100/4 5447/106/4 5446/107/4
f 5451/133/29 5448/134/29 5444/132/27 5447/131/27
f 5452/99/1 5453/98/1 5449/104/1 5448/105/1
f 5453/135/32 5454/136/32 5450/134/30 5449/133/30
f 5454/95/4 5455/94/4 5451/100/4 5450/101/4
f 5455/135/31 5452/136/31 5448/134/29 5451/133/29
f 5456/93/1 5457/92/1 5453/98/1 5452/99/1
f 5457/137/34 5458/138/34 5454/136/32 5453/135/32
f 5458/89/4 5459/88/4 5455/94/4 5454/95/4
f 5459/137/33 5456/138/33 5452/136/31 5455/135/31
f 5460/87/1 5461/86/1 5457/92/1 5456/93/1
f 5461/139/36 5462/140/36 5458/138/34 5457/137/34
f 5462/83/4 5463/82/4 5459/88/4 5458/89/4
f 5463/139/35 5460/140/35 5456/138/33 5459/137/33
f 5464/81/1 5465/80/1 5461/86/1 5460/87/1
f 5465/141/38 5466/142/38 5462/140/36 5461/139/36
f 5466/77/4 5467/76/4 5463/82/4 5462/83/4
f 5467/141/37 5464/142/37 5460/140/35 5463/139/35
f 5324/4/1 5325/3/1 5465/80/1 5464/81/1
f 5325/143/3 5326/144/3 5466/142/38 5465/141/38
f 5326/12/4 5327/11/4 5467/76/4 5466/77/4
f 5327/143/6 5324/144/6 5464/142/37 5467/141/37
f 5472/1/1 5473/2/1 5469/3/1 5468/4/1
f 5473/5/2 5474/6/2 5470/7/3 5469/8/3
f 5474/9/4 5475/10/4 5471/11/4 5470/12/4
f 5475/5/5 5472/6/5 5468/7/6 5471/8/6
f 5476/13/1 5477/14/1 5473/2/1 5472/1/1
f 5477/15/7 5478/16/7 5474/6/2 5473/5/2
f 5478/17/4 5479/18/4 5475/10/4 5474/9/4
f 5479/15/8 5476/16/8 5472/6/5 5475/5/5
f 5480/19/1 5481/20/1 5477/14/1 5476/13/1
f 5481/21/9 5482/22/9 5478/16/7 5477/15/7
f 5482/23/4 5483/24/4 5479/18/4 5478/17/4
f 5483/21/10 5480/22/10 5476/16/8 5479/15/8
f 5484/25/1 5485/26/1 5481/20/1 5480/19/1
f 5485/27/11 5486/28/11 5482/22/9 5481/21/9
f 5486/29/4 5487/30/4 5483/24/4 5482/23/4
f 5487/27/12 5484/28/12 5480/22/10 5483/21/10
f 5488/31/1 5489/32/1 5485/26/1 5484/25/1
f 5489/33/13 5490/34/13 5486/28/11 5485/27/11
f 5490/35/4 5491/36/4 5487/30/4 5486/29/4
f 5491/33/14 5488/34/14 5484/28/12 5487/27/12
f 5492/37/1 5493/38/1 5489/32/1 5488/31/1
f 5493/39/15 5494/40/15 5490/34/13 5489/33/13
f 5494/41/4 5495/42/4 5491/36/4 5490/35/4
f 5495/39/16 5492/40/16 5488/34/14 5491/33/14
f 5496/43/1 5497/44/1 5493/38/1 5492/37/1
f 5497/45/17 5498/46/17 5494/40/15 5493/39/15
f 5498/47/4 5499/48/4 5495/42/4 5494/41/4
f 5499/45/18 5496/46/18 5492/40/16 5495/39/16
f 5500/49/1 5501/50/1 5497/44/1 5496/43/1
f 5501/51/19 5502/52/19 5498/46/17 5497/45/17
f 5502/53/4 5503/54/4 5499/48/4 5498/47/4
f 5503/51/20 5500/52/20 5496/46/18 5499/45/18
f 5504/55/1 5505/56/1 5501/50/1 5500/49/1
f 5505/57/21 5506/58/21 5502/52/19 5501/51/19
f 5506/56/4 5507/55/4 5503/54/4 5502/53/4
f 5507/57/22 5504/58/22 5500/52/20 5503/51/20
f 5508/54/1 5509/53/1 5505/56/1 5504/55/1
f 5509/59/23 5510/60/23 5506/58/21 5505/57/21
f 5510/50/4 5511/49/4 5507/55/4 5506/56/4
f 5511/59/24 5508/60/24 5504/58/22 5507/57/22
f 5512/48/1 5513/47/1 5509/53/1 5508/54/1
f 5513/61/25 5514/62/25 5510/60/23 5509/59/23
f 5514/44/4 5515/43/4 5511/49/4 5510/50/4
f 5515/61/26 5512/62/26 5508/60/24 5511/59/24
f 5516/42/1 5517/41/1 5513/47/1 5512/48/1
f 5517/63/27 5518/64/27 5514/62/25 5513/61/25
f 5518/38/4 5519/37/4 5515/43/4 5514/44/4
f 5519/63/28 5516/64/28 5512/62/26 5515/61/26
f 5520/36/1 5521/35/1 5517/41/1 5516/42/1
f 5521/65/29 5522/66/29 5518/64/27 5517/63/27
f 5522/32/4 5523/31/4 5519/37/4 5518/38/4
f 5523/65/30 5520/66/30 5516/64/28 5519/63/28
f 5524/30/1 5525/29/1 5521/35/1 5520/36/1
f 5525/67/31 5526/68/31 5522/66/29 5521/65/29
f 5526/26/4 5527/25/4 5523/31/4 5522/32/4
f 5527/67/32 5524/68/32 5520/66/30 5523/65/30
f 5528/24/1 5529/23/1 5525/29/1 5524/30/1
f 5529/69/33 5530/70/33 5526/68/31 5525/67/31
f 5530/20/4 5531/19/4 5527/25/4 5526/26/4
f 5531/69/34 5528/70/34 5524/68/32 5527/67/32
f 5532/18/1 5533/17/1 5529/23/1 5528/24/1
f 5533/71/35 5534/72/35 5530/70/33 5529/69/33
f 5534/14/4 5535/13/4 5531/19/4 5530/20/4
f 5535/71/36 5532/72/36 5528/70/34 5531/69/34
f 5536/10/1 5537/9/1 5533/17/1 5532/18/1
f 5537/73/37 5538/74/37 5534/72/35 5533/71/35
f 5538/2/4 5539/1/4 5535/13/4 5534/14/4
f 5539/73/38 5536/74/38 5532/72/36 5535/71/36
f 5540/11/1 5541/12/1 5537/9/1 5536/10/1
f 5541/75/6 5542/56/6 5538/74/37 5537/73/37
f 5542/3/4 5543/4/4 5539/1/4 5538/2/4
f 5543/75/3 5540/56/3 5536/74/38 5539/73/38
f 5544/76/1 5545/77/1 5541/12/1 5540/11/1
f 5545/78/5 5546/79/5 5542/56/6 5541/75/6
f 5546/80/4 5547/81/4 5543/4/4 5542/3/4
f 5547/78/2 5544/79/2 5540/56/3 5543/75/3
f 5548/82/1 5549/83/1 5545/77/1 5544/76/1
f 5549/84/8 5550/85/8 5546/79/5 5545/78/5
f 5550/86/4 5551/87/4 5547/81/4 5546/80/4
f 5551/84/7 5548/85/7 5544/79/2 5547/78/2
f 5552/88/1 5553/89/1 5549/83/1 5548/82/1
f 5553/90/10 5554/91/10 5550/85/8 5549/84/8
f 5554/92/4 5555/93/4 5551/87/4 5550/86/4
f 5555/90/9 5552/91/9 5548/85/7 5551/84/7
f 5556/94/1 5557/95/1 5553/89/1 5552/88/1
f 5557/96/12 5558/97/12 5554/91/10 5553/90/10
f 5558/98/4 5559/99/4 5555/93/4 5554/92/4
f 5559/96/11 5556/97/11 5552/91/9 5555/90/9
f 5560/100/1 5561/101/1 5557/95/1 5556/94/1
f 5561/102/14 5562/103/14 5558/97/12 5557/96/12
f 5562/104/4 5563/105/4 5559/99/4 5558/98/4
f 5563/102/13 5560/103/13 5556/97/11 5559/96/11
f 5564/106/1 5565/107/1 5561/101/1 5560/100/1
f 5565/108/16 5566/109/16 5562/103/14 5561/102/14
f 5566/110/4 5567/111/4 5563/105/4 5562/104/4
f 5567/108/15 5564/109/15 5560/103/13 5563/102/13
f 5568/112/1 5569/113/1 5565/107/1 5564/106/1
f 5569/114/18 5570/115/18 5566/109/16 5565/108/16
f 5570/116/4 5571/117/4 5567/111/4 5566/110/4
f 5571/114/17 5568/115/17 5564/109/15 5567/108/15
f 5572/118/1 5573/119/1 5569/113/1 5568/112/1
f 5573/120/20 5574/121/20 5570/115/18 5569/114/18
f 5574/122/4 5575/123/4 5571/117/4 5570/116/4
f 5575/120/19 5572/121/19 5568/115/17 5571/114/17
f 5576/124/1 5577/75/1 5573/119/1 5572/118/1
f 5577/125/22 5578/126/22 5574/121/20 5573/120/20
f 5578/75/4 5579/124/4 5575/123/4 5574/122/4
f 5579/125/21 5576/126/21 5572/121/19 5575/120/19
f 5580/123/1 5581/122/1 5577/75/1 5576/124/1
f 5581/127/24 5582/128/24 5578/126/22 5577/125/22
f 5582/119/4 5583/118/4 5579/124/4 5578/75/4
f 5583/127/23 5580/128/23 5576/126/21 5579/125/21
f 5584/117/1 5585/116/1 5581/122/1 5580/123/1
f 5585/129/26 5586/130/26 5582/128/24 5581/127/24
f 5586/113/4 5587/112/4 5583/118/4 5582/119/4
f 5587/129/25 5584/130/25 5580/128/23 5583/127/23
f 5588/111/1 5589/110/1 5585/116/1 5584/117/1
f 5589/131/28 5590/132/28 5586/130/26 5585/129/26
f 5590/107/4 5591/106/4 5587/112/4 5586/113/4
f 5591/131/27 5588/132/27 5584/130/25 5587/129/25
f 5592/105/1 5593/104/1 5589/110/1 5588/111/1
f 5593/133/30 5594/134/30 5590/132/28 5589/131/28
f 5594/101/4 5595/100/4 5591/106/4 5590/107/4
f 5595/133/29 5592/134/29 5588/132/27 5591/131/27
f 5596/99/1 5597/98/1 5593/104/1 5592/105/1
f 5597/135/32 5598/136/32 5594/134/30 5593/133/30
f 5598/95/4 5599/94/4 5595/100/4 5594/101/4
f 5599/135/31 5596/136/31 5592/134/29 5595/133/29
f 5600/93/1 5601/92/1 5597/98/1 5596/99/1
f 5601/137/34 5602/138/34 5598/136/32 5597/135/32
f 5602/89/4 5603/88/4 5599/94/4 5598/95/4
f 5603/137/33 5600/138/33 5596/136/31 5599/135/31
f 5604/87/1 5605/86/1 5601/92/1 5600/93/1
f 5605/139/36 5606/140/36 5602/138/34 5601/137/34
f 5606/83/4 5607/82/4 5603/88/4 5602/89/4
f 5607/139/35 5604/140/35 5600/138/33 5603/137/33
f 5608/81/1 5609/80/1 5605/86/1 5604/87/1
f 5609/141/38 5610/142/38 5606/140/36 5605/139/36
f 5610/77/4 5611/76/4 5607/82/4 5606/83/4
f 5611/141/37 5608/142/37 5604/140/35 5607/139/35
f 5468/4/1 5469/3/1 5609/80/1 5608/81/1
f 5469/143/3 5470/144/3 5610/142/38 5609/141/38
f 5470/12/4 5471/11/4 5611/76/4 5610/77/4
f 5471/143/6 5468/144/6 5608/142/37 5611/141/37
usemtl Mat.3
f 708/145/4 525/146/4 145/8/4 644/147/4
f 708/145/4 642/148/4 525/146/4
f 703/149/4 646/150/39 155/151/40
f 155/151/40 650/152/4 701/153/4
f 701/153/4 703/149/4 155/151/40
f 646/150/39 651/154/41 154/155/42 155/151/40
f 160/156/43 161/157/44 155/151/40 154/158/42
f 166/159/45 161/157/46 160/156/47
f 160/156/47 654/160/48 698/161/48
f 698/161/48 652/162/49 166/159/45 160/156/47
f 739/163/4 645/164/4 166/159/45
f 739/163/4 166/159/45 652/165/49
f 175/166/4 740/167/4 658/168/4 174/143/4
f 175/166/4 663/169/4 705/170/4
f 175/166/4 705/170/4 740/167/4
f 723/171/4 659/172/4 146/173/4 526/174/4
f 723/171/4 526/174/4 525/146/4 642/148/4
f 146/173/4 659/172/4 700/175/4
f 700/175/4 668/176/4 146/173/4
f 667/177/4 150/178/4 666/179/4
f 176/180/4 695/181/4 663/169/4 175/166/4
f 176/180/4 647/182/4 704/183/4
f 176/180/4 704/183/4 695/181/4
f 147/184/50 148/185/51 528/186/4 527/187/4
f 151/188/52 152/189/53 148/185/51 147/184/50
f 157/190/54 158/191/54 152/189/55 151/192/52
f 163/193/54 164/194/54 158/191/54 157/190/54
f 168/195/56 169/196/57 164/194/58 163/193/59
f 171/197/60 172/198/60 169/196/57 168/199/56
f 177/200/60 178/201/60 172/198/60 171/197/60
f 148/185/51 149/202/61 529/7/4 528/186/4
f 152/189/53 153/203/61 149/202/61 148/185/51
f 158/191/54 159/204/4 153/203/61 152/189/55
f 164/194/54 165/205/4 159/204/4 158/191/54
f 169/196/57 170/206/62 165/205/63 164/194/58
f 172/198/4 173/207/4 170/206/62 169/196/57
f 178/201/4 179/144/4 173/207/4 172/198/4
f 180/39/64 181/208/65 175/146/65 174/8/66
f 186/63/67 187/209/65 181/208/65 180/39/64
f 192/75/67 193/210/65 187/209/65 186/63/67
f 198/108/67 199/211/65 193/210/65 192/75/67
f 204/131/64 205/212/65 199/211/65 198/108/67
f 210/143/66 211/166/65 205/212/65 204/131/64
f 181/208/65 182/213/68 176/174/68 175/146/65
f 187/209/65 188/214/68 182/213/68 181/208/65
f 193/210/65 194/215/68 188/214/68 187/209/65
f 199/211/65 200/216/68 194/215/68 193/210/65
f 205/212/65 206/217/68 200/216/68 199/211/65
f 211/166/65 212/180/68 206/217/68 205/212/65
f 475/218/3 183/219/3 473/220/3 472/221/3
f 477/222/3 189/223/3 183/219/3 475/224/3
f 483/225/3 207/226/3 201/227/3 481/228/3
f 485/229/3 486/230/3 207/226/3 483/231/3
f 183/219/3 476/232/3 474/233/3 473/234/3
f 189/223/3 478/235/3 476/236/3 183/219/3
f 207/226/3 484/237/3 482/238/3 201/227/3
f 486/239/3 487/240/3 484/241/3 207/226/3
f 184/242/3 185/40/3 179/7/3 178/186/3
f 190/243/3 191/64/3 185/40/3 184/242/3
f 208/244/3 209/132/3 203/109/3 202/245/3
f 214/201/3 215/144/3 209/132/3 208/244/3
f 211/146/1 210/8/1 686/246/1 706/247/1
f 696/248/1 653/249/1 211/146/1
f 706/247/1 696/248/1 211/146/1
f 219/250/69 673/251/70 737/252/71
f 657/253/72 219/250/69 737/252/71
f 725/254/1 225/151/73 219/250/69 657/253/72
f 725/254/1 649/255/1 224/158/1 225/151/73
f 230/156/74 231/157/75 225/151/73 224/158/1
f 660/256/76 743/257/76 231/157/75 230/156/74
f 231/157/75 743/257/76 742/258/76
f 664/259/76 231/157/75 742/258/76
f 709/260/1 530/166/1 656/261/1
f 530/166/1 709/260/1 680/262/1 244/143/1
f 212/174/1 211/146/1 653/249/1 720/263/1
f 713/264/1 661/265/1 212/174/1
f 720/263/1 713/264/1 212/174/1
f 757/266/1 672/267/1 240/268/1
f 240/268/1 655/269/1 757/266/1
f 671/270/1 236/271/1 677/272/1
f 531/180/1 738/273/1 656/261/1 530/166/1
f 531/180/1 240/268/1 672/267/1 738/273/1
f 216/184/77 217/185/77 214/186/77 213/187/77
f 221/192/78 222/189/79 217/185/77 216/184/77
f 227/274/80 228/191/81 222/189/79 221/192/78
f 233/193/82 234/194/82 228/191/83 227/190/80
f 237/199/82 238/196/82 234/194/82 233/193/82
f 241/197/84 242/198/85 238/196/86 237/199/87
f 532/200/1 533/201/1 242/198/85 241/197/84
f 217/185/1 218/202/1 215/7/1 214/186/1
f 222/189/79 223/203/88 218/202/1 217/185/1
f 228/191/81 229/204/89 223/203/88 222/189/79
f 493/275/1 229/204/89 228/191/83
f 238/196/82 239/206/1 235/205/1 234/194/82
f 242/198/85 243/207/90 239/206/90 238/196/86
f 533/201/1 245/144/1 243/207/90 242/198/85
f 246/39/6 534/208/6 530/146/6 244/8/6
f 251/63/6 252/209/6 534/208/6 246/39/6
f 257/75/6 258/210/6 252/209/6 251/63/6
f 262/108/6 263/211/6 258/210/6 257/75/6
f 537/131/6 267/212/6 263/211/6 262/108/6
f 145/143/6 525/166/6 267/212/6 537/131/6
f 571/276/6 247/213/6 567/277/6 566/278/6
f 573/279/6 253/214/6 247/213/6 571/280/6
f 560/281/6 268/217/6 264/216/6 559/282/6
f 561/283/6 562/284/6 268/217/6 560/285/6
f 247/213/6 248/219/6 568/286/6 567/287/6
f 253/214/6 254/223/6 248/219/6 247/213/6
f 259/215/6 260/288/6 254/223/6 253/214/6
f 264/216/6 265/227/6 260/288/6 259/215/6
f 268/217/6 269/226/6 265/227/6 264/216/6
f 562/289/6 563/290/6 269/226/6 268/217/6
f 248/219/6 249/242/6 569/291/6 568/292/6
f 254/223/6 255/243/6 249/242/6 248/219/6
f 260/288/6 261/293/6 255/243/6 254/223/6
f 265/227/6 266/245/6 261/293/6 260/288/6
f 269/226/6 270/244/6 266/245/6 265/227/6
f 563/294/6 564/295/6 270/244/6 269/226/6
f 249/242/6 572/296/6 570/297/6 569/298/6
f 255/243/6 574/299/6 572/300/6 249/242/6
f 270/244/6 577/301/6 576/302/6 266/245/6
f 564/303/6 565/304/6 577/305/6 270/244/6
f 149/306/91 272/307/91 271/308/21 529/8/21
f 153/309/92 275/310/92 272/307/91 149/306/91
f 159/158/21 279/311/21 275/310/91 153/309/91
f 165/156/93 284/312/94 279/311/21 159/158/21
f 170/313/95 289/314/96 284/312/94 165/156/93
f 173/315/97 294/316/98 289/314/96 170/317/95
f 179/143/97 185/318/98 294/316/98 173/315/97
f 420/307/99 417/319/100 332/320/101 333/308/101
f 335/311/102 280/321/102 419/322/103 421/310/104
f 337/312/21 338/323/21 280/321/102 335/311/102
f 289/314/96 290/324/21 285/323/21 284/312/94
f 294/316/98 295/325/105 290/324/21 289/314/96
f 185/318/98 191/326/21 295/325/105 294/316/98
f 273/327/100 334/328/99 329/329/101 330/330/101
f 282/331/102 336/332/102 422/333/104 277/334/103
f 340/335/21 341/336/21 336/332/102 282/331/102
f 292/337/21 293/338/106 288/336/107 287/335/21
f 297/339/108 298/340/109 293/338/106 292/337/21
f 203/341/21 209/342/109 298/340/109 297/339/108
f 274/328/91 243/202/91 245/7/21 250/329/21
f 278/333/92 239/203/92 243/202/91 274/328/91
f 283/332/21 235/204/21 239/203/91 278/333/91
f 288/336/107 493/343/110 235/204/21 283/332/21
f 293/344/106 223/206/111 229/205/112 288/336/107
f 298/340/109 218/207/113 223/206/111 293/338/106
f 209/342/109 215/144/113 218/207/113 298/340/109
f 758/345/114 246/308/114 244/8/114 680/147/114
f 776/346/114 674/347/115 299/307/116 246/308/114
f 776/346/114 246/308/114 758/345/114
f 761/348/117 681/349/118 304/310/119
f 304/310/119 299/307/116 674/347/115 753/350/117
f 304/310/119 750/351/120 749/352/117
f 304/310/119 762/353/117 761/348/117
f 747/354/121 748/355/122 764/356/123
f 797/357/117 762/353/117 304/310/119
f 304/310/119 764/356/117 746/358/117
f 746/358/117 797/357/117 304/310/119
f 304/310/119 753/350/117 752/359/117
f 747/354/117 764/356/117 304/310/119
f 304/310/119 752/359/117 751/360/117
f 749/352/117 747/354/117 304/310/119
f 751/360/117 750/351/120 304/310/119
f 754/361/124 689/362/125 309/311/126
f 774/363/124 309/311/126 304/310/119 681/349/118
f 774/363/124 754/361/124 309/311/126
f 309/311/126 689/362/125 660/364/127 230/365/128
f 224/366/129 314/312/130 309/311/126 230/158/128
f 777/367/131 676/368/132 319/314/133 314/312/130
f 314/312/130 224/156/129 669/369/134 777/367/131
f 687/370/135 319/314/133 676/368/132
f 669/369/134 224/156/129 649/371/134
f 773/372/136 324/316/137 319/314/133 687/373/135
f 780/374/136 692/375/138 324/316/139
f 324/316/137 772/376/136 771/377/136
f 324/316/139 765/378/136 766/379/136
f 769/380/140 768/381/141 767/382/142
f 324/316/139 816/383/136 780/374/136
f 763/384/136 816/383/136 324/316/139
f 324/316/137 771/377/136 770/385/136
f 324/316/139 769/380/136 767/382/136
f 782/386/136 763/384/136 324/316/139
f 324/316/137 773/372/136 772/376/136
f 766/379/136 782/386/136 324/316/139
f 324/316/137 770/385/136 769/380/136
f 767/382/136 765/378/136 324/316/139
f 775/387/143 675/388/144 324/316/139
f 775/387/143 324/316/139 692/375/138
f 795/389/22 204/318/22 324/316/139 675/390/144
f 778/391/22 686/168/22 210/143/22 204/318/22
f 204/318/22 795/389/22 778/391/22
f 299/307/116 300/319/114 251/320/114 246/308/114
f 309/392/126 310/321/145 305/322/146 304/310/119
f 314/393/130 315/323/147 310/321/145 309/311/126
f 319/314/133 320/324/148 315/323/147 314/312/130
f 300/319/114 301/394/114 257/3/114 251/320/114
f 310/395/145 311/396/149 306/397/150 305/322/146
f 315/323/147 316/398/151 311/396/149 310/321/145
f 320/324/148 321/399/22 316/398/151 315/323/147
f 301/394/114 302/327/114 262/330/114 257/3/114
f 311/396/149 312/331/152 307/334/153 306/397/150
f 316/398/151 317/335/154 312/331/152 311/396/149
f 321/399/22 322/337/155 317/335/154 316/398/151
f 302/327/114 303/328/116 537/329/114 262/330/114
f 312/331/152 313/332/156 308/333/157 307/334/153
f 317/400/154 318/336/158 313/332/156 312/331/152
f 322/337/155 323/338/159 318/336/158 317/335/154
f 537/329/114 303/328/116 685/401/115 779/402/114
f 798/403/114 644/404/114 145/7/114 537/329/114
f 537/329/114 779/402/114 798/403/114
f 308/333/157 679/405/160 781/406/161
f 792/407/117 685/401/115 303/328/116 308/333/162
f 785/408/163 786/409/163 787/410/163
f 308/333/157 783/411/164 785/408/164
f 308/333/157 781/406/161 800/412/117
f 791/413/165 792/407/117 308/333/162
f 308/333/157 800/412/117 784/414/166
f 790/415/161 791/413/165 308/333/162
f 308/333/157 784/414/166 783/411/164
f 789/416/167 790/415/161 308/333/162
f 788/417/168 789/416/167 308/333/162
f 787/410/169 788/417/168 308/333/162
f 308/333/162 785/408/170 787/410/169
f 313/332/156 793/418/153 679/405/160 308/333/157
f 794/419/153 313/332/156 154/204/171 651/420/153
f 794/419/153 793/418/153 313/332/156
f 318/421/158 160/205/172 154/204/171 313/332/156
f 662/422/173 654/423/174 160/205/172 318/336/158
f 318/336/158 323/338/159 690/424/175 796/425/176
f 796/425/176 662/422/173 318/336/158
f 690/426/175 323/338/159 683/427/177
f 328/428/178 688/429/179 799/430/180
f 328/428/181 812/431/180 683/427/177 323/338/159
f 810/432/182 811/433/183 812/431/184
f 805/434/1 806/435/1 807/436/1
f 817/437/21 802/438/21 801/439/21
f 328/428/178 799/430/180 817/437/180
f 804/440/185 805/434/186 807/436/187
f 328/428/178 807/436/188 808/441/180
f 328/428/181 817/437/180 801/439/180
f 328/428/181 801/439/180 803/442/180
f 328/428/181 803/442/180 804/440/180
f 328/428/178 804/440/180 807/436/188
f 328/428/178 808/441/180 809/443/180
f 328/428/178 809/443/180 810/432/180
f 328/428/181 810/432/180 812/431/180
f 814/444/22 180/342/22 174/144/22 658/445/22
f 813/446/22 688/447/179 328/340/178 180/342/22
f 814/444/22 813/446/22 180/342/22
f 349/307/4 354/307/4 353/308/4 348/308/4
f 271/308/6 333/308/6 332/320/6 536/320/6
f 350/310/4 355/310/4 354/307/4 349/307/4
f 358/329/1 363/329/1 364/328/1 359/328/1
f 256/330/6 330/330/6 329/329/6 250/329/6
f 359/328/1 364/328/1 365/333/1 360/333/1
f 447/325/4 449/325/4 448/324/4 446/324/4
f 292/337/1 344/337/1 347/339/1 297/339/1
f 272/307/189 349/307/189 348/308/22 271/308/22
f 333/308/101 353/308/101 354/307/190 420/307/99
f 271/308/6 348/308/6 353/308/6 333/308/6
f 275/310/189 350/310/189 349/307/189 272/307/189
f 420/307/99 354/307/190 355/310/191 421/310/104
f 279/311/22 351/311/22 350/310/189 275/310/189
f 421/310/104 355/310/191 356/311/102 335/311/102
f 284/312/22 509/448/22 351/311/22 279/311/22
f 335/311/102 356/311/102 357/312/21 337/312/21
f 250/329/22 358/329/22 359/328/189 274/328/189
f 329/329/6 363/329/6 358/329/6 250/329/6
f 334/328/99 364/328/190 363/329/101 329/329/101
f 274/328/189 359/328/189 360/333/189 278/333/189
f 422/333/104 365/333/191 364/328/190 334/328/99
f 278/333/189 360/333/189 361/332/192 283/332/192
f 336/332/102 366/332/102 365/333/191 422/333/104
f 494/449/193 362/336/194 288/336/193
f 341/336/21 367/336/21 366/332/102 336/332/102
f 386/336/195 394/336/195 395/336/195 391/336/195
f 285/323/196 369/450/196 368/451/196 284/312/196
f 337/312/196 373/451/196 374/450/196 338/323/196
f 288/336/196 372/452/196 371/453/196 287/335/196
f 340/335/196 376/453/196 377/452/196 341/336/196
f 357/312/197 379/312/198 373/312/196 337/312/196
f 352/312/197 378/312/197 379/312/198 357/312/197
f 284/312/196 368/312/196 378/312/197 352/312/197
f 362/336/197 380/336/197 372/336/196 288/336/196
f 367/336/197 381/336/198 380/336/197 362/336/197
f 341/336/196 377/336/196 381/336/198 367/336/197
f 369/450/199 383/450/199 382/451/199 368/451/199
f 373/451/200 387/451/200 388/450/200 374/450/200
f 372/452/199 386/452/199 385/453/199 371/453/199
f 376/453/200 390/453/200 391/452/200 377/452/200
f 379/312/200 393/312/200 387/312/200 373/312/200
f 378/312/1 392/312/1 393/312/1 379/312/1
f 368/312/199 382/312/199 392/312/199 378/312/199
f 380/336/199 394/336/199 386/336/199 372/336/199
f 381/336/4 395/336/4 394/336/4 380/336/4
f 377/336/200 391/336/200 395/336/200 381/336/200
f 351/311/4 397/454/4 396/455/4 350/310/4
f 355/310/4 399/456/4 400/457/4 356/311/4
f 350/310/4 396/455/4 399/456/4 355/310/4
f 509/448/4 398/458/4 397/459/4 351/311/4
f 357/312/4 401/460/4 398/458/4 352/312/4
f 356/311/4 400/461/4 401/460/4 357/312/4
f 397/454/21 403/454/21 402/455/21 396/455/21
f 399/456/201 405/456/201 406/457/202 400/457/202
f 396/455/3 402/455/3 405/456/3 399/456/3
f 398/458/21 404/458/21 403/459/21 397/459/21
f 401/460/203 407/460/203 404/458/204 398/458/204
f 400/461/202 406/461/202 407/460/203 401/460/203
f 360/333/1 408/462/1 409/463/1 361/332/1
f 365/333/1 411/464/1 408/462/1 360/333/1
f 366/332/1 412/465/1 411/464/1 365/333/1
f 494/449/1 410/466/1 362/336/1
f 367/336/1 413/467/1 412/468/1 366/332/1
f 362/336/1 410/466/1 413/467/1 367/336/1
f 408/462/21 423/462/21 424/463/21 409/463/21
f 411/464/3 425/464/3 423/462/3 408/462/3
f 412/465/202 415/465/202 425/464/201 411/464/201
f 409/469/21 424/469/21 414/466/21 410/466/21
f 413/467/203 416/467/203 415/468/202 412/468/202
f 410/466/204 414/466/204 416/467/203 413/467/203
f 421/470/104 434/471/205 432/472/206 420/307/99
f 419/322/103 429/473/207 434/471/205 421/310/104
f 420/307/99 432/472/206 426/474/207 417/319/100
f 422/333/104 435/475/205 431/476/207 277/334/103
f 334/477/99 433/478/206 435/475/205 422/333/104
f 273/327/100 428/479/207 433/478/206 334/328/99
f 434/471/1 444/471/1 442/472/1 432/472/1
f 429/473/208 439/473/208 444/471/208 434/471/208
f 432/472/209 442/472/209 436/474/209 426/474/209
f 435/475/208 445/475/208 441/476/208 431/476/208
f 433/478/4 443/478/4 445/475/4 435/475/4
f 428/479/209 438/479/209 443/478/209 433/478/209
f 295/325/105 447/325/21 446/324/21 290/324/21
f 345/325/210 449/325/210 447/325/211 295/325/211
f 342/324/212 448/324/212 449/325/210 345/325/210
f 290/324/213 446/324/213 448/324/214 342/324/213
f 290/323/215 453/324/216 450/323/217 285/323/218
f 285/480/219 450/323/220 451/398/221 286/398/222
f 287/335/4 452/335/4 455/337/4 292/337/4
f 286/398/223 451/398/223 452/335/223 287/335/223
f 182/213/3 459/218/3 456/221/3 176/174/3
f 176/174/3 456/221/3 457/220/3 177/187/3
f 188/214/3 461/222/3 459/224/3 182/213/3
f 206/217/3 467/225/3 465/228/3 200/216/3
f 212/180/3 469/229/3 467/231/3 206/217/3
f 213/200/3 470/230/3 469/229/3 212/180/3
f 178/186/3 458/233/3 460/232/3 184/242/3
f 177/187/3 457/234/3 458/233/3 178/186/3
f 184/242/3 460/236/3 462/235/3 190/243/3
f 202/245/3 466/238/3 468/237/3 208/244/3
f 214/201/3 471/240/3 470/239/3 213/200/3
f 208/244/3 468/241/3 471/240/3 214/201/3
f 459/218/21 475/218/21 472/221/21 456/221/21
f 456/221/1 472/221/1 473/220/1 457/220/1
f 461/222/21 477/222/21 475/224/21 459/224/21
f 467/225/21 483/225/21 481/228/21 465/228/21
f 469/229/21 485/229/21 483/231/21 467/231/21
f 470/230/4 486/230/4 485/229/4 469/229/4
f 458/233/22 474/233/22 476/232/22 460/232/22
f 457/234/224 473/234/224 474/233/224 458/233/224
f 460/236/22 476/236/22 478/235/22 462/235/22
f 466/238/22 482/238/22 484/237/22 468/237/22
f 471/240/225 487/240/225 486/239/225 470/239/225
f 468/241/22 484/241/22 487/240/22 471/240/22
f 239/8/189 516/143/189 515/144/189 278/7/189
f 225/8/226 489/143/227 488/144/4 224/7/4
f 228/8/228 492/143/229 491/144/228 227/7/229
f 229/8/4 493/143/4 492/144/229 228/7/228
f 235/205/1 493/275/1 228/191/83 234/194/82
f 288/336/107 229/205/112 493/343/110
f 361/332/192 494/449/193 288/336/193 283/332/192
f 494/449/1 361/332/1 409/469/1 410/466/1
f 229/8/112 493/143/110 494/144/230 362/7/230
f 495/143/1 815/481/1 677/482/1 236/8/1
f 237/8/231 496/143/82 495/144/1 236/7/1
f 238/8/86 497/143/82 496/144/82 237/7/231
f 239/8/90 498/143/1 497/144/82 238/7/86
f 161/8/46 500/143/46 499/144/43 160/7/47
f 164/8/58 503/143/54 502/144/54 163/7/232
f 165/8/63 504/143/4 503/144/54 164/7/58
f 815/483/4 495/8/4 505/143/4 691/484/4
f 815/483/4 678/485/4 495/8/4
f 497/8/229 507/143/229 506/144/229 496/7/229
f 498/8/4 508/143/4 507/144/229 497/7/229
f 284/312/22 352/312/22 509/448/22
f 509/448/4 352/312/4 398/458/4
f 509/8/21 504/143/21 165/144/21 352/7/21
f 667/482/1 150/8/1 510/143/1 684/486/1
f 151/8/233 511/143/233 510/144/1 150/7/1
f 152/8/233 512/143/233 511/144/233 151/7/233
f 153/8/1 513/143/1 512/144/233 152/7/233
f 275/8/22 514/143/22 513/144/22 153/7/22
f 534/8/6 551/143/6 546/144/6 530/7/6
f 530/8/6 546/143/6 547/144/6 531/7/6
f 252/8/6 553/143/6 551/144/6 534/7/6
f 258/8/6 538/143/6 553/144/6 252/7/6
f 263/8/6 539/143/6 538/144/6 258/7/6
f 267/8/6 540/143/6 539/144/6 263/7/6
f 525/8/6 541/143/6 540/144/6 267/7/6
f 526/8/6 542/143/6 541/144/6 525/7/6
f 531/8/6 547/143/6 548/144/6 532/7/6
f 527/8/6 543/143/6 542/144/6 526/7/6
f 532/8/6 548/143/6 549/144/6 533/7/6
f 528/8/6 544/143/6 543/144/6 527/7/6
f 245/8/6 550/143/6 552/144/6 250/7/6
f 533/8/6 549/143/6 550/144/6 245/7/6
f 250/8/6 552/143/6 554/144/6 256/7/6
f 536/8/6 556/143/6 557/144/6 271/7/6
f 529/8/6 545/143/6 544/144/6 528/7/6
f 271/8/6 557/143/6 545/144/6 529/7/6
f 551/8/21 571/143/21 566/144/21 546/7/21
f 546/8/4 566/143/4 567/144/4 547/7/4
f 553/8/21 573/143/21 571/144/21 551/7/21
f 540/8/21 560/143/21 559/144/21 539/7/21
f 541/8/21 561/143/21 560/144/21 540/7/21
f 542/8/1 562/143/1 561/144/1 541/7/1
f 547/8/4 567/143/4 568/144/4 548/7/4
f 543/8/1 563/143/1 562/144/1 542/7/1
f 548/8/4 568/143/4 569/144/4 549/7/4
f 544/8/1 564/143/1 563/144/1 543/7/1
f 550/8/22 570/143/22 572/144/22 552/7/22
f 549/8/4 569/143/4 570/144/4 550/7/4
f 552/8/22 572/143/22 574/144/22 554/7/22
f 556/8/22 576/143/22 577/144/22 557/7/22
f 545/8/1 565/143/1 564/144/1 544/7/1
f 557/8/22 577/143/22 565/144/22 545/7/22
f 590/8/6 595/143/234 596/144/234 591/7/6
f 198/8/67 581/143/3 582/144/3 204/7/64
f 591/8/6 596/143/234 597/144/234 592/7/6
f 192/8/67 580/143/3 581/144/3 198/7/67
f 592/8/6 597/143/234 598/144/234 593/7/6
f 186/8/67 579/143/3 580/144/3 192/7/67
f 593/8/6 598/143/234 599/144/234 594/7/6
f 180/8/64 578/143/3 579/144/3 186/7/67
f 319/8/235 590/143/236 591/144/237 320/7/238
f 320/8/238 591/143/237 592/144/239 321/7/239
f 321/8/239 592/143/239 593/144/240 322/7/241
f 322/487/241 593/143/240 594/144/242 323/7/242
f 621/8/243 626/143/244 625/144/244 620/7/243
f 610/8/6 615/143/245 616/144/245 611/7/6
f 622/8/243 627/143/244 626/144/244 621/7/243
f 611/8/6 616/143/245 617/144/245 612/7/6
f 623/8/243 628/143/244 627/144/244 622/7/243
f 612/8/6 617/143/245 618/144/245 613/7/6
f 624/8/243 629/143/246 628/144/244 623/7/243
f 613/8/6 618/143/245 619/144/245 614/7/6
f 299/8/247 610/143/247 611/144/247 300/7/247
f 300/8/247 611/143/247 612/144/247 301/7/247
f 301/8/247 612/143/247 613/144/247 302/7/247
f 302/8/247 613/143/247 614/144/247 303/7/247
f 305/8/248 621/143/248 620/144/248 304/7/248
f 306/8/248 622/143/248 621/144/248 305/7/248
f 307/8/248 623/143/248 622/144/248 306/7/248
f 308/8/248 624/143/248 623/144/248 307/7/248
f 4717/1186/1 4718/1187/1 4714/1188/1 4713/1189/1
f 4718/1025/1823 4719/1026/1823 4715/7/1824 4714/8/1824
f 4719/1190/4 4720/1191/4 4716/1192/4 4715/1193/4
f 4720/1025/1825 4717/1026/1825 4713/7/1826 4716/8/1826
f 4721/1194/1 4722/1195/1 4718/1187/1 4717/1186/1
f 4722/21/1827 4723/22/1827 4719/1026/1823 4718/1025/1823
f 4723/1196/4 4724/1197/4 4720/1191/4 4719/1190/4
f 4724/21/1828 4721/22/1828 4717/1026/1825 4720/1025/1825
f 4725/1198/1 4726/1199/1 4722/1195/1 4721/1194/1
f 4726/1027/1829 4727/1028/1829 4723/22/1827 4722/21/1827
f 4727/1200/4 4728/1201/4 4724/1197/4 4723/1196/4
f 4728/1027/1830 4725/1028/1830 4721/22/1828 4724/21/1828
f 4729/1202/1 4730/1203/1 4726/1199/1 4725/1198/1
f 4730/39/1831 4731/40/1831 4727/1028/1829 4726/1027/1829
f 4731/1204/4 4732/1205/4 4728/1201/4 4727/1200/4
f 4732/39/1832 4729/40/1832 4725/1028/1830 4728/1027/1830
f 4733/1206/1 4734/1207/1 4730/1203/1 4729/1202/1
f 4734/1029/1833 4735/1030/1833 4731/40/1831 4730/39/1831
f 4735/1208/4 4736/1209/4 4732/1205/4 4731/1204/4
f 4736/1029/1834 4733/1030/1834 4729/40/1832 4732/39/1832
f 4737/1210/1 4738/1211/1 4734/1207/1 4733/1206/1
f 4738/57/1835 4739/58/1835 4735/1030/1833 4734/1029/1833
f 4739/1212/4 4740/1213/4 4736/1209/4 4735/1208/4
f 4740/57/1836 4737/58/1836 4733/1030/1834 4736/1029/1834
f 4741/1214/1 4742/1215/1 4738/1211/1 4737/1210/1
f 4742/1031/1837 4743/1032/1837 4739/58/1835 4738/57/1835
f 4743/1216/4 4744/1217/4 4740/1213/4 4739/1212/4
f 4744/1031/1838 4741/1032/1838 4737/58/1836 4740/57/1836
f 4745/1218/1 4746/1219/1 4742/1215/1 4741/1214/1
f 4746/63/1839 4747/64/1839 4743/1032/1837 4742/1031/1837
f 4747/1220/4 4748/1221/4 4744/1217/4 4743/1216/4
f 4748/63/1840 4745/64/1840 4741/1032/1838 4744/1031/1838
f 4749/1222/1 4750/1223/1 4746/1219/1 4745/1218/1
f 4750/1033/1841 4751/1034/1841 4747/64/1839 4746/63/1839
f 4751/1224/4 4752/1225/4 4748/1221/4 4747/1220/4
f 4752/1033/1842 4749/1034/1842 4745/64/1840 4748/63/1840
f 4753/1226/1 4754/1227/1 4750/1223/1 4749/1222/1
f 4754/69/1843 4755/70/1843 4751/1034/1841 4750/1033/1841
f 4755/1228/4 4756/1229/4 4752/1225/4 4751/1224/4
f 4756/69/1844 4753/70/1844 4749/1034/1842 4752/1033/1842
f 4757/1230/1 4758/1231/1 4754/1227/1 4753/1226/1
f 4758/1035/1845 4759/1036/1845 4755/70/1843 4754/69/1843
f 4759/1232/4 4760/1233/4 4756/1229/4 4755/1228/4
f 4760/1035/1846 4757/1036/1846 4753/70/1844 4756/69/1844
f 4761/1234/1 4762/56/1 4758/1231/1 4757/1230/1
f 4762/75/21 4763/56/21 4759/1036/1845 4758/1035/1845
f 4763/56/4 4764/1234/4 4760/1233/4 4759/1232/4
f 4764/75/22 4761/56/22 4757/1036/1846 4760/1035/1846
f 4765/1233/1 4766/1232/1 4762/56/1 4761/1234/1
f 4766/1037/1847 4767/1038/1847 4763/56/21 4762/75/21
f 4767/1231/4 4768/1230/4 4764/1234/4 4763/56/4
f 4768/1037/1848 4765/1038/1848 4761/56/22 4764/75/22
f 4769/1229/1 4770/1228/1 4766/1232/1 4765/1233/1
f 4770/90/1849 4771/91/1849 4767/1038/1847 4766/1037/1847
f 4771/1227/4 4772/1226/4 4768/1230/4 4767/1231/4
f 4772/90/1850 4769/91/1850 4765/1038/1848 4768/1037/1848
f 4773/1225/1 4774/1224/1 4770/1228/1 4769/1229/1
f 4774/1039/1851 4775/1040/1851 4771/91/1849 4770/90/1849
f 4775/1223/4 4776/1222/4 4772/1226/4 4771/1227/4
f 4776/1039/1852 4773/1040/1852 4769/91/1850 4772/90/1850
f 4777/1221/1 4778/1220/1 4774/1224/1 4773/1225/1
f 4778/108/1853 4779/109/1853 4775/1040/1851 4774/1039/1851
f 4779/1219/4 4780/1218/4 4776/1222/4 4775/1223/4
f 4780/108/1854 4777/109/1854 4773/1040/1852 4776/1039/1852
f 4781/1217/1 4782/1216/1 4778/1220/1 4777/1221/1
f 4782/1041/1855 4783/1042/1855 4779/109/1853 4778/108/1853
f 4783/1215/4 4784/1214/4 4780/1218/4 4779/1219/4
f 4784/1041/1856 4781/1042/1856 4777/109/1854 4780/108/1854
f 4785/1213/1 4786/1212/1 4782/1216/1 4781/1217/1
f 4786/125/1857 4787/126/1857 4783/1042/1855 4782/1041/1855
f 4787/1211/4 4788/1210/4 4784/1214/4 4783/1215/4
f 4788/125/1858 4785/126/1858 4781/1042/1856 4784/1041/1856
f 4789/1209/1 4790/1208/1 4786/1212/1 4785/1213/1
f 4790/1043/1859 4791/1044/1859 4787/126/1857 4786/125/1857
f 4791/1207/4 4792/1206/4 4788/1210/4 4787/1211/4
f 4792/1043/1860 4789/1044/1860 4785/126/1858 4788/125/1858
f 4793/1205/1 4794/1204/1 4790/1208/1 4789/1209/1
f 4794/131/1861 4795/132/1861 4791/1044/1859 4790/1043/1859
f 4795/1203/4 4796/1202/4 4792/1206/4 4791/1207/4
f 4796/131/1862 4793/132/1862 4789/1044/1860 4792/1043/1860
f 4797/1201/1 4798/1200/1 4794/1204/1 4793/1205/1
f 4798/1045/1863 4799/1046/1863 4795/132/1861 4794/131/1861
f 4799/1199/4 4800/1198/4 4796/1202/4 4795/1203/4
f 4800/1045/1864 4797/1046/1864 4793/132/1862 4796/131/1862
f 4801/1197/1 4802/1196/1 4798/1200/1 4797/1201/1
f 4802/137/1865 4803/138/1865 4799/1046/1863 4798/1045/1863
f 4803/1195/4 4804/1194/4 4800/1198/4 4799/1199/4
f 4804/137/1866 4801/138/1866 4797/1046/1864 4800/1045/1864
f 4805/1191/1 4806/1190/1 4802/1196/1 4801/1197/1
f 4806/1047/1867 4807/1048/1867 4803/138/1865 4802/137/1865
f 4807/1187/4 4808/1186/4 4804/1194/4 4803/1195/4
f 4808/1047/1868 4805/1048/1868 4801/138/1866 4804/137/1866
f 4809/1192/1 4810/1193/1 4806/1190/1 4805/1191/1
f 4810/143/1869 4811/144/1869 4807/1048/1867 4806/1047/1867
f 4811/1188/4 4812/1189/4 4808/1186/4 4807/1187/4
f 4812/143/1870 4809/144/1870 4805/1048/1868 4808/1047/1868
f 4814/7/22 4815/7/22 4813/7/22
f 4815/7/22 4816/7/22 4813/7/22
f 4819/7/1871 4818/7/1871 4817/7/1871
f 4820/7/1871 4819/7/1871 4817/7/1871
f 4714/7/1 4814/7/1 4813/7/1 4713/7/1
f 4715/7/1872 4815/7/1872 4814/7/1872 4714/7/1872
f 4716/7/4 4816/7/4 4815/7/4 4715/7/4
f 4713/7/1873 4813/7/1873 4816/7/1873 4716/7/1873
f 4810/7/1874 4818/7/1874 4819/7/1874 4811/7/1874
f 4809/7/1 4817/7/1 4818/7/1 4810/7/1
f 4812/7/1875 4820/7/1875 4817/7/1875 4809/7/1875
f 4811/7/4 4819/7/4 4820/7/4 4812/7/4
f 4825/1186/1 4826/1187/1 4822/1188/1 4821/1189/1
f 4826/1025/1823 4827/1026/1823 4823/7/1824 4822/8/1824
f 4827/1190/4 4828/1191/4 4824/1192/4 4823/1193/4
f 4828/1025/1825 4825/1026/1825 4821/7/1826 4824/8/1826
f 4829/1194/1 4830/1195/1 4826/1187/1 4825/1186/1
f 4830/21/1827 4831/22/1827 4827/1026/1823 4826/1025/1823
f 4831/1196/4 4832/1197/4 4828/1191/4 4827/1190/4
f 4832/21/1828 4829/22/1828 4825/1026/1825 4828/1025/1825
f 4833/1198/1 4834/1199/1 4830/1195/1 4829/1194/1
f 4834/1027/1829 4835/1028/1829 4831/22/1827 4830/21/1827
f 4835/1200/4 4836/1201/4 4832/1197/4 4831/1196/4
f 4836/1027/1830 4833/1028/1830 4829/22/1828 4832/21/1828
f 4837/1202/1 4838/1203/1 4834/1199/1 4833/1198/1
f 4838/39/1831 4839/40/1831 4835/1028/1829 4834/1027/1829
f 4839/1204/4 4840/1205/4 4836/1201/4 4835/1200/4
f 4840/39/1832 4837/40/1832 4833/1028/1830 4836/1027/1830
f 4841/1206/1 4842/1207/1 4838/1203/1 4837/1202/1
f 4842/1029/1833 4843/1030/1833 4839/40/1831 4838/39/1831
f 4843/1208/4 4844/1209/4 4840/1205/4 4839/1204/4
f 4844/1029/1834 4841/1030/1834 4837/40/1832 4840/39/1832
f 4845/1210/1 4846/1211/1 4842/1207/1 4841/1206/1
f 4846/57/1835 4847/58/1835 4843/1030/1833 4842/1029/1833
f 4847/1212/4 4848/1213/4 4844/1209/4 4843/1208/4
f 4848/57/1836 4845/58/1836 4841/1030/1834 4844/1029/1834
f 4849/1214/1 4850/1215/1 4846/1211/1 4845/1210/1
f 4850/1031/1837 4851/1032/1837 4847/58/1835 4846/57/1835
f 4851/1216/4 4852/1217/4 4848/1213/4 4847/1212/4
f 4852/1031/1838 4849/1032/1838 4845/58/1836 4848/57/1836
f 4853/1218/1 4854/1219/1 4850/1215/1 4849/1214/1
f 4854/63/1839 4855/64/1839 4851/1032/1837 4850/1031/1837
f 4855/1220/4 4856/1221/4 4852/1217/4 4851/1216/4
f 4856/63/1840 4853/64/1840 4849/1032/1838 4852/1031/1838
f 4857/1222/1 4858/1223/1 4854/1219/1 4853/1218/1
f 4858/1033/1841 4859/1034/1841 4855/64/1839 4854/63/1839
f 4859/1224/4 4860/1225/4 4856/1221/4 4855/1220/4
f 4860/1033/1842 4857/1034/1842 4853/64/1840 4856/63/1840
f 4861/1226/1 4862/1227/1 4858/1223/1 4857/1222/1
f 4862/69/1843 4863/70/1843 4859/1034/1841 4858/1033/1841
f 4863/1228/4 4864/1229/4 4860/1225/4 4859/1224/4
f 4864/69/1844 4861/70/1844 4857/1034/1842 4860/1033/1842
f 4865/1230/1 4866/1231/1 4862/1227/1 4861/1226/1
f 4866/1035/1845 4867/1036/1845 4863/70/1843 4862/69/1843
f 4867/1232/4 4868/1233/4 4864/1229/4 4863/1228/4
f 4868/1035/1846 4865/1036/1846 4861/70/1844 4864/69/1844
f 4869/1234/1 4870/56/1 4866/1231/1 4865/1230/1
f 4870/75/21 4871/56/21 4867/1036/1845 4866/1035/1845
f 4871/56/4 4872/1234/4 4868/1233/4 4867/1232/4
f 4872/75/22 4869/56/22 4865/1036/1846 4868/1035/1846
f 4873/1233/1 4874/1232/1 4870/56/1 4869/1234/1
f 4874/1037/1847 4875/1038/1847 4871/56/21 4870/75/21
f 4875/1231/4 4876/1230/4 4872/1234/4 4871/56/4
f 4876/1037/1848 4873/1038/1848 4869/56/22 4872/75/22
f 4877/1229/1 4878/1228/1 4874/1232/1 4873/1233/1
f 4878/90/1849 4879/91/1849 4875/1038/1847 4874/1037/1847
f 4879/1227/4 4880/1226/4 4876/1230/4 4875/1231/4
f 4880/90/1850 4877/91/1850 4873/1038/1848 4876/1037/1848
f 4881/1225/1 4882/1224/1 4878/1228/1 4877/1229/1
f 4882/1039/1851 4883/1040/1851 4879/91/1849 4878/90/1849
f 4883/1223/4 4884/1222/4 4880/1226/4 4879/1227/4
f 4884/1039/1852 4881/1040/1852 4877/91/1850 4880/90/1850
f 4885/1221/1 4886/1220/1 4882/1224/1 4881/1225/1
f 4886/108/1853 4887/109/1853 4883/1040/1851 4882/1039/1851
f 4887/1219/4 4888/1218/4 4884/1222/4 4883/1223/4
f 4888/108/1854 4885/109/1854 4881/1040/1852 4884/1039/1852
f 4889/1217/1 4890/1216/1 4886/1220/1 4885/1221/1
f 4890/1041/1855 4891/1042/1855 4887/109/1853 4886/108/1853
f 4891/1215/4 4892/1214/4 4888/1218/4 4887/1219/4
f 4892/1041/1856 4889/1042/1856 4885/109/1854 4888/108/1854
f 4893/1213/1 4894/1212/1 4890/1216/1 4889/1217/1
f 4894/125/1857 4895/126/1857 4891/1042/1855 4890/1041/1855
f 4895/1211/4 4896/1210/4 4892/1214/4 4891/1215/4
f 4896/125/1858 4893/126/1858 4889/1042/1856 4892/1041/1856
f 4897/1209/1 4898/1208/1 4894/1212/1 4893/1213/1
f 4898/1043/1859 4899/1044/1859 4895/126/1857 4894/125/1857
f 4899/1207/4 4900/1206/4 4896/1210/4 4895/1211/4
f 4900/1043/1860 4897/1044/1860 4893/126/1858 4896/125/1858
f 4901/1205/1 4902/1204/1 4898/1208/1 4897/1209/1
f 4902/131/1861 4903/132/1861 4899/1044/1859 4898/1043/1859
f 4903/1203/4 4904/1202/4 4900/1206/4 4899/1207/4
f 4904/131/1862 4901/132/1862 4897/1044/1860 4900/1043/1860
f 4905/1201/1 4906/1200/1 4902/1204/1 4901/1205/1
f 4906/1045/1863 4907/1046/1863 4903/132/1861 4902/131/1861
f 4907/1199/4 4908/1198/4 4904/1202/4 4903/1203/4
f 4908/1045/1864 4905/1046/1864 4901/132/1862 4904/131/1862
f 4909/1197/4 4918/1235/4 4910/1196/4
f 4910/137/1876 4911/138/1876 4907/1046/1863 4906/1045/1863
f 4911/1195/1877 4917/1236/4 4912/1194/4 4908/1198/4 4907/1199/4
f 4912/137/1878 4909/138/1878 4905/1046/1864 4908/1045/1864
f 4821/7/1879 4913/7/1879 4916/7/1879 4824/7/1879
f 4915/7/22 4916/7/22 4913/7/22
f 4822/7/1 4914/7/1 4913/7/1 4821/7/1
f 4823/7/1872 4915/7/1872 4914/7/1872 4822/7/1872
f 4914/7/22 4915/7/22 4913/7/22
f 4824/7/4 4916/7/4 4915/7/4 4823/7/4
f 4910/1196/1 4906/1200/1 4905/1201/1 4909/1197/1
f 4911/8/1880 4910/143/1880 4909/144/1880 4912/7/1880
f 4923/1186/1 4924/1187/1 4920/1188/1 4919/1189/1
f 4924/1025/1823 4925/1026/1823 4921/7/1824 4920/8/1824
f 4925/1190/4 4926/1191/4 4922/1192/4 4921/1193/4
f 4926/1025/1825 4923/1026/1825 4919/7/1826 4922/8/1826
f 4927/1194/1 4928/1195/1 4924/1187/1 4923/1186/1
f 4928/21/1827 4929/22/1827 4925/1026/1823 4924/1025/1823
f 4929/1196/4 4930/1197/4 4926/1191/4 4925/1190/4
f 4930/21/1828 4927/22/1828 4923/1026/1825 4926/1025/1825
f 4931/1198/1 4932/1199/1 4928/1195/1 4927/1194/1
f 4932/1027/1829 4933/1028/1829 4929/22/1827 4928/21/1827
f 4933/1200/4 4934/1201/4 4930/1197/4 4929/1196/4
f 4934/1027/1830 4931/1028/1830 4927/22/1828 4930/21/1828
f 4935/1202/1 4936/1203/1 4932/1199/1 4931/1198/1
f 4936/39/1831 4937/40/1831 4933/1028/1829 4932/1027/1829
f 4937/1204/4 4938/1205/4 4934/1201/4 4933/1200/4
f 4938/39/1832 4935/40/1832 4931/1028/1830 4934/1027/1830
f 4939/1206/1 4940/1207/1 4936/1203/1 4935/1202/1
f 4940/1029/1833 4941/1030/1833 4937/40/1831 4936/39/1831
f 4941/1208/4 4942/1209/4 4938/1205/4 4937/1204/4
f 4942/1029/1834 4939/1030/1834 4935/40/1832 4938/39/1832
f 4943/1210/1 4944/1211/1 4940/1207/1 4939/1206/1
f 4944/57/1835 4945/58/1835 4941/1030/1833 4940/1029/1833
f 4945/1212/4 4946/1213/4 4942/1209/4 4941/1208/4
f 4946/57/1836 4943/58/1836 4939/1030/1834 4942/1029/1834
f 4947/1214/1 4948/1215/1 4944/1211/1 4943/1210/1
f 4948/1031/1837 4949/1032/1837 4945/58/1835 4944/57/1835
f 4949/1216/4 4950/1217/4 4946/1213/4 4945/1212/4
f 4950/1031/1838 4947/1032/1838 4943/58/1836 4946/57/1836
f 4951/1218/1 4952/1219/1 4948/1215/1 4947/1214/1
f 4952/63/1839 4953/64/1839 4949/1032/1837 4948/1031/1837
f 4953/1220/4 4954/1221/4 4950/1217/4 4949/1216/4
f 4954/63/1840 4951/64/1840 4947/1032/1838 4950/1031/1838
f 4955/1222/1 4956/1223/1 4952/1219/1 4951/1218/1
f 4956/1033/1841 4957/1034/1841 4953/64/1839 4952/63/1839
f 4957/1224/4 4958/1225/4 4954/1221/4 4953/1220/4
f 4958/1033/1842 4955/1034/1842 4951/64/1840 4954/63/1840
f 4959/1226/1 4960/1227/1 4956/1223/1 4955/1222/1
f 4960/69/1843 4961/70/1843 4957/1034/1841 4956/1033/1841
f 4961/1228/4 4962/1229/4 4958/1225/4 4957/1224/4
f 4962/69/1844 4959/70/1844 4955/1034/1842 4958/1033/1842
f 4963/1230/1 4964/1231/1 4960/1227/1 4959/1226/1
f 4964/1035/1845 4965/1036/1845 4961/70/1843 4960/69/1843
f 4965/1232/4 4966/1233/4 4962/1229/4 4961/1228/4
f 4966/1035/1846 4963/1036/1846 4959/70/1844 4962/69/1844
f 4967/1234/1 4968/56/1 4964/1231/1 4963/1230/1
f 4968/75/21 4969/56/21 4965/1036/1845 4964/1035/1845
f 4969/56/4 4970/1234/4 4966/1233/4 4965/1232/4
f 4970/75/22 4967/56/22 4963/1036/1846 4966/1035/1846
f 4971/1233/1 4972/1232/1 4968/56/1 4967/1234/1
f 4972/1037/1847 4973/1038/1847 4969/56/21 4968/75/21
f 4973/1231/4 4974/1230/4 4970/1234/4 4969/56/4
f 4974/1037/1848 4971/1038/1848 4967/56/22 4970/75/22
f 4975/1229/1 4976/1228/1 4972/1232/1 4971/1233/1
f 4976/90/1849 4977/91/1849 4973/1038/1847 4972/1037/1847
f 4977/1227/4 4978/1226/4 4974/1230/4 4973/1231/4
f 4978/90/1850 4975/91/1850 4971/1038/1848 4974/1037/1848
f 4979/1225/1 4980/1224/1 4976/1228/1 4975/1229/1
f 4980/1039/1851 4981/1040/1851 4977/91/1849 4976/90/1849
f 4981/1223/4 4982/1222/4 4978/1226/4 4977/1227/4
f 4982/1039/1852 4979/1040/1852 4975/91/1850 4978/90/1850
f 4983/1221/1 4984/1220/1 4980/1224/1 4979/1225/1
f 4984/108/1853 4985/109/1853 4981/1040/1851 4980/1039/1851
f 4985/1219/4 4986/1218/4 4982/1222/4 4981/1223/4
f 4986/108/1854 4983/109/1854 4979/1040/1852 4982/1039/1852
f 4987/1217/1 4988/1216/1 4984/1220/1 4983/1221/1
f 4988/1041/1855 4989/1042/1855 4985/109/1853 4984/108/1853
f 4989/1215/4 4990/1214/4 4986/1218/4 4985/1219/4
f 4990/1041/1856 4987/1042/1856 4983/109/1854 4986/108/1854
f 4991/1213/1 4992/1212/1 4988/1216/1 4987/1217/1
f 4992/125/1857 4993/126/1857 4989/1042/1855 4988/1041/1855
f 4993/1211/4 4994/1210/4 4990/1214/4 4989/1215/4
f 4994/125/1858 4991/126/1858 4987/1042/1856 4990/1041/1856
f 4995/1209/1 4996/1208/1 4992/1212/1 4991/1213/1
f 4996/1043/1859 4997/1044/1859 4993/126/1857 4992/125/1857
f 4997/1207/4 4998/1206/4 4994/1210/4 4993/1211/4
f 4998/1043/1860 4995/1044/1860 4991/126/1858 4994/125/1858
f 4999/1205/1 5000/1204/1 4996/1208/1 4995/1209/1
f 5000/131/1861 5001/132/1861 4997/1044/1859 4996/1043/1859
f 5001/1203/4 5002/1202/4 4998/1206/4 4997/1207/4
f 5002/131/1862 4999/132/1862 4995/1044/1860 4998/1043/1860
f 5003/1201/1 5004/1200/1 5000/1204/1 4999/1205/1
f 5004/1045/1863 5005/1046/1863 5001/132/1861 5000/131/1861
f 5005/1199/4 5006/1198/4 5002/1202/4 5001/1203/4
f 5006/1045/1864 5003/1046/1864 4999/132/1862 5002/131/1862
f 5007/1197/1881 5016/1235/1881 5008/1196/1881
f 5008/137/1876 5009/138/1876 5005/1046/1863 5004/1045/1863
f 5009/1195/1877 5015/1236/4 5010/1194/4 5006/1198/4 5005/1199/4
f 5010/137/1878 5007/138/1878 5003/1046/1864 5006/1045/1864
f 4919/7/1879 5011/7/1879 5014/7/1879 4922/7/1879
f 5013/7/22 5014/7/22 5011/7/22
f 4920/7/1 5012/7/1 5011/7/1 4919/7/1
f 4921/7/1872 5013/7/1872 5012/7/1872 4920/7/1872
f 5012/7/22 5013/7/22 5011/7/22
f 4922/7/4 5014/7/4 5013/7/4 4921/7/4
f 5008/1196/1 5004/1200/1 5003/1201/1 5007/1197/1
f 5009/8/1880 5008/143/1880 5007/144/1880 5010/7/1880
f 5021/1186/1 5022/1187/1 5018/1188/1 5017/1189/1
f 5022/1025/1823 5023/1026/1823 5019/7/1824 5018/8/1824
f 5023/1190/4 5024/1191/4 5020/1192/4 5019/1193/4
f 5024/1025/1825 5021/1026/1825 5017/7/1826 5020/8/1826
f 5025/1194/1 5026/1195/1 5022/1187/1 5021/1186/1
f 5026/21/1827 5027/22/1827 5023/1026/1823 5022/1025/1823
f 5027/1196/4 5028/1197/4 5024/1191/4 5023/1190/4
f 5028/21/1828 5025/22/1828 5021/1026/1825 5024/1025/1825
f 5029/1198/1 5030/1199/1 5026/1195/1 5025/1194/1
f 5030/1027/1829 5031/1028/1829 5027/22/1827 5026/21/1827
f 5031/1200/4 5032/1201/4 5028/1197/4 5027/1196/4
f 5032/1027/1830 5029/1028/1830 5025/22/1828 5028/21/1828
f 5033/1202/1 5034/1203/1 5030/1199/1 5029/1198/1
f 5034/39/1831 5035/40/1831 5031/1028/1829 5030/1027/1829
f 5035/1204/4 5036/1205/4 5032/1201/4 5031/1200/4
f 5036/39/1832 5033/40/1832 5029/1028/1830 5032/1027/1830
f 5037/1206/1 5038/1207/1 5034/1203/1 5033/1202/1
f 5038/1029/1833 5039/1030/1833 5035/40/1831 5034/39/1831
f 5039/1208/4 5040/1209/4 5036/1205/4 5035/1204/4
f 5040/1029/1834 5037/1030/1834 5033/40/1832 5036/39/1832
f 5041/1210/1 5042/1211/1 5038/1207/1 5037/1206/1
f 5042/57/1835 5043/58/1835 5039/1030/1833 5038/1029/1833
f 5043/1212/4 5044/1213/4 5040/1209/4 5039/1208/4
f 5044/57/1836 5041/58/1836 5037/1030/1834 5040/1029/1834
f 5045/1214/1 5046/1215/1 5042/1211/1 5041/1210/1
f 5046/1031/1837 5047/1032/1837 5043/58/1835 5042/57/1835
f 5047/1216/4 5048/1217/4 5044/1213/4 5043/1212/4
f 5048/1031/1838 5045/1032/1838 5041/58/1836 5044/57/1836
f 5049/1218/1 5050/1219/1 5046/1215/1 5045/1214/1
f 5050/63/1839 5051/64/1839 5047/1032/1837 5046/1031/1837
f 5051/1220/4 5052/1221/4 5048/1217/4 5047/1216/4
f 5052/63/1840 5049/64/1840 5045/1032/1838 5048/1031/1838
f 5053/1222/1 5054/1223/1 5050/1219/1 5049/1218/1
f 5054/1033/1841 5055/1034/1841 5051/64/1839 5050/63/1839
f 5055/1224/4 5056/1225/4 5052/1221/4 5051/1220/4
f 5056/1033/1842 5053/1034/1842 5049/64/1840 5052/63/1840
f 5057/1226/1 5058/1227/1 5054/1223/1 5053/1222/1
f 5058/69/1843 5059/70/1843 5055/1034/1841 5054/1033/1841
f 5059/1228/4 5060/1229/4 5056/1225/4 5055/1224/4
f 5060/69/1844 5057/70/1844 5053/1034/1842 5056/1033/1842
f 5061/1230/1 5062/1231/1 5058/1227/1 5057/1226/1
f 5062/1035/1845 5063/1036/1845 5059/70/1843 5058/69/1843
f 5063/1232/4 5064/1233/4 5060/1229/4 5059/1228/4
f 5064/1035/1846 5061/1036/1846 5057/70/1844 5060/69/1844
f 5065/1234/1 5066/56/1 5062/1231/1 5061/1230/1
f 5066/75/21 5067/56/21 5063/1036/1845 5062/1035/1845
f 5067/56/4 5068/1234/4 5064/1233/4 5063/1232/4
f 5068/75/22 5065/56/22 5061/1036/1846 5064/1035/1846
f 5069/1233/1 5070/1232/1 5066/56/1 5065/1234/1
f 5070/1037/1847 5071/1038/1847 5067/56/21 5066/75/21
f 5071/1231/4 5072/1230/4 5068/1234/4 5067/56/4
f 5072/1037/1848 5069/1038/1848 5065/56/22 5068/75/22
f 5073/1229/1 5074/1228/1 5070/1232/1 5069/1233/1
f 5074/90/1849 5075/91/1849 5071/1038/1847 5070/1037/1847
f 5075/1227/4 5076/1226/4 5072/1230/4 5071/1231/4
f 5076/90/1850 5073/91/1850 5069/1038/1848 5072/1037/1848
f 5077/1225/1 5078/1224/1 5074/1228/1 5073/1229/1
f 5078/1039/1851 5079/1040/1851 5075/91/1849 5074/90/1849
f 5079/1223/4 5080/1222/4 5076/1226/4 5075/1227/4
f 5080/1039/1852 5077/1040/1852 5073/91/1850 5076/90/1850
f 5081/1221/1 5082/1220/1 5078/1224/1 5077/1225/1
f 5082/108/1853 5083/109/1853 5079/1040/1851 5078/1039/1851
f 5083/1219/4 5084/1218/4 5080/1222/4 5079/1223/4
f 5084/108/1854 5081/109/1854 5077/1040/1852 5080/1039/1852
f 5085/1217/1 5086/1216/1 5082/1220/1 5081/1221/1
f 5086/1041/1855 5087/1042/1855 5083/109/1853 5082/108/1853
f 5087/1215/4 5088/1214/4 5084/1218/4 5083/1219/4
f 5088/1041/1856 5085/1042/1856 5081/109/1854 5084/108/1854
f 5089/1213/1 5090/1212/1 5086/1216/1 5085/1217/1
f 5090/125/1857 5091/126/1857 5087/1042/1855 5086/1041/1855
f 5091/1211/4 5092/1210/4 5088/1214/4 5087/1215/4
f 5092/125/1858 5089/126/1858 5085/1042/1856 5088/1041/1856
f 5093/1209/1 5094/1208/1 5090/1212/1 5089/1213/1
f 5094/1043/1859 5095/1044/1859 5091/126/1857 5090/125/1857
f 5095/1207/4 5096/1206/4 5092/1210/4 5091/1211/4
f 5096/1043/1860 5093/1044/1860 5089/126/1858 5092/125/1858
f 5097/1205/1 5098/1204/1 5094/1208/1 5093/1209/1
f 5098/131/1861 5099/132/1861 5095/1044/1859 5094/1043/1859
f 5099/1203/4 5100/1202/4 5096/1206/4 5095/1207/4
f 5100/131/1862 5097/132/1862 5093/1044/1860 5096/1043/1860
f 5101/1201/1 5102/1200/1 5098/1204/1 5097/1205/1
f 5102/1045/1863 5103/1046/1863 5099/132/1861 5098/131/1861
f 5103/1199/4 5104/1198/4 5100/1202/4 5099/1203/4
f 5104/1045/1864 5101/1046/1864 5097/132/1862 5100/131/1862
f 5105/1197/1 5106/1196/1 5102/1200/1 5101/1201/1
f 5106/137/1865 5107/138/1865 5103/1046/1863 5102/1045/1863
f 5107/1195/4 5108/1194/4 5104/1198/4 5103/1199/4
f 5108/137/1866 5105/138/1866 5101/1046/1864 5104/1045/1864
f 5109/1191/1 5110/1190/1 5106/1196/1 5105/1197/1
f 5110/1047/1867 5111/1048/1867 5107/138/1865 5106/137/1865
f 5111/1187/4 5112/1186/4 5108/1194/4 5107/1195/4
f 5112/1047/1868 5109/1048/1868 5105/138/1866 5108/137/1866
f 5113/1192/1 5114/1193/1 5110/1190/1 5109/1191/1
f 5114/143/1869 5115/144/1869 5111/1048/1867 5110/1047/1867
f 5115/1188/4 5116/1189/4 5112/1186/4 5111/1187/4
f 5116/143/1870 5113/144/1870 5109/1048/1868 5112/1047/1868
f 5118/7/22 5119/7/22 5117/7/22
f 5119/7/22 5120/7/22 5117/7/22
f 5123/7/1871 5122/7/1871 5121/7/1871
f 5124/7/1871 5123/7/1871 5121/7/1871
f 5018/7/1 5118/7/1 5117/7/1 5017/7/1
f 5019/7/1872 5119/7/1872 5118/7/1872 5018/7/1872
f 5020/7/4 5120/7/4 5119/7/4 5019/7/4
f 5017/7/1873 5117/7/1873 5120/7/1873 5020/7/1873
f 5114/7/1874 5122/7/1874 5123/7/1874 5115/7/1874
f 5113/7/1 5121/7/1 5122/7/1 5114/7/1
f 5116/7/1875 5124/7/1875 5121/7/1875 5113/7/1875
f 5115/7/4 5123/7/4 5124/7/4 5116/7/4
usemtl Mat.2
f 715/488/4 156/489/4 150/178/4 667/177/4
f 693/490/4 650/152/4 155/151/40 156/489/4
f 715/488/4 693/490/4 156/489/4
f 161/157/44 162/491/4 156/489/4 155/151/40
f 166/159/45 167/271/4 162/491/4 161/157/46
f 718/492/4 167/271/4 166/159/45 645/164/4
f 699/493/4 665/494/4 167/271/4
f 718/492/4 699/493/4 167/271/4
f 146/173/4 147/184/50 527/187/4 526/174/4
f 147/184/50 146/173/4 668/176/4 744/495/4
f 724/496/4 666/179/4 150/178/4 151/192/52
f 707/497/4 724/496/4 151/192/52
f 147/184/50 744/495/4 722/498/4
f 759/499/4 707/497/4 151/192/52
f 147/184/50 722/498/4 727/500/4
f 147/184/50 741/501/4 759/499/4 151/192/52
f 147/184/50 727/500/4 741/501/4
f 156/489/4 157/190/54 151/192/52 150/178/4
f 162/491/4 163/193/54 157/190/54 156/489/4
f 167/271/4 168/199/56 163/193/59 162/491/4
f 710/502/4 168/199/56 167/271/4 665/494/4
f 712/503/4 648/504/4 171/197/4
f 694/505/4 712/503/4 171/197/4
f 168/199/56 710/502/4 711/506/4
f 168/199/56 711/506/4 714/507/4
f 697/508/4 694/505/4 171/197/4 168/199/56
f 714/507/4 697/508/4 168/199/56
f 702/509/4 177/200/4 171/197/4 648/504/4
f 702/509/4 647/182/4 176/180/4 177/200/4
f 196/293/3 197/56/3 191/64/3 190/243/3
f 202/245/3 203/109/3 197/56/3 196/293/3
f 643/510/249 220/178/250 670/511/1
f 717/512/251 673/513/70 219/514/69 220/178/250
f 220/178/250 643/510/249 716/515/252
f 220/178/250 716/515/252 717/512/251
f 225/151/73 226/489/253 220/178/250 219/250/69
f 231/157/75 232/491/254 226/489/255 225/151/73
f 236/271/256 232/491/254 231/157/75
f 231/157/75 664/516/76 719/517/76
f 231/157/75 719/517/76 721/518/76
f 677/519/76 236/271/256 231/157/75 721/518/76
f 760/520/1 213/187/1 212/174/1 661/265/1
f 760/520/1 682/521/1 216/184/1 213/187/1
f 728/522/1 670/511/1 220/178/250 221/192/78
f 216/184/1 682/521/1 730/523/1
f 216/184/1 730/523/1 745/524/1
f 726/525/1 728/522/1 221/192/78
f 221/192/78 216/184/1 745/524/1 732/526/1
f 734/527/1 726/525/1 221/192/78
f 221/192/78 732/526/1 734/527/1
f 226/489/253 227/190/80 221/192/78 220/178/250
f 232/491/254 233/193/82 227/190/80 226/489/255
f 236/271/256 237/199/82 233/193/82 232/491/254
f 729/528/1 237/199/87 236/271/1 671/270/1
f 756/529/1 655/269/1 240/268/1 241/197/84
f 237/199/87 729/528/1 731/530/1
f 736/531/1 756/529/1 241/197/84
f 237/199/87 731/530/1 733/532/1
f 755/533/1 736/531/1 241/197/84
f 241/197/84 237/199/87 733/532/1 735/534/1
f 735/534/1 755/533/1 241/197/84
f 531/180/1 532/200/1 241/197/84 240/268/1
f 558/535/6 259/215/6 253/214/6 573/536/6
f 559/537/6 264/216/6 259/215/6 558/538/6
f 261/293/6 575/539/6 574/540/6 255/243/6
f 266/245/6 576/541/6 575/542/6 261/293/6
f 417/319/100 418/394/100 331/3/101 332/320/101
f 280/321/102 281/396/102 276/397/103 419/322/103
f 338/323/21 339/398/21 281/396/102 280/321/102
f 345/325/257 346/543/258 343/399/259 342/324/259
f 191/326/21 197/12/21 296/543/260 295/325/105
f 418/394/100 273/327/100 330/330/101 331/3/101
f 281/396/102 282/331/102 277/334/103 276/397/103
f 339/398/21 340/335/21 282/331/102 281/396/102
f 346/543/258 347/339/257 344/337/259 343/399/259
f 197/12/21 203/341/21 297/339/108 296/543/260
f 536/320/6 332/320/6 331/3/6 535/3/6
f 535/3/6 331/3/6 330/330/6 256/330/6
f 290/324/261 342/324/259 343/399/259 291/399/262
f 291/399/262 343/399/259 344/337/259 292/337/263
f 286/398/196 370/544/196 369/545/196 285/323/196
f 338/323/196 374/545/196 375/544/196 339/398/196
f 287/335/196 371/546/196 370/547/196 286/398/196
f 339/398/196 375/547/196 376/546/196 340/335/196
f 370/544/199 384/544/199 383/545/199 369/545/199
f 374/545/200 388/545/200 389/544/200 375/544/200
f 371/546/199 385/546/199 384/547/199 370/547/199
f 375/547/200 389/547/200 390/546/200 376/546/200
f 276/397/103 430/548/207 429/549/207 419/322/103
f 417/319/100 426/550/207 427/551/207 418/394/100
f 277/334/103 431/552/207 430/553/207 276/397/103
f 418/394/100 427/554/207 428/555/207 273/327/100
f 430/548/208 440/548/208 439/549/208 429/549/208
f 426/550/209 436/550/209 437/551/209 427/551/209
f 431/552/208 441/552/208 440/553/208 430/553/208
f 427/554/209 437/554/209 438/555/209 428/555/209
f 292/337/263 455/337/264 454/399/265 291/399/262
f 194/215/3 463/556/3 461/557/3 188/214/3
f 200/216/3 465/558/3 463/559/3 194/215/3
f 190/243/3 462/560/3 464/561/3 196/293/3
f 196/293/3 464/562/3 466/563/3 202/245/3
f 463/556/21 479/556/21 477/557/21 461/557/21
f 465/558/21 481/558/21 479/559/21 463/559/21
f 462/560/22 478/560/22 480/561/22 464/561/22
f 464/562/22 480/562/22 482/563/22 466/563/22
f 226/8/266 490/143/226 489/144/227 225/7/226
f 227/8/229 491/143/228 490/144/226 226/7/266
f 162/8/4 501/143/4 500/144/46 161/7/46
f 163/8/232 502/143/54 501/144/4 162/7/4
f 496/8/229 506/143/229 505/144/4 495/7/4
f 453/564/267 290/143/261 291/144/262 454/7/265
f 256/8/6 554/143/6 555/144/6 535/7/6
f 535/8/6 555/143/6 556/144/6 536/7/6
f 538/8/21 558/143/21 573/144/21 553/7/21
f 539/8/21 559/143/21 558/144/21 538/7/21
f 554/8/22 574/143/22 575/144/22 555/7/22
f 555/8/22 575/143/22 576/144/22 556/7/22
f 296/8/260 631/143/268 630/144/268 295/7/105
f 345/8/257 633/143/268 634/144/268 346/7/258
f 295/8/105 630/143/268 633/144/268 345/7/257
f 297/8/108 632/143/268 631/144/268 296/7/260
f 347/8/257 635/143/268 632/144/268 297/7/108
f 346/8/258 634/143/268 635/144/268 347/7/257
usemtl Mat.7
f 521/556/3 195/288/3 517/223/3 519/557/3
f 523/558/3 518/227/3 195/288/3 521/559/3
f 195/288/3 522/561/3 520/560/3 517/223/3
f 518/227/3 524/563/3 522/562/3 195/288/3
f 609/565/269 629/143/270 624/144/270 308/7/271
f 608/8/272 628/143/244 629/144/246 609/7/272
f 605/310/273 606/322/273 601/319/273 600/307/273
f 606/322/273 607/397/273 602/394/273 601/319/273
f 607/397/273 608/334/273 603/327/273 602/394/273
f 608/334/273 609/333/273 604/328/273 603/327/273
f 189/8/1 517/143/1 520/144/1 478/7/1
f 478/8/22 520/143/22 522/144/22 480/7/22
f 482/8/4 524/143/4 518/144/4 201/7/4
f 201/227/4 518/227/4 523/144/4 481/7/4
f 481/8/21 523/143/21 521/144/21 479/7/21
f 480/8/22 522/143/22 524/144/22 482/7/22
f 479/8/21 521/143/21 519/144/21 477/7/21
f 477/8/1 519/143/1 517/223/1 189/223/1
f 324/8/1 588/143/1 583/144/1 319/7/1
f 204/8/1 582/143/1 588/144/1 324/7/1
f 583/8/1 595/143/1 590/144/1 319/7/1
f 304/8/1 605/143/1 600/144/1 299/7/1
f 303/8/274 604/143/275 609/144/269 308/7/271
f 600/8/1 615/143/1 610/144/1 299/7/1
f 601/8/276 616/143/245 615/144/245 600/7/276
f 602/8/276 617/143/245 616/144/245 601/7/276
f 603/8/276 618/143/245 617/144/245 602/7/276
f 604/8/276 619/143/245 618/144/245 603/7/276
f 303/8/274 614/143/4 619/144/4 604/7/275
f 605/8/272 625/143/244 626/144/244 606/7/272
f 304/8/1 620/143/1 625/144/1 605/7/1
f 606/8/272 626/143/244 627/144/244 607/7/272
f 607/8/272 627/143/244 628/144/244 608/7/272
f 631/8/277 637/143/277 636/144/277 630/7/277
f 633/8/278 639/143/278 640/144/278 634/7/278
f 630/8/1 636/143/1 639/144/1 633/7/1
f 632/8/277 638/143/277 637/144/277 631/7/277
f 635/8/4 641/143/4 638/144/4 632/7/4
f 634/8/278 640/143/278 641/144/278 635/7/278
f 916/143/4 917/144/4 915/7/4 914/8/4
f 918/143/3 919/144/3 917/7/3 916/8/3
f 920/143/1 921/144/1 919/7/1 918/8/1
f 914/143/6 915/144/6 921/7/6 920/8/6
f 917/143/21 919/144/21 921/7/21 915/8/21
f 918/143/22 916/144/22 914/7/22 920/8/22
f 924/143/4 925/144/4 923/7/4 922/8/4
f 926/143/3 927/144/3 925/7/3 924/8/3
f 928/143/1 929/144/1 927/7/1 926/8/1
f 922/143/6 923/144/6 929/7/6 928/8/6
f 925/143/21 927/144/21 929/7/21 923/8/21
f 926/143/22 924/144/22 922/7/22 928/8/22
f 4282/1049/8 4247/1050/1789 4264/1051/1789 4267/16/8
f 4264/1052/1 4266/760/1 4267/760/1
f 4268/22/1790 4248/1053/10 4282/1049/8 4267/16/8
f 4301/1054/1 4263/760/1 4268/760/1
f 4301/1054/1 4268/760/1 4267/17/1 4266/1055/1
f 4295/1056/1791 4248/1053/10 4268/22/1790
f 4295/1056/1791 4268/22/1790 4269/28/12 4251/1057/12
f 4300/1058/1 4265/760/1 4269/760/1
f 4300/1058/1 4269/760/1 4268/23/1 4263/1059/1
f 4270/34/14 4249/1060/14 4251/1057/12 4269/28/12
f 4265/1061/1 4291/760/1 4270/760/1 4269/29/1
f 4271/40/1792 4244/1062/1793 4249/1060/14 4270/34/14
f 4244/1062/1793 4271/40/1792 4289/1063/16
f 4270/35/1 4291/1064/1 4256/760/1 4271/760/1
f 4272/46/1794 4297/1065/1795 4289/1063/16 4271/40/1792
f 4297/1065/1795 4272/46/1794 4253/1066/18
f 4256/1067/1 4292/760/1 4272/760/1 4271/41/1
f 4273/52/20 4288/1068/20 4253/1066/18 4272/46/1794
f 4272/47/1 4292/1069/1 4258/760/1 4273/760/1
f 4274/58/22 4254/1070/22 4288/1068/20 4273/52/20
f 4274/760/1 4273/53/1 4258/1071/1 4257/760/1
f 4275/60/24 4255/1072/24 4254/1070/22 4274/58/22
f 4285/760/1 4275/760/1 4274/56/1 4257/1073/1
f 4276/62/26 4290/1074/26 4255/1072/24 4275/60/24
f 4285/1075/1 4259/760/1 4276/760/1 4275/50/1
f 4277/64/28 4286/1076/28 4290/1074/26 4276/62/26
f 4276/44/1 4259/1077/1 4293/760/1 4277/760/1
f 4278/66/1796 4296/1078/1797 4286/1076/28 4277/64/28
f 4242/1079/1798 4278/66/1796 4250/1080/30
f 4296/1078/1797 4278/66/1796 4242/1079/1798
f 4277/38/1 4293/1081/1 4260/760/1 4278/760/1
f 4279/68/1799 4284/1082/889 4250/1080/30 4278/66/1796
f 4278/32/1 4260/1083/1 4294/760/1 4279/760/1
f 4245/1084/1800 4284/1082/889 4279/68/1799
f 4245/1084/1800 4279/68/1799 4280/70/1801 4283/1085/1802
f 4279/26/1 4294/1086/1 4261/760/1 4280/760/1
f 4243/1087/1803 4283/1085/1802 4280/70/1801
f 4243/1087/1803 4280/70/1801 4281/72/1804 4252/1088/36
f 4261/1089/1 4262/760/1 4281/760/1 4280/20/1
f 4281/72/1804 4302/1090/1060 4298/1091/1060 4252/1088/36
f 4302/1090/1060 4281/72/1804 4287/1092/1060
f 4246/1093/1 4287/1094/1 4281/14/1
f 4281/14/1 4262/1095/1 4299/1096/1
f 4246/1093/1 4281/14/1 4299/1096/1
f 4316/16/8 4331/1097/1805 4356/1098/1789 4353/1099/1789
f 4356/1098/1789 4331/1097/1805 4305/1100/1789
f 4353/1101/1 4350/760/1 4316/760/1
f 4317/22/10 4332/1102/1806 4331/1097/1805 4316/16/8
f 4354/1103/1 4344/760/1 4317/760/1
f 4354/1103/1 4317/760/1 4316/17/1 4350/1104/1
f 4318/28/1807 4355/1105/1791 4332/1102/1806 4317/22/10
f 4355/1105/1791 4318/28/1807 4310/1106/1808
f 4317/23/1 4344/1107/1 4340/760/1 4318/760/1
f 4330/1108/1809 4310/1106/1808 4318/28/1807 4319/34/14
f 4318/29/1 4340/1109/1 4346/760/1 4319/760/1
f 4320/40/1810 4308/1110/1811 4330/1108/1809 4319/34/14
f 4306/1111/1811 4320/40/1810 4335/1112/16
f 4320/40/1810 4306/1111/1811 4308/1110/1811
f 4319/35/1 4346/1113/1 4343/760/1 4320/760/1
f 4321/46/18 4336/1114/18 4335/1112/16 4320/40/1810
f 4343/1115/1 4342/760/1 4321/760/1 4320/41/1
f 4322/52/20 4333/1116/20 4336/1114/18 4321/46/18
f 4322/760/1 4321/47/1 4342/1117/1 4348/760/1
f 4323/58/22 4338/1118/22 4333/1116/20 4322/52/20
f 4349/760/1 4323/760/1 4322/53/1 4348/1119/1
f 4324/60/24 4313/1120/24 4338/1118/22 4323/58/22
f 4323/56/1 4349/1121/1 4339/760/1 4324/760/1
f 4325/62/26 4311/1122/26 4313/1120/24 4324/60/24
f 4339/1123/1 4351/760/1 4325/760/1 4324/50/1
f 4326/64/1812 4314/1124/28 4311/1122/26 4325/62/26
f 4325/44/1 4351/1125/1 4345/760/1 4326/760/1
f 4303/1126/1797 4314/1124/28 4326/64/1812
f 4303/1126/1797 4326/64/1812 4327/66/1813 4315/1127/30
f 4345/1128/1 4352/760/1 4327/760/1 4326/38/1
f 4327/66/1813 4307/1129/1814 4315/1127/30
f 4312/1130/32 4307/1129/1814 4327/66/1813 4328/68/1815
f 4327/32/1 4352/1131/1 4347/760/1 4328/760/1
f 4328/68/1815 4304/1132/1800 4312/1130/32
f 4334/1133/34 4304/1132/1800 4328/68/1815 4329/70/34
f 4328/26/1 4357/1134/1 4341/760/1 4329/760/1
f 4357/1134/1 4328/26/1 4347/1135/1
f 4329/70/34 4337/1136/1803 4309/1137/1803 4334/1133/34
f 4341/1138/1 4337/1139/1 4329/20/1
f 4674/1140/4 4675/1141/4 4677/14/4
f 4677/15/8 4675/1142/1789 4656/1143/1789 4695/1144/8
f 4677/14/4 4678/20/4 4711/1145/4 4674/1140/4
f 4666/1146/4 4711/1145/4 4678/20/4
f 4677/15/8 4695/1144/8 4662/1147/10 4678/21/1790
f 4679/26/4 4676/1148/4 4666/1146/4 4678/20/4
f 4679/27/12 4678/21/1790 4706/1149/1791 4657/1150/12
f 4662/1147/10 4706/1149/1791 4678/21/1790
f 4680/32/4 4667/1151/4 4676/1148/4 4679/26/4
f 4679/27/12 4657/1150/12 4661/1152/14 4680/33/14
f 4681/38/4 4697/1153/4 4667/1151/4 4680/32/4
f 4681/39/1792 4655/1154/1811 4699/1155/16
f 4661/1152/14 4655/1154/1811 4681/39/1792 4680/33/14
f 4682/44/4 4698/1156/4 4697/1153/4 4681/38/4
f 4682/45/1794 4710/1157/1795 4663/1158/18
f 4699/1155/16 4710/1157/1795 4682/45/1794 4681/39/1792
f 4683/50/4 4668/1159/4 4698/1156/4 4682/44/4
f 4682/45/1794 4663/1158/18 4696/1160/20 4683/51/20
f 4668/1159/4 4683/50/4 4684/56/4 4669/1161/4
f 4683/51/20 4696/1160/20 4658/1162/22 4684/57/22
f 4684/56/4 4685/53/4 4670/1163/4 4669/1161/4
f 4684/57/22 4658/1162/22 4664/1164/24 4685/59/24
f 4686/47/4 4700/1165/4 4670/1163/4 4685/53/4
f 4685/59/24 4664/1164/24 4701/1166/26 4686/61/26
f 4671/1167/4 4700/1165/4 4686/47/4 4687/41/4
f 4686/61/26 4701/1166/26 4692/1168/28 4687/63/28
f 4688/35/4 4672/1169/4 4671/1167/4 4687/41/4
f 4688/65/1820 4707/1170/1797 4660/1171/30
f 4692/1168/28 4707/1170/1797 4688/65/1820 4687/63/28
f 4689/29/4 4703/1172/4 4672/1169/4 4688/35/4
f 4688/65/1820 4660/1171/30 4693/1173/32 4689/67/1799
f 4690/23/4 4673/1174/4 4703/1172/4 4689/29/4
f 4689/67/1799 4654/1175/1800 4694/1176/34 4690/69/1821
f 4654/1175/1800 4689/67/1799 4693/1173/32
f 4691/17/4 4702/1177/4 4673/1174/4 4690/23/4
f 4690/69/1821 4704/1178/1803 4659/1179/1822 4691/71/1804
f 4704/1178/1803 4690/69/1821 4694/1176/34
f 4712/1180/4 4702/1177/4 4691/17/4
f 4691/17/4 4709/1181/4 4712/1180/4
f 4665/1182/4 4709/1181/4 4691/17/4
f 4708/1183/1060 4665/1184/1060 4691/71/1804
f 4708/1183/1060 4691/71/1804 4659/1179/1822 4705/1185/1060
f 5170/1237/4 5169/1238/4 5128/14/4
f 5128/15/1805 5126/1239/1789 5145/1240/8
f 5128/15/1805 5169/1241/1789 5127/1242/1789 5126/1239/1789
f 5128/14/4 5129/20/4 5179/1243/4 5170/1237/4
f 5163/1244/4 5179/1243/4 5129/20/4
f 5128/15/1805 5145/1240/8 5146/1245/10 5129/21/10
f 5130/26/4 5157/1246/4 5163/1244/4 5129/20/4
f 5130/27/1807 5172/1247/1791 5147/1248/12
f 5146/1245/10 5172/1247/1791 5130/27/1807 5129/21/10
f 5131/32/4 5158/1249/4 5157/1246/4 5130/26/4
f 5130/27/1807 5147/1248/12 5149/1250/14 5131/33/14
f 5132/38/4 5159/1251/4 5158/1249/4 5131/32/4
f 5132/39/1810 5175/1252/1811 5144/1253/16
f 5149/1250/14 5176/1254/1811 5132/39/1810 5131/33/14
f 5132/39/1810 5176/1254/1811 5175/1252/1811
f 5133/44/4 5161/1255/4 5159/1251/4 5132/38/4
f 5132/39/1810 5144/1253/16 5152/1256/18 5133/45/18
f 5161/1255/4 5133/44/4 5134/50/4 5167/1257/4
f 5133/45/18 5152/1256/18 5154/1258/20 5134/51/20
f 5134/50/4 5135/56/4 5162/1121/4 5167/1257/4
f 5134/51/20 5154/1258/20 5148/1259/22 5135/57/22
f 5164/1260/4 5162/1121/4 5135/56/4 5136/53/4
f 5135/57/22 5148/1259/22 5156/1261/24 5136/59/24
f 5137/47/4 5166/1262/4 5164/1260/4 5136/53/4
f 5136/59/24 5156/1261/24 5150/1263/26 5137/61/26
f 5165/1264/4 5166/1262/4 5137/47/4 5138/41/4
f 5137/61/26 5150/1263/26 5151/1265/28 5138/63/28
f 5139/35/4 5171/1266/4 5165/1264/4 5138/41/4
f 5139/65/30 5177/1267/1797 5153/1268/30
f 5151/1265/28 5177/1267/1797 5139/65/30 5138/63/28
f 5140/29/4 5168/1269/4 5171/1266/4 5139/35/4
f 5139/65/30 5174/1270/1814 5142/1271/32 5140/67/1815
f 5174/1270/1814 5139/65/30 5153/1268/30
f 5178/1272/4 5168/1269/4 5140/29/4
f 5178/1272/4 5140/29/4 5141/23/4 5160/1273/4
f 5140/67/1815 5173/1274/1800 5143/1275/34 5141/69/34
f 5173/1274/1800 5140/67/1815 5142/1271/32
f 5155/1276/4 5160/1273/4 5141/23/4
f 5143/1275/34 5125/1277/1803 5155/1278/1803 5141/69/34
usemtl window
f 444/471/279 439/473/279 436/474/279 442/472/279
f 439/549/279 440/548/279 437/551/279 436/550/279
f 440/553/279 441/552/279 438/555/279 437/554/279
f 441/476/279 445/475/279 443/478/279 438/479/279
f 403/454/4 406/457/4 405/456/4 402/455/4
f 404/458/4 407/460/4 406/461/4 403/459/4
f 383/450/195 388/450/195 387/451/195 382/451/195
f 384/544/195 389/544/195 388/545/195 383/545/195
f 385/546/195 390/546/195 389/547/195 384/547/195
f 423/462/1 425/464/1 415/465/1 424/463/1
f 386/452/195 391/452/195 390/453/195 385/453/195
f 424/469/1 415/468/1 416/467/1 414/466/1
f 387/312/195 393/312/195 392/312/195 382/312/195
f 1572/143/4 1573/144/4 1571/7/4 1570/8/4
f 1574/143/3 1575/144/3 1573/7/3 1572/8/3
f 1576/143/1 1577/144/1 1575/7/1 1574/8/1
f 1570/143/6 1571/144/6 1577/7/6 1576/8/6
f 1573/143/21 1575/144/21 1577/7/21 1571/8/21
f 1574/143/22 1572/144/22 1570/7/22 1576/8/22
f 2036/143/4 2037/144/4 2035/7/4 2034/8/4
f 2038/143/3 2039/144/3 2037/7/3 2036/8/3
f 2040/143/1 2041/144/1 2039/7/1 2038/8/1
f 2034/143/6 2035/144/6 2041/7/6 2040/8/6
f 2037/143/21 2039/144/21 2041/7/21 2035/8/21
f 2038/143/22 2036/144/22 2034/7/22 2040/8/22
usemtl Mat.4
f 588/316/280 325/325/280 584/324/22 583/314/22
f 582/318/281 581/326/281 325/325/280 588/316/280
f 325/325/280 326/543/280 585/399/22 584/324/22
f 581/326/281 580/12/281 326/543/280 325/325/280
f 326/543/280 327/339/280 586/337/22 585/399/22
f 580/12/281 579/341/281 327/339/280 326/543/280
f 327/339/280 589/340/280 587/338/22 586/337/22
f 579/341/281 578/342/281 589/340/280 327/339/280
f 637/566/268 640/566/268 639/567/268 636/567/268
f 638/568/268 641/568/268 640/569/268 637/569/268
f 323/8/4 587/143/4 589/144/4 328/7/4
f 328/8/4 589/143/4 578/144/4 180/7/4
f 584/8/282 596/143/234 595/144/234 583/7/282
f 585/8/282 597/143/234 596/144/234 584/7/282
f 586/8/282 598/143/234 597/144/234 585/7/282
f 587/8/282 599/143/234 598/144/234 586/7/282
f 323/8/4 594/143/4 599/144/4 587/7/4
usemtl default
f 820/143/4 821/144/4 819/7/4 818/8/4
f 822/143/3 823/144/3 821/7/3 820/8/3
f 824/143/1 825/144/1 823/7/1 822/8/1
f 818/143/6 819/144/6 825/7/6 824/8/6
f 821/143/21 823/144/21 825/7/21 819/8/21
f 822/143/22 820/144/22 818/7/22 824/8/22
f 884/143/4 885/144/4 883/7/4 882/8/4
f 886/143/3 887/144/3 885/7/3 884/8/3
f 888/143/1 889/144/1 887/7/1 886/8/1
f 882/143/6 883/144/6 889/7/6 888/8/6
f 885/143/21 887/144/21 889/7/21 883/8/21
f 886/143/22 884/144/22 882/7/22 888/8/22
f 892/143/4 893/144/4 891/7/4 890/8/4
f 894/143/3 895/144/3 893/7/3 892/8/3
f 896/143/1 897/144/1 895/7/1 894/8/1
f 890/143/6 891/144/6 897/7/6 896/8/6
f 893/143/21 895/144/21 897/7/21 891/8/21
f 894/143/22 892/144/22 890/7/22 896/8/22
f 900/143/4 901/144/4 899/7/4 898/8/4
f 902/143/3 903/144/3 901/7/3 900/8/3
f 904/143/1 905/144/1 903/7/1 902/8/1
f 898/143/6 899/144/6 905/7/6 904/8/6
f 901/143/21 903/144/21 905/7/21 899/8/21
f 902/143/22 900/144/22 898/7/22 904/8/22
f 908/143/4 909/144/4 907/7/4 906/8/4
f 910/143/3 911/144/3 909/7/3 908/8/3
f 912/143/1 913/144/1 911/7/1 910/8/1
f 906/143/6 907/144/6 913/7/6 912/8/6
f 909/143/21 911/144/21 913/7/21 907/8/21
f 910/143/22 908/144/22 906/7/22 912/8/22
f 932/143/4 933/144/4 931/7/4 930/8/4
f 934/143/3 935/144/3 933/7/3 932/8/3
f 936/143/1 937/144/1 935/7/1 934/8/1
f 930/143/6 931/144/6 937/7/6 936/8/6
f 933/143/21 935/144/21 937/7/21 931/8/21
f 934/143/22 932/144/22 930/7/22 936/8/22
f 940/143/4 941/144/4 939/7/4 938/8/4
f 942/143/3 943/144/3 941/7/3 940/8/3
f 944/143/1 945/144/1 943/7/1 942/8/1
f 938/143/6 939/144/6 945/7/6 944/8/6
f 941/143/21 943/144/21 945/7/21 939/8/21
f 942/143/22 940/144/22 938/7/22 944/8/22
f 948/143/4 949/144/4 947/7/4 946/8/4
f 950/143/3 951/144/3 949/7/3 948/8/3
f 952/143/1 953/144/1 951/7/1 950/8/1
f 946/143/6 947/144/6 953/7/6 952/8/6
f 949/143/21 951/144/21 953/7/21 947/8/21
f 950/143/22 948/144/22 946/7/22 952/8/22
f 956/143/4 957/144/4 955/7/4 954/8/4
f 958/143/3 959/144/3 957/7/3 956/8/3
f 960/143/1 961/144/1 959/7/1 958/8/1
f 954/143/6 955/144/6 961/7/6 960/8/6
f 957/143/21 959/144/21 961/7/21 955/8/21
f 958/143/22 956/144/22 954/7/22 960/8/22
f 1020/143/4 1021/144/4 1019/7/4 1018/8/4
f 1022/143/398 1023/144/398 1021/7/398 1020/8/398
f 1024/143/1 1025/144/1 1023/7/1 1022/8/1
f 1018/143/399 1019/144/399 1025/7/399 1024/8/399
f 1021/143/400 1023/144/400 1025/7/400 1019/8/400
f 1022/143/401 1020/144/401 1018/7/401 1024/8/401
f 1028/143/4 1029/144/4 1027/7/4 1026/8/4
f 1030/143/398 1031/144/398 1029/7/398 1028/8/398
f 1032/143/1 1033/144/1 1031/7/1 1030/8/1
f 1026/143/399 1027/144/399 1033/7/399 1032/8/399
f 1029/143/400 1031/144/400 1033/7/400 1027/8/400
f 1030/143/401 1028/144/401 1026/7/401 1032/8/401
f 1036/143/4 1037/144/4 1035/7/4 1034/8/4
f 1038/143/398 1039/144/398 1037/7/398 1036/8/398
f 1040/143/1 1041/144/1 1039/7/1 1038/8/1
f 1034/143/399 1035/144/399 1041/7/399 1040/8/399
f 1037/143/400 1039/144/400 1041/7/400 1035/8/400
f 1038/143/401 1036/144/401 1034/7/401 1040/8/401
f 1044/143/4 1045/144/4 1043/7/4 1042/8/4
f 1046/143/398 1047/144/398 1045/7/398 1044/8/398
f 1048/143/1 1049/144/1 1047/7/1 1046/8/1
f 1042/143/399 1043/144/399 1049/7/399 1048/8/399
f 1045/143/400 1047/144/400 1049/7/400 1043/8/400
f 1046/143/401 1044/144/401 1042/7/401 1048/8/401
f 1052/143/4 1053/144/4 1051/7/4 1050/8/4
f 1054/143/402 1055/144/402 1053/7/402 1052/8/402
f 1056/143/1 1057/144/1 1055/7/1 1054/8/1
f 1050/143/403 1051/144/403 1057/7/403 1056/8/403
f 1053/143/404 1055/144/404 1057/7/404 1051/8/404
f 1054/143/405 1052/144/405 1050/7/405 1056/8/405
f 1060/143/4 1061/144/4 1059/7/4 1058/8/4
f 1062/143/402 1063/144/402 1061/7/402 1060/8/402
f 1064/143/1 1065/144/1 1063/7/1 1062/8/1
f 1058/143/403 1059/144/403 1065/7/403 1064/8/403
f 1061/143/404 1063/144/404 1065/7/404 1059/8/404
f 1062/143/405 1060/144/405 1058/7/405 1064/8/405
f 1068/143/4 1069/144/4 1067/7/4 1066/8/4
f 1070/143/402 1071/144/402 1069/7/402 1068/8/402
f 1072/143/1 1073/144/1 1071/7/1 1070/8/1
f 1066/143/403 1067/144/403 1073/7/403 1072/8/403
f 1069/143/404 1071/144/404 1073/7/404 1067/8/404
f 1070/143/405 1068/144/405 1066/7/405 1072/8/405
f 1076/143/4 1077/144/4 1075/7/4 1074/8/4
f 1078/143/402 1079/144/402 1077/7/402 1076/8/402
f 1080/143/1 1081/144/1 1079/7/1 1078/8/1
f 1074/143/403 1075/144/403 1081/7/403 1080/8/403
f 1077/143/404 1079/144/404 1081/7/404 1075/8/404
f 1078/143/405 1076/144/405 1074/7/405 1080/8/405
f 1084/143/4 1085/144/4 1083/7/4 1082/8/4
f 1086/143/406 1087/144/406 1085/7/406 1084/8/406
f 1088/143/1 1089/144/1 1087/7/1 1086/8/1
f 1082/143/407 1083/144/407 1089/7/407 1088/8/407
f 1085/143/408 1087/144/408 1089/7/408 1083/8/408
f 1086/143/409 1084/144/409 1082/7/409 1088/8/409
f 1092/143/4 1093/144/4 1091/7/4 1090/8/4
f 1094/143/406 1095/144/406 1093/7/406 1092/8/406
f 1096/143/1 1097/144/1 1095/7/1 1094/8/1
f 1090/143/407 1091/144/407 1097/7/407 1096/8/407
f 1093/143/408 1095/144/408 1097/7/408 1091/8/408
f 1094/143/409 1092/144/409 1090/7/409 1096/8/409
f 1100/143/4 1101/144/4 1099/7/4 1098/8/4
f 1102/143/406 1103/144/406 1101/7/406 1100/8/406
f 1104/143/1 1105/144/1 1103/7/1 1102/8/1
f 1098/143/407 1099/144/407 1105/7/407 1104/8/407
f 1101/143/408 1103/144/408 1105/7/408 1099/8/408
f 1102/143/409 1100/144/409 1098/7/409 1104/8/409
f 1108/143/4 1109/144/4 1107/7/4 1106/8/4
f 1110/143/406 1111/144/406 1109/7/406 1108/8/406
f 1112/143/1 1113/144/1 1111/7/1 1110/8/1
f 1106/143/407 1107/144/407 1113/7/407 1112/8/407
f 1109/143/408 1111/144/408 1113/7/408 1107/8/408
f 1110/143/409 1108/144/409 1106/7/409 1112/8/409
f 1116/143/4 1117/144/4 1115/7/4 1114/8/4
f 1118/143/410 1119/144/410 1117/7/410 1116/8/410
f 1120/143/1 1121/144/1 1119/7/1 1118/8/1
f 1114/143/411 1115/144/411 1121/7/411 1120/8/411
f 1117/143/412 1119/144/412 1121/7/412 1115/8/412
f 1118/143/413 1116/144/413 1114/7/413 1120/8/413
f 1124/143/4 1125/144/4 1123/7/4 1122/8/4
f 1126/143/410 1127/144/410 1125/7/410 1124/8/410
f 1128/143/1 1129/144/1 1127/7/1 1126/8/1
f 1122/143/411 1123/144/411 1129/7/411 1128/8/411
f 1125/143/412 1127/144/412 1129/7/412 1123/8/412
f 1126/143/413 1124/144/413 1122/7/413 1128/8/413
f 1132/143/4 1133/144/4 1131/7/4 1130/8/4
f 1134/143/410 1135/144/410 1133/7/410 1132/8/410
f 1136/143/1 1137/144/1 1135/7/1 1134/8/1
f 1130/143/411 1131/144/411 1137/7/411 1136/8/411
f 1133/143/412 1135/144/412 1137/7/412 1131/8/412
f 1134/143/413 1132/144/413 1130/7/413 1136/8/413
f 1140/143/4 1141/144/4 1139/7/4 1138/8/4
f 1142/143/410 1143/144/410 1141/7/410 1140/8/410
f 1144/143/1 1145/144/1 1143/7/1 1142/8/1
f 1138/143/411 1139/144/411 1145/7/411 1144/8/411
f 1141/143/412 1143/144/412 1145/7/412 1139/8/412
f 1142/143/413 1140/144/413 1138/7/413 1144/8/413
f 1212/143/4 1213/144/4 1211/7/4 1210/8/4
f 1214/143/429 1215/144/429 1213/7/429 1212/8/429
f 1216/143/1 1217/144/1 1215/7/1 1214/8/1
f 1210/143/430 1211/144/430 1217/7/430 1216/8/430
f 1213/143/431 1215/144/431 1217/7/431 1211/8/431
f 1214/143/432 1212/144/432 1210/7/432 1216/8/432
f 1220/143/4 1221/144/4 1219/7/4 1218/8/4
f 1222/143/429 1223/144/429 1221/7/429 1220/8/429
f 1224/143/1 1225/144/1 1223/7/1 1222/8/1
f 1218/143/430 1219/144/430 1225/7/430 1224/8/430
f 1221/143/431 1223/144/431 1225/7/431 1219/8/431
f 1222/143/432 1220/144/432 1218/7/432 1224/8/432
f 1228/143/4 1229/144/4 1227/7/4 1226/8/4
f 1230/143/429 1231/144/429 1229/7/429 1228/8/429
f 1232/143/1 1233/144/1 1231/7/1 1230/8/1
f 1226/143/430 1227/144/430 1233/7/430 1232/8/430
f 1229/143/431 1231/144/431 1233/7/431 1227/8/431
f 1230/143/432 1228/144/432 1226/7/432 1232/8/432
f 1236/143/4 1237/144/4 1235/7/4 1234/8/4
f 1238/143/429 1239/144/429 1237/7/429 1236/8/429
f 1240/143/1 1241/144/1 1239/7/1 1238/8/1
f 1234/143/430 1235/144/430 1241/7/430 1240/8/430
f 1237/143/431 1239/144/431 1241/7/431 1235/8/431
f 1238/143/432 1236/144/432 1234/7/432 1240/8/432
f 1244/143/4 1245/144/4 1243/7/4 1242/8/4
f 1246/143/433 1247/144/433 1245/7/433 1244/8/433
f 1248/143/1 1249/144/1 1247/7/1 1246/8/1
f 1242/143/434 1243/144/434 1249/7/434 1248/8/434
f 1245/143/435 1247/144/435 1249/7/435 1243/8/435
f 1246/143/436 1244/144/436 1242/7/436 1248/8/436
f 1252/143/4 1253/144/4 1251/7/4 1250/8/4
f 1254/143/433 1255/144/433 1253/7/433 1252/8/433
f 1256/143/1 1257/144/1 1255/7/1 1254/8/1
f 1250/143/434 1251/144/434 1257/7/434 1256/8/434
f 1253/143/435 1255/144/435 1257/7/435 1251/8/435
f 1254/143/436 1252/144/436 1250/7/436 1256/8/436
f 1260/143/4 1261/144/4 1259/7/4 1258/8/4
f 1262/143/433 1263/144/433 1261/7/433 1260/8/433
f 1264/143/1 1265/144/1 1263/7/1 1262/8/1
f 1258/143/434 1259/144/434 1265/7/434 1264/8/434
f 1261/143/435 1263/144/435 1265/7/435 1259/8/435
f 1262/143/436 1260/144/436 1258/7/436 1264/8/436
f 1268/143/4 1269/144/4 1267/7/4 1266/8/4
f 1270/143/433 1271/144/433 1269/7/433 1268/8/433
f 1272/143/1 1273/144/1 1271/7/1 1270/8/1
f 1266/143/434 1267/144/434 1273/7/434 1272/8/434
f 1269/143/435 1271/144/435 1273/7/435 1267/8/435
f 1270/143/436 1268/144/436 1266/7/436 1272/8/436
f 1276/143/4 1277/144/4 1275/7/4 1274/8/4
f 1278/143/399 1279/144/399 1277/7/399 1276/8/399
f 1280/143/1 1281/144/1 1279/7/1 1278/8/1
f 1274/143/398 1275/144/398 1281/7/398 1280/8/398
f 1277/143/401 1279/144/401 1281/7/401 1275/8/401
f 1278/143/400 1276/144/400 1274/7/400 1280/8/400
f 1284/143/4 1285/144/4 1283/7/4 1282/8/4
f 1286/143/399 1287/144/399 1285/7/399 1284/8/399
f 1288/143/1 1289/144/1 1287/7/1 1286/8/1
f 1282/143/398 1283/144/398 1289/7/398 1288/8/398
f 1285/143/401 1287/144/401 1289/7/401 1283/8/401
f 1286/143/400 1284/144/400 1282/7/400 1288/8/400
f 1292/143/4 1293/144/4 1291/7/4 1290/8/4
f 1294/143/399 1295/144/399 1293/7/399 1292/8/399
f 1296/143/1 1297/144/1 1295/7/1 1294/8/1
f 1290/143/398 1291/144/398 1297/7/398 1296/8/398
f 1293/143/401 1295/144/401 1297/7/401 1291/8/401
f 1294/143/400 1292/144/400 1290/7/400 1296/8/400
f 1300/143/4 1301/144/4 1299/7/4 1298/8/4
f 1302/143/399 1303/144/399 1301/7/399 1300/8/399
f 1304/143/1 1305/144/1 1303/7/1 1302/8/1
f 1298/143/398 1299/144/398 1305/7/398 1304/8/398
f 1301/143/401 1303/144/401 1305/7/401 1299/8/401
f 1302/143/400 1300/144/400 1298/7/400 1304/8/400
f 1308/143/4 1309/144/4 1307/7/4 1306/8/4
f 1310/143/403 1311/144/403 1309/7/403 1308/8/403
f 1312/143/1 1313/144/1 1311/7/1 1310/8/1
f 1306/143/402 1307/144/402 1313/7/402 1312/8/402
f 1309/143/405 1311/144/405 1313/7/405 1307/8/405
f 1310/143/404 1308/144/404 1306/7/404 1312/8/404
f 1316/143/4 1317/144/4 1315/7/4 1314/8/4
f 1318/143/403 1319/144/403 1317/7/403 1316/8/403
f 1320/143/1 1321/144/1 1319/7/1 1318/8/1
f 1314/143/402 1315/144/402 1321/7/402 1320/8/402
f 1317/143/405 1319/144/405 1321/7/405 1315/8/405
f 1318/143/404 1316/144/404 1314/7/404 1320/8/404
f 1324/143/4 1325/144/4 1323/7/4 1322/8/4
f 1326/143/403 1327/144/403 1325/7/403 1324/8/403
f 1328/143/1 1329/144/1 1327/7/1 1326/8/1
f 1322/143/402 1323/144/402 1329/7/402 1328/8/402
f 1325/143/405 1327/144/405 1329/7/405 1323/8/405
f 1326/143/404 1324/144/404 1322/7/404 1328/8/404
f 1332/143/4 1333/144/4 1331/7/4 1330/8/4
f 1334/143/403 1335/144/403 1333/7/403 1332/8/403
f 1336/143/1 1337/144/1 1335/7/1 1334/8/1
f 1330/143/402 1331/144/402 1337/7/402 1336/8/402
f 1333/143/405 1335/144/405 1337/7/405 1331/8/405
f 1334/143/404 1332/144/404 1330/7/404 1336/8/404
f 1340/143/4 1341/144/4 1339/7/4 1338/8/4
f 1342/143/407 1343/144/407 1341/7/407 1340/8/407
f 1344/143/1 1345/144/1 1343/7/1 1342/8/1
f 1338/143/406 1339/144/406 1345/7/406 1344/8/406
f 1341/143/409 1343/144/409 1345/7/409 1339/8/409
f 1342/143/408 1340/144/408 1338/7/408 1344/8/408
f 1348/143/4 1349/144/4 1347/7/4 1346/8/4
f 1350/143/407 1351/144/407 1349/7/407 1348/8/407
f 1352/143/1 1353/144/1 1351/7/1 1350/8/1
f 1346/143/406 1347/144/406 1353/7/406 1352/8/406
f 1349/143/409 1351/144/409 1353/7/409 1347/8/409
f 1350/143/408 1348/144/408 1346/7/408 1352/8/408
f 1356/143/4 1357/144/4 1355/7/4 1354/8/4
f 1358/143/407 1359/144/407 1357/7/407 1356/8/407
f 1360/143/1 1361/144/1 1359/7/1 1358/8/1
f 1354/143/406 1355/144/406 1361/7/406 1360/8/406
f 1357/143/409 1359/144/409 1361/7/409 1355/8/409
f 1358/143/408 1356/144/408 1354/7/408 1360/8/408
f 1364/143/4 1365/144/4 1363/7/4 1362/8/4
f 1366/143/407 1367/144/407 1365/7/407 1364/8/407
f 1368/143/1 1369/144/1 1367/7/1 1366/8/1
f 1362/143/406 1363/144/406 1369/7/406 1368/8/406
f 1365/143/409 1367/144/409 1369/7/409 1363/8/409
f 1366/143/408 1364/144/408 1362/7/408 1368/8/408
f 1372/143/4 1373/144/4 1371/7/4 1370/8/4
f 1374/143/411 1375/144/411 1373/7/411 1372/8/411
f 1376/143/1 1377/144/1 1375/7/1 1374/8/1
f 1370/143/410 1371/144/410 1377/7/410 1376/8/410
f 1373/143/413 1375/144/413 1377/7/413 1371/8/413
f 1374/143/412 1372/144/412 1370/7/412 1376/8/412
f 1380/143/4 1381/144/4 1379/7/4 1378/8/4
f 1382/143/411 1383/144/411 1381/7/411 1380/8/411
f 1384/143/1 1385/144/1 1383/7/1 1382/8/1
f 1378/143/410 1379/144/410 1385/7/410 1384/8/410
f 1381/143/413 1383/144/413 1385/7/413 1379/8/413
f 1382/143/412 1380/144/412 1378/7/412 1384/8/412
f 1388/143/4 1389/144/4 1387/7/4 1386/8/4
f 1390/143/411 1391/144/411 1389/7/411 1388/8/411
f 1392/143/1 1393/144/1 1391/7/1 1390/8/1
f 1386/143/410 1387/144/410 1393/7/410 1392/8/410
f 1389/143/413 1391/144/413 1393/7/413 1387/8/413
f 1390/143/412 1388/144/412 1386/7/412 1392/8/412
f 1396/143/4 1397/144/4 1395/7/4 1394/8/4
f 1398/143/411 1399/144/411 1397/7/411 1396/8/411
f 1400/143/1 1401/144/1 1399/7/1 1398/8/1
f 1394/143/410 1395/144/410 1401/7/410 1400/8/410
f 1397/143/413 1399/144/413 1401/7/413 1395/8/413
f 1398/143/412 1396/144/412 1394/7/412 1400/8/412
f 1404/143/4 1405/144/4 1403/7/4 1402/8/4
f 1406/143/6 1407/144/6 1405/7/6 1404/8/6
f 1408/143/1 1409/144/1 1407/7/1 1406/8/1
f 1402/143/3 1403/144/3 1409/7/3 1408/8/3
f 1405/143/22 1407/144/22 1409/7/22 1403/8/22
f 1406/143/21 1404/144/21 1402/7/21 1408/8/21
f 1412/143/4 1413/144/4 1411/7/4 1410/8/4
f 1414/143/6 1415/144/6 1413/7/6 1412/8/6
f 1416/143/1 1417/144/1 1415/7/1 1414/8/1
f 1410/143/3 1411/144/3 1417/7/3 1416/8/3
f 1413/143/22 1415/144/22 1417/7/22 1411/8/22
f 1414/143/21 1412/144/21 1410/7/21 1416/8/21
f 1420/143/4 1421/144/4 1419/7/4 1418/8/4
f 1422/143/6 1423/144/6 1421/7/6 1420/8/6
f 1424/143/1 1425/144/1 1423/7/1 1422/8/1
f 1418/143/3 1419/144/3 1425/7/3 1424/8/3
f 1421/143/22 1423/144/22 1425/7/22 1419/8/22
f 1422/143/21 1420/144/21 1418/7/21 1424/8/21
f 1428/143/4 1429/144/4 1427/7/4 1426/8/4
f 1430/143/6 1431/144/6 1429/7/6 1428/8/6
f 1432/143/1 1433/144/1 1431/7/1 1430/8/1
f 1426/143/3 1427/144/3 1433/7/3 1432/8/3
f 1429/143/22 1431/144/22 1433/7/22 1427/8/22
f 1430/143/21 1428/144/21 1426/7/21 1432/8/21
f 1436/143/4 1437/144/4 1435/7/4 1434/8/4
f 1438/143/430 1439/144/430 1437/7/430 1436/8/430
f 1440/143/1 1441/144/1 1439/7/1 1438/8/1
f 1434/143/429 1435/144/429 1441/7/429 1440/8/429
f 1437/143/432 1439/144/432 1441/7/432 1435/8/432
f 1438/143/431 1436/144/431 1434/7/431 1440/8/431
f 1444/143/4 1445/144/4 1443/7/4 1442/8/4
f 1446/143/430 1447/144/430 1445/7/430 1444/8/430
f 1448/143/1 1449/144/1 1447/7/1 1446/8/1
f 1442/143/429 1443/144/429 1449/7/429 1448/8/429
f 1445/143/432 1447/144/432 1449/7/432 1443/8/432
f 1446/143/431 1444/144/431 1442/7/431 1448/8/431
f 1452/143/4 1453/144/4 1451/7/4 1450/8/4
f 1454/143/430 1455/144/430 1453/7/430 1452/8/430
f 1456/143/1 1457/144/1 1455/7/1 1454/8/1
f 1450/143/429 1451/144/429 1457/7/429 1456/8/429
f 1453/143/432 1455/144/432 1457/7/432 1451/8/432
f 1454/143/431 1452/144/431 1450/7/431 1456/8/431
f 1460/143/4 1461/144/4 1459/7/4 1458/8/4
f 1462/143/430 1463/144/430 1461/7/430 1460/8/430
f 1464/143/1 1465/144/1 1463/7/1 1462/8/1
f 1458/143/429 1459/144/429 1465/7/429 1464/8/429
f 1461/143/432 1463/144/432 1465/7/432 1459/8/432
f 1462/143/431 1460/144/431 1458/7/431 1464/8/431
f 1468/143/4 1469/144/4 1467/7/4 1466/8/4
f 1470/143/434 1471/144/434 1469/7/434 1468/8/434
f 1472/143/1 1473/144/1 1471/7/1 1470/8/1
f 1466/143/433 1467/144/433 1473/7/433 1472/8/433
f 1469/143/436 1471/144/436 1473/7/436 1467/8/436
f 1470/143/435 1468/144/435 1466/7/435 1472/8/435
f 1476/143/4 1477/144/4 1475/7/4 1474/8/4
f 1478/143/434 1479/144/434 1477/7/434 1476/8/434
f 1480/143/1 1481/144/1 1479/7/1 1478/8/1
f 1474/143/433 1475/144/433 1481/7/433 1480/8/433
f 1477/143/436 1479/144/436 1481/7/436 1475/8/436
f 1478/143/435 1476/144/435 1474/7/435 1480/8/435
f 1484/143/4 1485/144/4 1483/7/4 1482/8/4
f 1486/143/434 1487/144/434 1485/7/434 1484/8/434
f 1488/143/1 1489/144/1 1487/7/1 1486/8/1
f 1482/143/433 1483/144/433 1489/7/433 1488/8/433
f 1485/143/436 1487/144/436 1489/7/436 1483/8/436
f 1486/143/435 1484/144/435 1482/7/435 1488/8/435
f 1492/143/4 1493/144/4 1491/7/4 1490/8/4
f 1494/143/434 1495/144/434 1493/7/434 1492/8/434
f 1496/143/1 1497/144/1 1495/7/1 1494/8/1
f 1490/143/433 1491/144/433 1497/7/433 1496/8/433
f 1493/143/436 1495/144/436 1497/7/436 1491/8/436
f 1494/143/435 1492/144/435 1490/7/435 1496/8/435
f 1500/143/4 1501/144/4 1499/7/4 1498/8/4
f 1502/143/3 1503/144/3 1501/7/3 1500/8/3
f 1504/143/1 1505/144/1 1503/7/1 1502/8/1
f 1498/143/6 1499/144/6 1505/7/6 1504/8/6
f 1501/143/21 1503/144/21 1505/7/21 1499/8/21
f 1502/143/22 1500/144/22 1498/7/22 1504/8/22
f 1508/143/4 1509/144/4 1507/7/4 1506/8/4
f 1510/143/3 1511/144/3 1509/7/3 1508/8/3
f 1512/143/1 1513/144/1 1511/7/1 1510/8/1
f 1506/143/6 1507/144/6 1513/7/6 1512/8/6
f 1509/143/21 1511/144/21 1513/7/21 1507/8/21
f 1510/143/22 1508/144/22 1506/7/22 1512/8/22
f 1548/143/4 1549/144/4 1547/7/4 1546/8/4
f 1550/143/3 1551/144/3 1549/7/3 1548/8/3
f 1552/143/1 1553/144/1 1551/7/1 1550/8/1
f 1546/143/6 1547/144/6 1553/7/6 1552/8/6
f 1549/143/21 1551/144/21 1553/7/21 1547/8/21
f 1550/143/22 1548/144/22 1546/7/22 1552/8/22
f 1556/143/437 1557/144/437 1555/7/437 1554/8/437
f 1558/143/6 1559/144/6 1557/7/6 1556/8/6
f 1560/143/438 1561/144/438 1559/7/438 1558/8/438
f 1554/143/3 1555/144/3 1561/7/3 1560/8/3
f 1557/143/439 1559/144/439 1561/7/439 1555/8/439
f 1558/143/440 1556/144/440 1554/7/440 1560/8/440
f 1564/143/441 1565/144/441 1563/7/441 1562/8/441
f 1566/143/3 1567/144/3 1565/7/3 1564/8/3
f 1568/143/442 1569/144/442 1567/7/442 1566/8/442
f 1562/143/6 1563/144/6 1569/7/6 1568/8/6
f 1565/143/443 1567/144/443 1569/7/443 1563/8/443
f 1566/143/444 1564/144/444 1562/7/444 1568/8/444
f 1580/143/4 1581/144/4 1579/7/4 1578/8/4
f 1582/143/3 1583/144/3 1581/7/3 1580/8/3
f 1584/143/1 1585/144/1 1583/7/1 1582/8/1
f 1578/143/6 1579/144/6 1585/7/6 1584/8/6
f 1581/143/21 1583/144/21 1585/7/21 1579/8/21
f 1582/143/22 1580/144/22 1578/7/22 1584/8/22
f 1786/606/445 1808/607/446 1807/608/447
f 1764/609/448 1786/606/445 1807/608/447 1785/610/449
f 1742/611/450 1764/609/448 1785/610/449 1763/612/451
f 1720/613/452 1742/611/450 1763/612/451 1741/614/453
f 1698/615/454 1720/613/452 1741/614/453 1719/616/455
f 1676/617/456 1698/615/454 1719/616/455 1697/618/457
f 1654/619/458 1676/617/456 1697/618/457 1675/620/459
f 1632/621/460 1654/619/458 1675/620/459 1653/622/461
f 1610/623/462 1632/621/460 1653/622/461 1631/624/463
f 1588/625/464 1610/623/462 1631/624/463 1609/626/465
f 1588/625/464 1609/626/465 1586/627/466
f 1589/628/467 1588/629/468 1586/630/469
f 1589/628/467 1611/631/470 1610/632/471 1588/629/468
f 1611/631/470 1633/633/472 1632/634/473 1610/632/471
f 1633/633/472 1655/635/474 1654/636/475 1632/634/473
f 1655/635/474 1677/637/476 1676/638/477 1654/636/475
f 1677/637/476 1699/639/478 1698/640/479 1676/638/477
f 1699/639/478 1721/641/480 1720/642/481 1698/640/479
f 1721/641/480 1743/643/482 1742/644/483 1720/642/481
f 1743/643/482 1765/645/484 1764/646/485 1742/644/483
f 1765/645/484 1787/647/486 1786/648/487 1764/646/485
f 1787/647/486 1808/649/488 1786/648/487
f 1590/650/489 1589/628/467 1586/651/469
f 1590/650/489 1612/652/490 1611/631/470 1589/628/467
f 1612/652/490 1634/653/491 1633/633/472 1611/631/470
f 1634/653/491 1656/654/492 1655/635/474 1633/633/472
f 1656/654/492 1678/655/493 1677/637/476 1655/635/474
f 1678/655/493 1700/656/494 1699/639/478 1677/637/476
f 1700/656/494 1722/657/495 1721/641/480 1699/639/478
f 1722/657/495 1744/658/496 1743/643/482 1721/641/480
f 1744/658/496 1766/659/497 1765/645/484 1743/643/482
f 1766/659/497 1788/660/498 1787/647/486 1765/645/484
f 1788/660/498 1808/661/488 1787/647/486
f 1591/662/499 1590/650/489 1586/75/469
f 1591/662/499 1613/663/500 1612/652/490 1590/650/489
f 1613/663/500 1635/664/501 1634/653/491 1612/652/490
f 1635/664/501 1657/665/502 1656/654/492 1634/653/491
f 1657/665/502 1679/666/503 1678/655/493 1656/654/492
f 1679/666/503 1701/667/504 1700/656/494 1678/655/493
f 1701/667/504 1723/668/505 1722/657/495 1700/656/494
f 1723/668/505 1745/669/506 1744/658/496 1722/657/495
f 1745/669/506 1767/670/507 1766/659/497 1744/658/496
f 1767/670/507 1789/671/508 1788/660/498 1766/659/497
f 1789/671/508 1808/56/488 1788/660/498
f 1592/672/509 1591/662/499 1586/673/469
f 1592/672/509 1614/674/510 1613/663/500 1591/662/499
f 1614/674/510 1636/675/511 1635/664/501 1613/663/500
f 1636/675/511 1658/676/512 1657/665/502 1635/664/501
f 1658/676/512 1680/677/513 1679/666/503 1657/665/502
f 1680/677/513 1702/678/514 1701/667/504 1679/666/503
f 1702/678/514 1724/679/515 1723/668/505 1701/667/504
f 1724/679/515 1746/680/516 1745/669/506 1723/668/505
f 1746/680/516 1768/681/517 1767/670/507 1745/669/506
f 1768/681/517 1790/682/518 1789/671/508 1767/670/507
f 1790/682/518 1808/683/488 1789/671/508
f 1593/625/519 1592/672/509 1586/684/469
f 1593/625/519 1615/623/520 1614/674/510 1592/672/509
f 1615/623/520 1637/621/521 1636/675/511 1614/674/510
f 1637/621/521 1659/619/522 1658/676/512 1636/675/511
f 1659/619/522 1681/617/523 1680/677/513 1658/676/512
f 1681/617/523 1703/615/524 1702/678/514 1680/677/513
f 1703/615/524 1725/613/525 1724/679/515 1702/678/514
f 1725/613/525 1747/611/526 1746/680/516 1724/679/515
f 1747/611/526 1769/609/527 1768/681/517 1746/680/516
f 1769/609/527 1791/606/528 1790/682/518 1768/681/517
f 1791/606/528 1808/685/488 1790/682/518
f 1587/686/529 1594/687/530 1593/629/519 1586/8/469
f 1594/687/530 1616/688/531 1615/632/520 1593/629/519
f 1616/688/531 1638/689/532 1637/634/521 1615/632/520
f 1638/689/532 1660/690/533 1659/636/522 1637/634/521
f 1660/690/533 1682/691/534 1681/638/523 1659/636/522
f 1682/691/534 1704/692/535 1703/640/524 1681/638/523
f 1704/692/535 1726/693/536 1725/642/525 1703/640/524
f 1726/693/536 1748/694/537 1747/644/526 1725/642/525
f 1748/694/537 1770/695/538 1769/646/527 1747/644/526
f 1770/695/538 1792/696/539 1791/648/528 1769/646/527
f 1792/696/539 1809/697/540 1808/7/488 1791/648/528
f 1595/698/541 1594/687/530 1587/699/529
f 1595/698/541 1617/700/542 1616/688/531 1594/687/530
f 1617/700/542 1639/701/543 1638/689/532 1616/688/531
f 1639/701/543 1661/702/544 1660/690/533 1638/689/532
f 1661/702/544 1683/703/545 1682/691/534 1660/690/533
f 1683/703/545 1705/704/546 1704/692/535 1682/691/534
f 1705/704/546 1727/705/547 1726/693/536 1704/692/535
f 1727/705/547 1749/706/548 1748/694/537 1726/693/536
f 1749/706/548 1771/707/549 1770/695/538 1748/694/537
f 1771/707/549 1793/708/550 1792/696/539 1770/695/538
f 1793/708/550 1809/709/540 1792/696/539
f 1596/710/551 1595/698/541 1587/711/529
f 1596/710/551 1618/712/552 1617/700/542 1595/698/541
f 1618/712/552 1640/713/553 1639/701/543 1617/700/542
f 1640/713/553 1662/714/554 1661/702/544 1639/701/543
f 1662/714/554 1684/715/555 1683/703/545 1661/702/544
f 1684/715/555 1706/716/556 1705/704/546 1683/703/545
f 1706/716/556 1728/717/557 1727/705/547 1705/704/546
f 1728/717/557 1750/718/558 1749/706/548 1727/705/547
f 1750/718/558 1772/719/559 1771/707/549 1749/706/548
f 1772/719/559 1794/720/560 1793/708/550 1771/707/549
f 1794/720/560 1809/721/540 1793/708/550
f 1597/722/561 1596/710/551 1587/723/529
f 1597/722/561 1619/724/562 1618/712/552 1596/710/551
f 1619/724/562 1641/725/563 1640/713/553 1618/712/552
f 1641/725/563 1663/726/564 1662/714/554 1640/713/553
f 1663/726/564 1685/727/565 1684/715/555 1662/714/554
f 1685/727/565 1707/728/566 1706/716/556 1684/715/555
f 1707/728/566 1729/729/567 1728/717/557 1706/716/556
f 1729/729/567 1751/730/568 1750/718/558 1728/717/557
f 1751/730/568 1773/731/569 1772/719/559 1750/718/558
f 1773/731/569 1795/732/570 1794/720/560 1772/719/559
f 1795/732/570 1809/733/540 1794/720/560
f 1598/626/571 1597/722/561 1587/734/529
f 1598/626/571 1620/624/572 1619/724/562 1597/722/561
f 1620/624/572 1642/622/573 1641/725/563 1619/724/562
f 1642/622/573 1664/620/574 1663/726/564 1641/725/563
f 1664/620/574 1686/618/575 1685/727/565 1663/726/564
f 1686/618/575 1708/616/576 1707/728/566 1685/727/565
f 1708/616/576 1730/614/577 1729/729/567 1707/728/566
f 1730/614/577 1752/612/578 1751/730/568 1729/729/567
f 1752/612/578 1774/610/579 1773/731/569 1751/730/568
f 1774/610/579 1796/608/580 1795/732/570 1773/731/569
f 1796/608/580 1809/735/540 1795/732/570
f 1599/625/581 1598/626/571 1587/627/529
f 1599/625/581 1621/623/582 1620/624/572 1598/626/571
f 1621/623/582 1643/621/583 1642/622/573 1620/624/572
f 1643/621/583 1665/619/584 1664/620/574 1642/622/573
f 1665/619/584 1687/617/585 1686/618/575 1664/620/574
f 1687/617/585 1709/615/586 1708/616/576 1686/618/575
f 1709/615/586 1731/613/587 1730/614/577 1708/616/576
f 1731/613/587 1753/611/588 1752/612/578 1730/614/577
f 1753/611/588 1775/609/589 1774/610/579 1752/612/578
f 1775/609/589 1797/606/590 1796/608/580 1774/610/579
f 1797/606/590 1809/607/540 1796/608/580
f 1807/608/447 1808/735/446 1806/732/591
f 1785/610/449 1807/608/447 1806/732/591 1784/731/592
f 1763/612/451 1785/610/449 1784/731/592 1762/730/593
f 1741/614/453 1763/612/451 1762/730/593 1740/729/594
f 1719/616/455 1741/614/453 1740/729/594 1718/728/595
f 1697/618/457 1719/616/455 1718/728/595 1696/727/596
f 1675/620/459 1697/618/457 1696/727/596 1674/726/597
f 1653/622/461 1675/620/459 1674/726/597 1652/725/598
f 1631/624/463 1653/622/461 1652/725/598 1630/724/599
f 1609/626/465 1631/624/463 1630/724/599 1608/722/600
f 1609/626/465 1608/722/600 1586/734/466
f 1600/628/601 1599/629/602 1587/630/603
f 1600/628/601 1622/631/604 1621/632/605 1599/629/602
f 1622/631/604 1644/633/606 1643/634/607 1621/632/605
f 1644/633/606 1666/635/608 1665/636/609 1643/634/607
f 1666/635/608 1688/637/610 1687/638/611 1665/636/609
f 1688/637/610 1710/639/612 1709/640/613 1687/638/611
f 1710/639/612 1732/641/614 1731/642/615 1709/640/613
f 1732/641/614 1754/643/616 1753/644/617 1731/642/615
f 1754/643/616 1776/645/618 1775/646/619 1753/644/617
f 1776/645/618 1798/647/620 1797/648/621 1775/646/619
f 1798/647/620 1809/649/622 1797/648/621
f 1601/650/623 1600/628/601 1587/651/603
f 1601/650/623 1623/652/624 1622/631/604 1600/628/601
f 1623/652/624 1645/653/625 1644/633/606 1622/631/604
f 1645/653/625 1667/654/626 1666/635/608 1644/633/606
f 1667/654/626 1689/655/627 1688/637/610 1666/635/608
f 1689/655/627 1711/656/628 1710/639/612 1688/637/610
f 1711/656/628 1733/657/629 1732/641/614 1710/639/612
f 1733/657/629 1755/658/630 1754/643/616 1732/641/614
f 1755/658/630 1777/659/631 1776/645/618 1754/643/616
f 1777/659/631 1799/660/632 1798/647/620 1776/645/618
f 1799/660/632 1809/661/622 1798/647/620
f 1602/662/633 1601/650/623 1587/75/603
f 1602/662/633 1624/663/634 1623/652/624 1601/650/623
f 1624/663/634 1646/664/635 1645/653/625 1623/652/624
f 1646/664/635 1668/665/636 1667/654/626 1645/653/625
f 1668/665/636 1690/666/637 1689/655/627 1667/654/626
f 1690/666/637 1712/667/638 1711/656/628 1689/655/627
f 1712/667/638 1734/668/639 1733/657/629 1711/656/628
f 1734/668/639 1756/669/640 1755/658/630 1733/657/629
f 1756/669/640 1778/670/641 1777/659/631 1755/658/630
f 1778/670/641 1800/671/642 1799/660/632 1777/659/631
f 1800/671/642 1809/56/622 1799/660/632
f 1603/672/643 1602/662/633 1587/673/603
f 1603/672/643 1625/674/644 1624/663/634 1602/662/633
f 1625/674/644 1647/675/645 1646/664/635 1624/663/634
f 1647/675/645 1669/676/646 1668/665/636 1646/664/635
f 1669/676/646 1691/677/647 1690/666/637 1668/665/636
f 1691/677/647 1713/678/648 1712/667/638 1690/666/637
f 1713/678/648 1735/679/649 1734/668/639 1712/667/638
f 1735/679/649 1757/680/650 1756/669/640 1734/668/639
f 1757/680/650 1779/681/651 1778/670/641 1756/669/640
f 1779/681/651 1801/682/652 1800/671/642 1778/670/641
f 1801/682/652 1809/683/622 1800/671/642
f 1604/625/653 1603/672/643 1587/684/603
f 1604/625/653 1626/623/654 1625/674/644 1603/672/643
f 1626/623/654 1648/621/655 1647/675/645 1625/674/644
f 1648/621/655 1670/619/656 1669/676/646 1647/675/645
f 1670/619/656 1692/617/657 1691/677/647 1669/676/646
f 1692/617/657 1714/615/658 1713/678/648 1691/677/647
f 1714/615/658 1736/613/659 1735/679/649 1713/678/648
f 1736/613/659 1758/611/660 1757/680/650 1735/679/649
f 1758/611/660 1780/609/661 1779/681/651 1757/680/650
f 1780/609/661 1802/606/662 1801/682/652 1779/681/651
f 1802/606/662 1809/685/622 1801/682/652
f 1586/686/466 1605/687/663 1604/629/653 1587/8/603
f 1605/687/663 1627/688/664 1626/632/654 1604/629/653
f 1627/688/664 1649/689/665 1648/634/655 1626/632/654
f 1649/689/665 1671/690/666 1670/636/656 1648/634/655
f 1671/690/666 1693/691/667 1692/638/657 1670/636/656
f 1693/691/667 1715/692/668 1714/640/658 1692/638/657
f 1715/692/668 1737/693/669 1736/642/659 1714/640/658
f 1737/693/669 1759/694/670 1758/644/660 1736/642/659
f 1759/694/670 1781/695/671 1780/646/661 1758/644/660
f 1781/695/671 1803/696/672 1802/648/662 1780/646/661
f 1803/696/672 1808/697/446 1809/7/622 1802/648/662
f 1606/698/673 1605/687/663 1586/699/466
f 1606/698/673 1628/700/674 1627/688/664 1605/687/663
f 1628/700/674 1650/701/675 1649/689/665 1627/688/664
f 1650/701/675 1672/702/676 1671/690/666 1649/689/665
f 1672/702/676 1694/703/677 1693/691/667 1671/690/666
f 1694/703/677 1716/704/678 1715/692/668 1693/691/667
f 1716/704/678 1738/705/679 1737/693/669 1715/692/668
f 1738/705/679 1760/706/680 1759/694/670 1737/693/669
f 1760/706/680 1782/707/681 1781/695/671 1759/694/670
f 1782/707/681 1804/708/682 1803/696/672 1781/695/671
f 1804/708/682 1808/709/446 1803/696/672
f 1607/710/683 1606/698/673 1586/711/466
f 1607/710/683 1629/712/684 1628/700/674 1606/698/673
f 1629/712/684 1651/713/685 1650/701/675 1628/700/674
f 1651/713/685 1673/714/686 1672/702/676 1650/701/675
f 1673/714/686 1695/715/687 1694/703/677 1672/702/676
f 1695/715/687 1717/716/688 1716/704/678 1694/703/677
f 1717/716/688 1739/717/689 1738/705/679 1716/704/678
f 1739/717/689 1761/718/690 1760/706/680 1738/705/679
f 1761/718/690 1783/719/691 1782/707/681 1760/706/680
f 1783/719/691 1805/720/692 1804/708/682 1782/707/681
f 1805/720/692 1808/721/446 1804/708/682
f 1608/722/600 1607/710/683 1586/723/466
f 1608/722/600 1630/724/599 1629/712/684 1607/710/683
f 1630/724/599 1652/725/598 1651/713/685 1629/712/684
f 1652/725/598 1674/726/597 1673/714/686 1651/713/685
f 1674/726/597 1696/727/596 1695/715/687 1673/714/686
f 1696/727/596 1718/728/595 1717/716/688 1695/715/687
f 1718/728/595 1740/729/594 1739/717/689 1717/716/688
f 1740/729/594 1762/730/593 1761/718/690 1739/717/689
f 1762/730/593 1784/731/592 1783/719/691 1761/718/690
f 1784/731/592 1806/732/591 1805/720/692 1783/719/691
f 1806/732/591 1808/733/446 1805/720/692
f 2010/606/693 2032/607/540 2031/608/580
f 1988/609/694 2010/606/693 2031/608/580 2009/610/695
f 1966/611/696 1988/609/694 2009/610/695 1987/612/697
f 1944/613/698 1966/611/696 1987/612/697 1965/614/699
f 1922/615/700 1944/613/698 1965/614/699 1943/616/701
f 1900/617/702 1922/615/700 1943/616/701 1921/618/703
f 1878/619/704 1900/617/702 1921/618/703 1899/620/705
f 1856/621/706 1878/619/704 1899/620/705 1877/622/707
f 1834/623/708 1856/621/706 1877/622/707 1855/624/709
f 1812/625/710 1834/623/708 1855/624/709 1833/626/571
f 1812/625/710 1833/626/571 1810/627/711
f 1813/628/712 1812/629/713 1810/630/714
f 1813/628/712 1835/631/715 1834/632/716 1812/629/713
f 1835/631/715 1857/633/717 1856/634/718 1834/632/716
f 1857/633/717 1879/635/719 1878/636/720 1856/634/718
f 1879/635/719 1901/637/721 1900/638/722 1878/636/720
f 1901/637/721 1923/639/723 1922/640/613 1900/638/722
f 1923/639/723 1945/641/724 1944/642/725 1922/640/613
f 1945/641/724 1967/643/726 1966/644/727 1944/642/725
f 1967/643/726 1989/645/728 1988/646/729 1966/644/727
f 1989/645/728 2011/647/730 2010/648/731 1988/646/729
f 2011/647/730 2032/649/622 2010/648/731
f 1814/650/623 1813/628/712 1810/651/714
f 1814/650/623 1836/652/624 1835/631/715 1813/628/712
f 1836/652/624 1858/653/625 1857/633/717 1835/631/715
f 1858/653/625 1880/654/732 1879/635/719 1857/633/717
f 1880/654/732 1902/655/733 1901/637/721 1879/635/719
f 1902/655/733 1924/656/734 1923/639/723 1901/637/721
f 1924/656/734 1946/657/735 1945/641/724 1923/639/723
f 1946/657/735 1968/658/630 1967/643/726 1945/641/724
f 1968/658/630 1990/659/736 1989/645/728 1967/643/726
f 1990/659/736 2012/660/737 2011/647/730 1989/645/728
f 2012/660/737 2032/661/622 2011/647/730
f 1815/662/738 1814/650/623 1810/75/714
f 1815/662/738 1837/663/739 1836/652/624 1814/650/623
f 1837/663/739 1859/664/740 1858/653/625 1836/652/624
f 1859/664/740 1881/665/741 1880/654/732 1858/653/625
f 1881/665/741 1903/666/637 1902/655/733 1880/654/732
f 1903/666/637 1925/667/742 1924/656/734 1902/655/733
f 1925/667/742 1947/668/743 1946/657/735 1924/656/734
f 1947/668/743 1969/669/744 1968/658/630 1946/657/735
f 1969/669/744 1991/670/745 1990/659/736 1968/658/630
f 1991/670/745 2013/671/746 2012/660/737 1990/659/736
f 2013/671/746 2032/56/622 2012/660/737
f 1816/672/747 1815/662/738 1810/673/714
f 1816/672/747 1838/674/748 1837/663/739 1815/662/738
f 1838/674/748 1860/675/749 1859/664/740 1837/663/739
f 1860/675/749 1882/676/646 1881/665/741 1859/664/740
f 1882/676/646 1904/677/647 1903/666/637 1881/665/741
f 1904/677/647 1926/678/648 1925/667/742 1903/666/637
f 1926/678/648 1948/679/649 1947/668/743 1925/667/742
f 1948/679/649 1970/680/750 1969/669/744 1947/668/743
f 1970/680/750 1992/681/751 1991/670/745 1969/669/744
f 1992/681/751 2014/682/752 2013/671/746 1991/670/745
f 2014/682/752 2032/683/622 2013/671/746
f 1817/625/753 1816/672/747 1810/684/714
f 1817/625/753 1839/623/654 1838/674/748 1816/672/747
f 1839/623/654 1861/621/655 1860/675/749 1838/674/748
f 1861/621/655 1883/619/754 1882/676/646 1860/675/749
f 1883/619/754 1905/617/755 1904/677/647 1882/676/646
f 1905/617/755 1927/615/756 1926/678/648 1904/677/647
f 1927/615/756 1949/613/659 1948/679/649 1926/678/648
f 1949/613/659 1971/611/660 1970/680/750 1948/679/649
f 1971/611/660 1993/609/757 1992/681/751 1970/680/750
f 1993/609/757 2015/606/758 2014/682/752 1992/681/751
f 2015/606/758 2032/685/622 2014/682/752
f 1811/686/759 1818/687/760 1817/629/753 1810/8/714
f 1818/687/760 1840/688/761 1839/632/654 1817/629/753
f 1840/688/761 1862/689/665 1861/634/655 1839/632/654
f 1862/689/665 1884/690/666 1883/636/754 1861/634/655
f 1884/690/666 1906/691/762 1905/638/755 1883/636/754
f 1906/691/762 1928/692/763 1927/640/756 1905/638/755
f 1928/692/763 1950/693/669 1949/642/659 1927/640/756
f 1950/693/669 1972/694/670 1971/644/660 1949/642/659
f 1972/694/670 1994/695/764 1993/646/757 1971/644/660
f 1994/695/764 2016/696/765 2015/648/758 1993/646/757
f 2016/696/765 2033/697/446 2032/7/622 2015/648/758
f 1819/698/673 1818/687/760 1811/699/759
f 1819/698/673 1841/700/766 1840/688/761 1818/687/760
f 1841/700/766 1863/701/767 1862/689/665 1840/688/761
f 1863/701/767 1885/702/676 1884/690/666 1862/689/665
f 1885/702/676 1907/703/677 1906/691/762 1884/690/666
f 1907/703/677 1929/704/768 1928/692/763 1906/691/762
f 1929/704/768 1951/705/769 1950/693/669 1928/692/763
f 1951/705/769 1973/706/770 1972/694/670 1950/693/669
f 1973/706/770 1995/707/681 1994/695/764 1972/694/670
f 1995/707/681 2017/708/682 2016/696/765 1994/695/764
f 2017/708/682 2033/709/446 2016/696/765
f 1820/710/771 1819/698/673 1811/711/759
f 1820/710/771 1842/712/772 1841/700/766 1819/698/673
f 1842/712/772 1864/713/773 1863/701/767 1841/700/766
f 1864/713/773 1886/714/774 1885/702/676 1863/701/767
f 1886/714/774 1908/715/775 1907/703/677 1885/702/676
f 1908/715/775 1930/716/688 1929/704/768 1907/703/677
f 1930/716/688 1952/717/776 1951/705/769 1929/704/768
f 1952/717/776 1974/718/777 1973/706/770 1951/705/769
f 1974/718/777 1996/719/778 1995/707/681 1973/706/770
f 1996/719/778 2018/720/692 2017/708/682 1995/707/681
f 2018/720/692 2033/721/446 2017/708/682
f 1821/722/779 1820/710/771 1811/723/759
f 1821/722/779 1843/724/780 1842/712/772 1820/710/771
f 1843/724/780 1865/725/598 1864/713/773 1842/712/772
f 1865/725/598 1887/726/781 1886/714/774 1864/713/773
f 1887/726/781 1909/727/782 1908/715/775 1886/714/774
f 1909/727/782 1931/728/783 1930/716/688 1908/715/775
f 1931/728/783 1953/729/784 1952/717/776 1930/716/688
f 1953/729/784 1975/730/593 1974/718/777 1952/717/776
f 1975/730/593 1997/731/592 1996/719/778 1974/718/777
f 1997/731/592 2019/732/785 2018/720/692 1996/719/778
f 2019/732/785 2033/733/446 2018/720/692
f 1822/626/786 1821/722/779 1811/734/759
f 1822/626/786 1844/624/787 1843/724/780 1821/722/779
f 1844/624/787 1866/622/788 1865/725/598 1843/724/780
f 1866/622/788 1888/620/459 1887/726/781 1865/725/598
f 1888/620/459 1910/618/789 1909/727/782 1887/726/781
f 1910/618/789 1932/616/790 1931/728/783 1909/727/782
f 1932/616/790 1954/614/453 1953/729/784 1931/728/783
f 1954/614/453 1976/612/791 1975/730/593 1953/729/784
f 1976/612/791 1998/610/792 1997/731/592 1975/730/593
f 1998/610/792 2020/608/793 2019/732/785 1997/731/592
f 2020/608/793 2033/735/446 2019/732/785
f 1823/625/794 1822/626/786 1811/627/759
f 1823/625/794 1845/623/795 1844/624/787 1822/626/786
f 1845/623/795 1867/621/796 1866/622/788 1844/624/787
f 1867/621/796 1889/619/797 1888/620/459 1866/622/788
f 1889/619/797 1911/617/798 1910/618/789 1888/620/459
f 1911/617/798 1933/615/799 1932/616/790 1910/618/789
f 1933/615/799 1955/613/800 1954/614/453 1932/616/790
f 1955/613/800 1977/611/450 1976/612/791 1954/614/453
f 1977/611/450 1999/609/801 1998/610/792 1976/612/791
f 1999/609/801 2021/606/802 2020/608/793 1998/610/792
f 2021/606/802 2033/607/446 2020/608/793
f 2031/608/580 2032/735/540 2030/732/803
f 2009/610/695 2031/608/580 2030/732/803 2008/731/569
f 1987/612/697 2009/610/695 2008/731/569 1986/730/568
f 1965/614/699 1987/612/697 1986/730/568 1964/729/804
f 1943/616/701 1965/614/699 1964/729/804 1942/728/805
f 1921/618/703 1943/616/701 1942/728/805 1920/727/565
f 1899/620/705 1921/618/703 1920/727/565 1898/726/806
f 1877/622/707 1899/620/705 1898/726/806 1876/725/563
f 1855/624/709 1877/622/707 1876/725/563 1854/724/807
f 1833/626/571 1855/624/709 1854/724/807 1832/722/561
f 1833/626/571 1832/722/561 1810/734/711
f 1824/628/467 1823/629/808 1811/630/809
f 1824/628/467 1846/631/810 1845/632/811 1823/629/808
f 1846/631/810 1868/633/812 1867/634/813 1845/632/811
f 1868/633/812 1890/635/474 1889/636/814 1867/634/813
f 1890/635/474 1912/637/815 1911/638/816 1889/636/814
f 1912/637/815 1934/639/478 1933/640/817 1911/638/816
f 1934/639/478 1956/641/480 1955/642/818 1933/640/817
f 1956/641/480 1978/643/819 1977/644/820 1955/642/818
f 1978/643/819 2000/645/821 1999/646/822 1977/644/820
f 2000/645/821 2022/647/486 2021/648/823 1999/646/822
f 2022/647/486 2033/649/488 2021/648/823
f 1825/650/824 1824/628/467 1811/651/809
f 1825/650/824 1847/652/490 1846/631/810 1824/628/467
f 1847/652/490 1869/653/491 1868/633/812 1846/631/810
f 1869/653/491 1891/654/825 1890/635/474 1868/633/812
f 1891/654/825 1913/655/826 1912/637/815 1890/635/474
f 1913/655/826 1935/656/827 1934/639/478 1912/637/815
f 1935/656/827 1957/657/828 1956/641/480 1934/639/478
f 1957/657/828 1979/658/829 1978/643/819 1956/641/480
f 1979/658/829 2001/659/830 2000/645/821 1978/643/819
f 2001/659/830 2023/660/498 2022/647/486 2000/645/821
f 2023/660/498 2033/661/488 2022/647/486
f 1826/662/831 1825/650/824 1811/75/809
f 1826/662/831 1848/663/832 1847/652/490 1825/650/824
f 1848/663/832 1870/664/833 1869/653/491 1847/652/490
f 1870/664/833 1892/665/502 1891/654/825 1869/653/491
f 1892/665/502 1914/666/834 1913/655/826 1891/654/825
f 1914/666/834 1936/667/835 1935/656/827 1913/655/826
f 1936/667/835 1958/668/505 1957/657/828 1935/656/827
f 1958/668/505 1980/669/506 1979/658/829 1957/657/828
f 1980/669/506 2002/670/836 2001/659/830 1979/658/829
f 2002/670/836 2024/671/837 2023/660/498 2001/659/830
f 2024/671/837 2033/56/488 2023/660/498
f 1827/672/838 1826/662/831 1811/673/809
f 1827/672/838 1849/674/839 1848/663/832 1826/662/831
f 1849/674/839 1871/675/840 1870/664/833 1848/663/832
f 1871/675/840 1893/676/512 1892/665/502 1870/664/833
f 1893/676/512 1915/677/841 1914/666/834 1892/665/502
f 1915/677/841 1937/678/514 1936/667/835 1914/666/834
f 1937/678/514 1959/679/515 1958/668/505 1936/667/835
f 1959/679/515 1981/680/842 1980/669/506 1958/668/505
f 1981/680/842 2003/681/843 2002/670/836 1980/669/506
f 2003/681/843 2025/682/844 2024/671/837 2002/670/836
f 2025/682/844 2033/683/488 2024/671/837
f 1828/625/845 1827/672/838 1811/684/809
f 1828/625/845 1850/623/846 1849/674/839 1827/672/838
f 1850/623/846 1872/621/847 1871/675/840 1849/674/839
f 1872/621/847 1894/619/522 1893/676/512 1871/675/840
f 1894/619/522 1916/617/523 1915/677/841 1893/676/512
f 1916/617/523 1938/615/524 1937/678/514 1915/677/841
f 1938/615/524 1960/613/525 1959/679/515 1937/678/514
f 1960/613/525 1982/611/848 1981/680/842 1959/679/515
f 1982/611/848 2004/609/527 2003/681/843 1981/680/842
f 2004/609/527 2026/606/528 2025/682/844 2003/681/843
f 2026/606/528 2033/685/488 2025/682/844
f 1810/686/711 1829/687/849 1828/629/845 1811/8/809
f 1829/687/849 1851/688/531 1850/632/846 1828/629/845
f 1851/688/531 1873/689/850 1872/634/847 1850/632/846
f 1873/689/850 1895/690/851 1894/636/522 1872/634/847
f 1895/690/851 1917/691/852 1916/638/523 1894/636/522
f 1917/691/852 1939/692/853 1938/640/524 1916/638/523
f 1939/692/853 1961/693/854 1960/642/525 1938/640/524
f 1961/693/854 1983/694/855 1982/644/848 1960/642/525
f 1983/694/855 2005/695/856 2004/646/527 1982/644/848
f 2005/695/856 2027/696/539 2026/648/528 2004/646/527
f 2027/696/539 2032/697/540 2033/7/488 2026/648/528
f 1830/698/857 1829/687/849 1810/699/711
f 1830/698/857 1852/700/858 1851/688/531 1829/687/849
f 1852/700/858 1874/701/859 1873/689/850 1851/688/531
f 1874/701/859 1896/702/860 1895/690/851 1873/689/850
f 1896/702/860 1918/703/861 1917/691/852 1895/690/851
f 1918/703/861 1940/704/546 1939/692/853 1917/691/852
f 1940/704/546 1962/705/862 1961/693/854 1939/692/853
f 1962/705/862 1984/706/863 1983/694/855 1961/693/854
f 1984/706/863 2006/707/864 2005/695/856 1983/694/855
f 2006/707/864 2028/708/865 2027/696/539 2005/695/856
f 2028/708/865 2032/709/540 2027/696/539
f 1831/710/866 1830/698/857 1810/711/711
f 1831/710/866 1853/712/552 1852/700/858 1830/698/857
f 1853/712/552 1875/713/867 1874/701/859 1852/700/858
f 1875/713/867 1897/714/868 1896/702/860 1874/701/859
f 1897/714/868 1919/715/869 1918/703/861 1896/702/860
f 1919/715/869 1941/716/556 1940/704/546 1918/703/861
f 1941/716/556 1963/717/870 1962/705/862 1940/704/546
f 1963/717/870 1985/718/871 1984/706/863 1962/705/862
f 1985/718/871 2007/719/872 2006/707/864 1984/706/863
f 2007/719/872 2029/720/873 2028/708/865 2006/707/864
f 2029/720/873 2032/721/540 2028/708/865
f 1832/722/561 1831/710/866 1810/723/711
f 1832/722/561 1854/724/807 1853/712/552 1831/710/866
f 1854/724/807 1876/725/563 1875/713/867 1853/712/552
f 1876/725/563 1898/726/806 1897/714/868 1875/713/867
f 1898/726/806 1920/727/565 1919/715/869 1897/714/868
f 1920/727/565 1942/728/805 1941/716/556 1919/715/869
f 1942/728/805 1964/729/804 1963/717/870 1941/716/556
f 1964/729/804 1986/730/568 1985/718/871 1963/717/870
f 1986/730/568 2008/731/569 2007/719/872 1985/718/871
f 2008/731/569 2030/732/803 2029/720/873 2007/719/872
f 2030/732/803 2032/733/540 2029/720/873
f 2044/143/4 2045/144/4 2043/7/4 2042/8/4
f 2046/143/3 2047/144/3 2045/7/3 2044/8/3
f 2048/143/1 2049/144/1 2047/7/1 2046/8/1
f 2042/143/6 2043/144/6 2049/7/6 2048/8/6
f 2045/143/21 2047/144/21 2049/7/21 2043/8/21
f 2046/143/22 2044/144/22 2042/7/22 2048/8/22
f 2060/143/4 2061/144/4 2059/7/4 2058/8/4
f 2062/143/3 2063/144/3 2061/7/3 2060/8/3
f 2064/143/1 2065/144/1 2063/7/1 2062/8/1
f 2058/143/6 2059/144/6 2065/7/6 2064/8/6
f 2061/143/21 2063/144/21 2065/7/21 2059/8/21
f 2062/143/22 2060/144/22 2058/7/22 2064/8/22
f 2068/143/4 2069/144/4 2067/7/4 2066/8/4
f 2070/143/3 2071/144/3 2069/7/3 2068/8/3
f 2072/143/1 2073/144/1 2071/7/1 2070/8/1
f 2066/143/6 2067/144/6 2073/7/6 2072/8/6
f 2069/143/21 2071/144/21 2073/7/21 2067/8/21
f 2070/143/22 2068/144/22 2066/7/22 2072/8/22
f 2076/143/4 2077/144/4 2075/7/4 2074/8/4
f 2078/143/3 2079/144/3 2077/7/3 2076/8/3
f 2080/143/1 2081/144/1 2079/7/1 2078/8/1
f 2074/143/6 2075/144/6 2081/7/6 2080/8/6
f 2077/143/21 2079/144/21 2081/7/21 2075/8/21
f 2078/143/22 2076/144/22 2074/7/22 2080/8/22
f 2084/143/4 2085/144/4 2083/7/4 2082/8/4
f 2086/143/3 2087/144/3 2085/7/3 2084/8/3
f 2088/143/1 2089/144/1 2087/7/1 2086/8/1
f 2082/143/6 2083/144/6 2089/7/6 2088/8/6
f 2085/143/21 2087/144/21 2089/7/21 2083/8/21
f 2086/143/22 2084/144/22 2082/7/22 2088/8/22
usemtl Lamp
f 827/570/283 831/571/284 830/572/285 826/8/286
f 831/571/287 843/573/288 842/574/289 830/572/290
f 843/573/288 855/575/291 854/576/292 842/574/289
f 855/575/291 867/577/293 866/578/294 854/576/292
f 867/577/295 879/579/296 878/7/297 866/578/298
f 832/580/299 831/571/284 827/581/283
f 832/580/300 844/582/301 843/573/288 831/571/287
f 844/582/301 856/583/302 855/575/291 843/573/288
f 856/583/302 868/584/303 867/577/293 855/575/291
f 868/584/304 879/585/296 867/577/295
f 833/586/305 832/580/299 827/587/283
f 833/586/306 845/588/307 844/582/308 832/580/309
f 845/588/307 857/589/310 856/583/311 844/582/308
f 857/589/310 869/590/312 868/584/313 856/583/311
f 869/590/314 879/591/296 868/584/304
f 828/592/315 834/593/316 833/572/305 827/8/283
f 834/593/317 846/594/318 845/574/307 833/572/306
f 846/594/318 858/595/319 857/576/310 845/574/307
f 858/595/319 870/596/320 869/578/312 857/576/310
f 870/596/321 880/597/322 879/7/296 869/578/314
f 835/598/323 834/593/316 828/599/315
f 835/598/324 847/600/325 846/594/318 834/593/317
f 847/600/325 859/601/326 858/595/319 846/594/318
f 859/601/326 871/602/327 870/596/320 858/595/319
f 871/602/328 880/603/322 870/596/321
f 836/586/329 835/598/323 828/604/315
f 836/586/330 848/588/331 847/600/332 835/598/333
f 848/588/331 860/589/334 859/601/335 847/600/332
f 860/589/334 872/590/336 871/602/337 859/601/335
f 872/590/338 880/605/322 871/602/328
f 829/570/339 837/571/340 836/572/329 828/8/315
f 837/571/341 849/573/342 848/574/331 836/572/330
f 849/573/342 861/575/343 860/576/334 848/574/331
f 861/575/343 873/577/344 872/578/336 860/576/334
f 873/577/345 881/579/346 880/7/322 872/578/338
f 838/580/347 837/571/340 829/581/339
f 838/580/348 850/582/349 849/573/342 837/571/341
f 850/582/349 862/583/350 861/575/343 849/573/342
f 862/583/350 874/584/351 873/577/344 861/575/343
f 874/584/352 881/585/346 873/577/345
f 839/586/353 838/580/347 829/587/339
f 839/586/354 851/588/355 850/582/356 838/580/357
f 851/588/355 863/589/358 862/583/359 850/582/356
f 863/589/358 875/590/360 874/584/361 862/583/359
f 875/590/362 881/591/346 874/584/352
f 826/592/286 840/593/363 839/572/353 829/8/339
f 840/593/364 852/594/365 851/574/355 839/572/354
f 852/594/365 864/595/366 863/576/358 851/574/355
f 864/595/366 876/596/367 875/578/360 863/576/358
f 876/596/368 878/597/297 881/7/346 875/578/362
f 841/598/369 840/593/363 826/599/286
f 841/598/370 853/600/371 852/594/365 840/593/364
f 853/600/371 865/601/372 864/595/366 852/594/365
f 865/601/372 877/602/373 876/596/367 864/595/366
f 877/602/374 878/603/297 876/596/368
f 830/586/285 841/598/369 826/604/286
f 830/586/290 842/588/289 853/600/375 841/598/376
f 842/588/289 854/589/292 865/601/377 853/600/375
f 854/589/292 866/590/294 877/602/378 865/601/377
f 866/590/298 878/605/297 877/602/374
f 879/143/296 880/144/322 881/7/346 878/8/297
f 829/8/339 828/143/315 827/144/283 826/7/286
f 963/570/283 967/571/284 966/572/285 962/8/286
f 967/571/379 979/573/288 978/574/289 966/572/380
f 979/573/288 991/575/291 990/576/381 978/574/289
f 991/575/291 1003/577/382 1002/578/383 990/576/381
f 1003/577/295 1015/579/384 1014/7/297 1002/578/298
f 968/580/299 967/571/284 963/581/283
f 968/580/385 980/582/386 979/573/288 967/571/379
f 980/582/386 992/583/387 991/575/291 979/573/288
f 992/583/387 1004/584/388 1003/577/382 991/575/291
f 1004/584/304 1015/585/384 1003/577/295
f 969/586/305 968/580/299 963/587/283
f 969/586/306 981/588/307 980/582/308 968/580/309
f 981/588/307 993/589/389 992/583/311 980/582/308
f 993/589/389 1005/590/312 1004/584/313 992/583/311
f 1005/590/314 1015/591/384 1004/584/304
f 964/592/315 970/593/316 969/572/305 963/8/283
f 970/593/317 982/594/318 981/574/307 969/572/306
f 982/594/318 994/595/319 993/576/389 981/574/307
f 994/595/319 1006/596/320 1005/578/312 993/576/389
f 1006/596/321 1016/597/390 1015/7/384 1005/578/314
f 971/598/323 970/593/316 964/599/315
f 971/598/324 983/600/325 982/594/318 970/593/317
f 983/600/325 995/601/326 994/595/319 982/594/318
f 995/601/326 1007/602/327 1006/596/320 994/595/319
f 1007/602/328 1016/603/390 1006/596/321
f 972/586/329 971/598/323 964/604/315
f 972/586/330 984/588/331 983/600/332 971/598/333
f 984/588/331 996/589/391 995/601/335 983/600/332
f 996/589/391 1008/590/336 1007/602/337 995/601/335
f 1008/590/338 1016/605/390 1007/602/328
f 965/570/392 973/571/340 972/572/329 964/8/315
f 973/571/341 985/573/342 984/574/331 972/572/330
f 985/573/342 997/575/393 996/576/391 984/574/331
f 997/575/393 1009/577/344 1008/578/336 996/576/391
f 1009/577/345 1017/579/346 1016/7/390 1008/578/338
f 974/580/347 973/571/340 965/581/392
f 974/580/348 986/582/349 985/573/342 973/571/341
f 986/582/349 998/583/350 997/575/393 985/573/342
f 998/583/350 1010/584/351 1009/577/344 997/575/393
f 1010/584/352 1017/585/346 1009/577/345
f 975/586/353 974/580/347 965/587/392
f 975/586/354 987/588/355 986/582/356 974/580/357
f 987/588/355 999/589/358 998/583/359 986/582/356
f 999/589/358 1011/590/360 1010/584/361 998/583/359
f 1011/590/362 1017/591/346 1010/584/352
f 962/592/286 976/593/363 975/572/353 965/8/392
f 976/593/364 988/594/394 987/574/355 975/572/354
f 988/594/394 1000/595/395 999/576/358 987/574/355
f 1000/595/395 1012/596/367 1011/578/360 999/576/358
f 1012/596/368 1014/597/297 1017/7/346 1011/578/362
f 977/598/369 976/593/363 962/599/286
f 977/598/370 989/600/371 988/594/394 976/593/364
f 989/600/371 1001/601/372 1000/595/395 988/594/394
f 1001/601/372 1013/602/373 1012/596/367 1000/595/395
f 1013/602/374 1014/603/297 1012/596/368
f 966/586/285 977/598/369 962/604/286
f 966/586/380 978/588/289 989/600/375 977/598/396
f 978/588/289 990/589/381 1001/601/397 989/600/375
f 990/589/381 1002/590/383 1013/602/378 1001/601/397
f 1002/590/298 1014/605/297 1013/602/374
f 1015/143/384 1016/144/390 1017/7/346 1014/8/297
f 965/8/392 964/143/315 963/144/283 962/7/286
f 2649/761/935 2673/762/936 2672/308/937 2648/763/938
f 2650/764/939 2674/765/940 2673/762/936 2649/761/935
f 2651/766/941 2675/767/942 2674/765/940 2650/764/939
f 2652/768/943 2676/769/944 2675/767/942 2651/766/941
f 2653/770/945 2677/771/946 2676/769/944 2652/768/943
f 2654/772/947 2678/773/948 2677/771/946 2653/770/945
f 2655/774/949 2679/775/950 2678/773/948 2654/772/947
f 2656/776/951 2680/777/952 2679/775/950 2655/774/949
f 2657/778/953 2681/779/954 2680/777/952 2656/776/951
f 2658/780/955 2682/781/956 2681/779/954 2657/778/953
f 2659/782/957 2683/783/958 2682/781/956 2658/780/955
f 2660/784/959 2684/785/960 2683/783/958 2659/782/957
f 2661/786/961 2685/787/962 2684/785/960 2660/784/959
f 2662/788/963 2686/789/964 2685/787/962 2661/786/961
f 2663/790/965 2687/791/966 2686/789/964 2662/788/963
f 2664/792/967 2688/793/968 2687/791/966 2663/790/965
f 2665/794/969 2689/795/970 2688/793/968 2664/792/967
f 2666/796/971 2690/797/972 2689/795/970 2665/794/969
f 2667/798/973 2691/799/974 2690/797/972 2666/796/971
f 2668/800/975 2692/801/976 2691/799/974 2667/798/973
f 2669/802/977 2693/803/978 2692/801/976 2668/800/975
f 2670/804/979 2694/805/980 2693/803/978 2669/802/977
f 2671/806/981 2695/807/982 2694/805/980 2670/804/979
f 2648/808/938 2672/318/937 2695/807/982 2671/806/981
f 2673/762/936 2697/809/983 2696/810/984 2672/308/937
f 2674/765/940 2698/811/985 2697/809/983 2673/762/936
f 2675/767/942 2699/812/986 2698/811/985 2674/765/940
f 2676/769/944 2700/813/987 2699/812/986 2675/767/942
f 2677/771/946 2701/814/988 2700/813/987 2676/769/944
f 2678/773/948 2702/815/989 2701/814/988 2677/771/946
f 2679/775/950 2703/816/990 2702/815/989 2678/773/948
f 2680/777/952 2704/817/991 2703/816/990 2679/775/950
f 2681/779/954 2705/818/992 2704/817/991 2680/777/952
f 2682/781/956 2706/819/993 2705/818/992 2681/779/954
f 2683/783/958 2707/820/994 2706/819/993 2682/781/956
f 2684/785/960 2708/821/995 2707/820/994 2683/783/958
f 2685/787/962 2709/822/996 2708/821/995 2684/785/960
f 2686/789/964 2710/823/997 2709/822/996 2685/787/962
f 2687/791/966 2711/824/998 2710/823/997 2686/789/964
f 2688/793/968 2712/825/999 2711/824/998 2687/791/966
f 2689/795/970 2713/826/1000 2712/825/999 2688/793/968
f 2690/797/972 2714/827/1001 2713/826/1000 2689/795/970
f 2691/799/974 2715/828/1002 2714/827/1001 2690/797/972
f 2692/801/976 2716/829/1003 2715/828/1002 2691/799/974
f 2693/803/978 2717/830/1004 2716/829/1003 2692/801/976
f 2694/805/980 2718/831/1005 2717/830/1004 2693/803/978
f 2695/807/982 2719/832/1006 2718/831/1005 2694/805/980
f 2672/318/937 2696/833/984 2719/832/1006 2695/807/982
f 2697/809/983 2721/834/1007 2720/320/1008 2696/810/984
f 2698/811/985 2722/835/1009 2721/834/1007 2697/809/983
f 2699/812/986 2723/836/1010 2722/835/1009 2698/811/985
f 2700/813/987 2724/837/1011 2723/836/1010 2699/812/986
f 2701/814/988 2725/838/1012 2724/837/1011 2700/813/987
f 2702/815/989 2726/839/1013 2725/838/1012 2701/814/988
f 2703/816/990 2727/840/1014 2726/839/1013 2702/815/989
f 2704/817/991 2728/841/1015 2727/840/1014 2703/816/990
f 2705/818/992 2729/842/1016 2728/841/1015 2704/817/991
f 2706/819/993 2730/843/1017 2729/842/1016 2705/818/992
f 2707/820/994 2731/844/1018 2730/843/1017 2706/819/993
f 2708/821/995 2732/845/1019 2731/844/1018 2707/820/994
f 2709/822/996 2733/846/1020 2732/845/1019 2708/821/995
f 2710/823/997 2734/847/1021 2733/846/1020 2709/822/996
f 2711/824/998 2735/848/1022 2734/847/1021 2710/823/997
f 2712/825/999 2736/849/1023 2735/848/1022 2711/824/998
f 2713/826/1000 2737/850/1024 2736/849/1023 2712/825/999
f 2714/827/1001 2738/851/1025 2737/850/1024 2713/826/1000
f 2715/828/1002 2739/852/1026 2738/851/1025 2714/827/1001
f 2716/829/1003 2740/853/1027 2739/852/1026 2715/828/1002
f 2717/830/1004 2741/854/1028 2740/853/1027 2716/829/1003
f 2718/831/1005 2742/855/1029 2741/854/1028 2717/830/1004
f 2719/832/1006 2743/856/1030 2742/855/1029 2718/831/1005
f 2696/833/984 2720/326/1008 2743/856/1030 2719/832/1006
f 2721/834/1007 2745/857/1031 2744/858/1032 2720/320/1008
f 2722/835/1009 2746/859/1033 2745/857/1031 2721/834/1007
f 2723/836/1010 2747/860/1034 2746/859/1033 2722/835/1009
f 2724/837/1011 2748/861/1035 2747/860/1034 2723/836/1010
f 2725/838/1012 2749/862/1036 2748/861/1035 2724/837/1011
f 2726/839/1013 2750/863/1037 2749/862/1036 2725/838/1012
f 2727/840/1014 2751/864/1038 2750/863/1037 2726/839/1013
f 2728/841/1015 2752/865/1039 2751/864/1038 2727/840/1014
f 2729/842/1016 2753/866/1040 2752/865/1039 2728/841/1015
f 2730/843/1017 2754/867/1041 2753/866/1040 2729/842/1016
f 2731/844/1018 2755/868/1042 2754/867/1041 2730/843/1017
f 2732/845/1019 2756/869/1043 2755/868/1042 2731/844/1018
f 2733/846/1020 2757/870/1044 2756/869/1043 2732/845/1019
f 2734/847/1021 2758/871/1045 2757/870/1044 2733/846/1020
f 2735/848/1022 2759/872/1046 2758/871/1045 2734/847/1021
f 2736/849/1023 2760/873/1047 2759/872/1046 2735/848/1022
f 2737/850/1024 2761/874/1048 2760/873/1047 2736/849/1023
f 2738/851/1025 2762/875/1049 2761/874/1048 2737/850/1024
f 2739/852/1026 2763/876/1050 2762/875/1049 2738/851/1025
f 2740/853/1027 2764/877/1051 2763/876/1050 2739/852/1026
f 2741/854/1028 2765/878/1052 2764/877/1051 2740/853/1027
f 2742/855/1029 2766/879/1053 2765/878/1052 2741/854/1028
f 2743/856/1030 2767/880/1054 2766/879/1053 2742/855/1029
f 2720/326/1008 2744/881/1032 2767/880/1054 2743/856/1030
f 2745/857/1031 2769/882/1055 2768/3/1056 2744/858/1032
f 2746/859/1033 2770/883/1057 2769/882/1055 2745/857/1031
f 2747/860/1034 2771/884/1058 2770/883/1057 2746/859/1033
f 2748/861/1035 2772/885/1059 2771/884/1058 2747/860/1034
f 2749/862/1036 2773/886/1060 2772/885/1059 2748/861/1035
f 2750/863/1037 2774/887/3 2773/886/1060 2749/862/1036
f 2751/864/1038 2775/888/1061 2774/887/3 2750/863/1037
f 2752/865/1039 2776/889/1062 2775/888/1061 2751/864/1038
f 2753/866/1040 2777/890/1063 2776/889/1062 2752/865/1039
f 2754/867/1041 2778/891/1064 2777/890/1063 2753/866/1040
f 2755/868/1042 2779/892/1065 2778/891/1064 2754/867/1041
f 2756/869/1043 2780/760/1066 2779/892/1065 2755/868/1042
f 2757/870/1044 2781/893/1067 2780/760/1066 2756/869/1043
f 2758/871/1045 2782/894/1068 2781/893/1067 2757/870/1044
f 2759/872/1046 2783/895/1069 2782/894/1068 2758/871/1045
f 2760/873/1047 2784/896/1070 2783/895/1069 2759/872/1046
f 2761/874/1048 2785/897/1071 2784/896/1070 2760/873/1047
f 2762/875/1049 2786/898/1072 2785/897/1071 2761/874/1048
f 2763/876/1050 2787/899/1073 2786/898/1072 2762/875/1049
f 2764/877/1051 2788/900/1074 2787/899/1073 2763/876/1050
f 2765/878/1052 2789/901/1075 2788/900/1074 2764/877/1051
f 2766/879/1053 2790/902/1076 2789/901/1075 2765/878/1052
f 2767/880/1054 2791/903/1077 2790/902/1076 2766/879/1053
f 2744/881/1032 2768/12/1056 2791/903/1077 2767/880/1054
f 2769/882/1078 2793/904/1079 2792/905/1080 2768/3/1081
f 2770/883/1082 2794/906/1083 2793/904/1079 2769/882/1078
f 2771/884/1084 2795/907/1085 2794/906/1083 2770/883/1082
f 2772/885/1086 2796/908/1087 2795/907/1085 2771/884/1084
f 2773/886/1060 2797/909/1088 2796/908/1087 2772/885/1086
f 2774/887/3 2798/910/1089 2797/909/1088 2773/886/1060
f 2775/888/1061 2799/911/1090 2798/910/1089 2774/887/3
f 2776/889/1091 2800/912/1092 2799/911/1090 2775/888/1061
f 2777/890/1093 2801/913/1094 2800/912/1092 2776/889/1091
f 2778/891/1095 2802/914/1096 2801/913/1094 2777/890/1093
f 2779/892/1097 2803/915/1098 2802/914/1096 2778/891/1095
f 2780/760/1099 2804/916/1100 2803/915/1098 2779/892/1097
f 2781/893/1101 2805/917/1102 2804/916/1100 2780/760/1099
f 2782/894/1103 2806/918/1104 2805/917/1102 2781/893/1101
f 2783/895/1105 2807/919/1106 2806/918/1104 2782/894/1103
f 2784/896/1107 2808/920/1108 2807/919/1106 2783/895/1105
f 2785/897/1109 2809/921/1110 2808/920/1108 2784/896/1107
f 2786/898/1111 2810/922/1112 2809/921/1110 2785/897/1109
f 2787/899/1113 2811/923/1114 2810/922/1112 2786/898/1111
f 2788/900/1115 2812/924/1116 2811/923/1114 2787/899/1113
f 2789/901/1117 2813/925/1118 2812/924/1116 2788/900/1115
f 2790/902/1119 2814/926/1120 2813/925/1118 2789/901/1117
f 2791/903/1121 2815/927/1122 2814/926/1120 2790/902/1119
f 2768/12/1081 2792/928/1080 2815/927/1122 2791/903/1121
f 2793/904/1079 2817/929/1123 2816/330/1124 2792/905/1080
f 2794/906/1083 2818/930/1125 2817/929/1123 2793/904/1079
f 2795/907/1085 2819/931/1126 2818/930/1125 2794/906/1083
f 2796/908/1087 2820/932/1127 2819/931/1126 2795/907/1085
f 2797/909/1088 2821/933/1128 2820/932/1127 2796/908/1087
f 2798/910/1089 2822/934/1129 2821/933/1128 2797/909/1088
f 2799/911/1090 2823/935/1130 2822/934/1129 2798/910/1089
f 2800/912/1092 2824/936/1131 2823/935/1130 2799/911/1090
f 2801/913/1094 2825/937/1132 2824/936/1131 2800/912/1092
f 2802/914/1096 2826/938/1133 2825/937/1132 2801/913/1094
f 2803/915/1098 2827/939/1134 2826/938/1133 2802/914/1096
f 2804/916/1100 2828/940/1135 2827/939/1134 2803/915/1098
f 2805/917/1102 2829/941/1136 2828/940/1135 2804/916/1100
f 2806/918/1104 2830/942/1137 2829/941/1136 2805/917/1102
f 2807/919/1106 2831/943/1138 2830/942/1137 2806/918/1104
f 2808/920/1108 2832/944/1139 2831/943/1138 2807/919/1106
f 2809/921/1110 2833/945/1140 2832/944/1139 2808/920/1108
f 2810/922/1112 2834/946/1141 2833/945/1140 2809/921/1110
f 2811/923/1114 2835/947/1142 2834/946/1141 2810/922/1112
f 2812/924/1116 2836/948/1143 2835/947/1142 2811/923/1114
f 2813/925/1118 2837/949/1144 2836/948/1143 2812/924/1116
f 2814/926/1120 2838/950/1145 2837/949/1144 2813/925/1118
f 2815/927/1122 2839/951/1146 2838/950/1145 2814/926/1120
f 2792/928/1080 2816/341/1124 2839/951/1146 2815/927/1122
f 2817/929/1123 2841/952/1147 2840/953/1148 2816/330/1124
f 2818/930/1125 2842/954/1149 2841/952/1147 2817/929/1123
f 2819/931/1126 2843/955/1150 2842/954/1149 2818/930/1125
f 2820/932/1127 2844/956/1151 2843/955/1150 2819/931/1126
f 2821/933/1128 2845/957/1152 2844/956/1151 2820/932/1127
f 2822/934/1129 2846/958/1153 2845/957/1152 2821/933/1128
f 2823/935/1130 2847/959/1154 2846/958/1153 2822/934/1129
f 2824/936/1131 2848/960/1155 2847/959/1154 2823/935/1130
f 2825/937/1132 2849/961/1156 2848/960/1155 2824/936/1131
f 2826/938/1133 2850/962/1157 2849/961/1156 2825/937/1132
f 2827/939/1134 2851/963/1158 2850/962/1157 2826/938/1133
f 2828/940/1135 2852/964/1159 2851/963/1158 2827/939/1134
f 2829/941/1136 2853/965/1160 2852/964/1159 2828/940/1135
f 2830/942/1137 2854/966/1161 2853/965/1160 2829/941/1136
f 2831/943/1138 2855/967/1162 2854/966/1161 2830/942/1137
f 2832/944/1139 2856/968/1163 2855/967/1162 2831/943/1138
f 2833/945/1140 2857/969/1164 2856/968/1163 2832/944/1139
f 2834/946/1141 2858/970/1165 2857/969/1164 2833/945/1140
f 2835/947/1142 2859/971/1166 2858/970/1165 2834/946/1141
f 2836/948/1143 2860/972/1167 2859/971/1166 2835/947/1142
f 2837/949/1144 2861/973/1168 2860/972/1167 2836/948/1143
f 2838/950/1145 2862/974/1169 2861/973/1168 2837/949/1144
f 2839/951/1146 2863/975/1170 2862/974/1169 2838/950/1145
f 2816/341/1124 2840/976/1148 2863/975/1170 2839/951/1146
f 2841/952/1147 2865/977/1171 2864/329/1172 2840/953/1148
f 2842/954/1149 2866/978/1173 2865/977/1171 2841/952/1147
f 2843/955/1150 2867/979/1174 2866/978/1173 2842/954/1149
f 2844/956/1151 2868/980/1175 2867/979/1174 2843/955/1150
f 2845/957/1152 2869/981/1176 2868/980/1175 2844/956/1151
f 2846/958/1153 2870/982/1177 2869/981/1176 2845/957/1152
f 2847/959/1154 2871/983/1178 2870/982/1177 2846/958/1153
f 2848/960/1155 2872/984/1179 2871/983/1178 2847/959/1154
f 2849/961/1156 2873/985/1180 2872/984/1179 2848/960/1155
f 2850/962/1157 2874/986/1181 2873/985/1180 2849/961/1156
f 2851/963/1158 2875/987/1182 2874/986/1181 2850/962/1157
f 2852/964/1159 2876/988/1183 2875/987/1182 2851/963/1158
f 2853/965/1160 2877/989/1184 2876/988/1183 2852/964/1159
f 2854/966/1161 2878/990/1185 2877/989/1184 2853/965/1160
f 2855/967/1162 2879/991/1186 2878/990/1185 2854/966/1161
f 2856/968/1163 2880/992/1187 2879/991/1186 2855/967/1162
f 2857/969/1164 2881/993/1188 2880/992/1187 2856/968/1163
f 2858/970/1165 2882/994/1189 2881/993/1188 2857/969/1164
f 2859/971/1166 2883/995/1190 2882/994/1189 2858/970/1165
f 2860/972/1167 2884/996/1191 2883/995/1190 2859/971/1166
f 2861/973/1168 2885/997/1192 2884/996/1191 2860/972/1167
f 2862/974/1169 2886/998/1193 2885/997/1192 2861/973/1168
f 2863/975/1170 2887/999/1194 2886/998/1193 2862/974/1169
f 2840/976/1148 2864/342/1172 2887/999/1194 2863/975/1170
f 2865/977/1171 2889/1000/1195 2888/1001/1196 2864/329/1172
f 2866/978/1173 2890/1002/1197 2889/1000/1195 2865/977/1171
f 2867/979/1174 2891/1003/1198 2890/1002/1197 2866/978/1173
f 2868/980/1175 2892/1004/1199 2891/1003/1198 2867/979/1174
f 2869/981/1176 2893/1005/1200 2892/1004/1199 2868/980/1175
f 2870/982/1177 2894/1006/1201 2893/1005/1200 2869/981/1176
f 2871/983/1178 2895/1007/1202 2894/1006/1201 2870/982/1177
f 2872/984/1179 2896/1008/1203 2895/1007/1202 2871/983/1178
f 2873/985/1180 2897/1009/1204 2896/1008/1203 2872/984/1179
f 2874/986/1181 2898/1010/1205 2897/1009/1204 2873/985/1180
f 2875/987/1182 2899/1011/1206 2898/1010/1205 2874/986/1181
f 2876/988/1183 2900/1012/1207 2899/1011/1206 2875/987/1182
f 2877/989/1184 2901/1013/1208 2900/1012/1207 2876/988/1183
f 2878/990/1185 2902/1014/1209 2901/1013/1208 2877/989/1184
f 2879/991/1186 2903/1015/1210 2902/1014/1209 2878/990/1185
f 2880/992/1187 2904/1016/1211 2903/1015/1210 2879/991/1186
f 2881/993/1188 2905/1017/1212 2904/1016/1211 2880/992/1187
f 2882/994/1189 2906/1018/1213 2905/1017/1212 2881/993/1188
f 2883/995/1190 2907/1019/1214 2906/1018/1213 2882/994/1189
f 2884/996/1191 2908/1020/1215 2907/1019/1214 2883/995/1190
f 2885/997/1192 2909/1021/1216 2908/1020/1215 2884/996/1191
f 2886/998/1193 2910/1022/1217 2909/1021/1216 2885/997/1192
f 2887/999/1194 2911/1023/1218 2910/1022/1217 2886/998/1193
f 2864/342/1172 2888/1024/1196 2911/1023/1218 2887/999/1194
f 2649/761/935 2648/763/938 2646/8/1
f 2647/7/4 2888/1001/1196 2889/1000/1195
f 2650/764/939 2649/761/935 2646/1025/1
f 2647/1026/4 2889/1000/1195 2890/1002/1197
f 2651/766/941 2650/764/939 2646/21/1
f 2647/22/4 2890/1002/1197 2891/1003/1198
f 2652/768/943 2651/766/941 2646/1027/1
f 2647/1028/4 2891/1003/1198 2892/1004/1199
f 2653/770/945 2652/768/943 2646/39/1
f 2647/40/4 2892/1004/1199 2893/1005/1200
f 2654/772/947 2653/770/945 2646/1029/1
f 2647/1030/4 2893/1005/1200 2894/1006/1201
f 2655/774/949 2654/772/947 2646/57/1
f 2647/58/4 2894/1006/1201 2895/1007/1202
f 2656/776/951 2655/774/949 2646/1031/1
f 2647/1032/4 2895/1007/1202 2896/1008/1203
f 2657/778/953 2656/776/951 2646/63/1
f 2647/64/4 2896/1008/1203 2897/1009/1204
f 2658/780/955 2657/778/953 2646/1033/1
f 2647/1034/4 2897/1009/1204 2898/1010/1205
f 2659/782/957 2658/780/955 2646/69/1
f 2647/70/4 2898/1010/1205 2899/1011/1206
f 2660/784/959 2659/782/957 2646/1035/1
f 2647/1036/4 2899/1011/1206 2900/1012/1207
f 2661/786/961 2660/784/959 2646/75/1
f 2647/56/4 2900/1012/1207 2901/1013/1208
f 2662/788/963 2661/786/961 2646/1037/1
f 2647/1038/4 2901/1013/1208 2902/1014/1209
f 2663/790/965 2662/788/963 2646/90/1
f 2647/91/4 2902/1014/1209 2903/1015/1210
f 2664/792/967 2663/790/965 2646/1039/1
f 2647/1040/4 2903/1015/1210 2904/1016/1211
f 2665/794/969 2664/792/967 2646/108/1
f 2647/109/4 2904/1016/1211 2905/1017/1212
f 2666/796/971 2665/794/969 2646/1041/1
f 2647/1042/4 2905/1017/1212 2906/1018/1213
f 2667/798/973 2666/796/971 2646/125/1
f 2647/126/4 2906/1018/1213 2907/1019/1214
f 2668/800/975 2667/798/973 2646/1043/1
f 2647/1044/4 2907/1019/1214 2908/1020/1215
f 2669/802/977 2668/800/975 2646/131/1
f 2647/132/4 2908/1020/1215 2909/1021/1216
f 2670/804/979 2669/802/977 2646/1045/1
f 2647/1046/4 2909/1021/1216 2910/1022/1217
f 2671/806/981 2670/804/979 2646/137/1
f 2647/138/4 2910/1022/1217 2911/1023/1218
f 2648/808/938 2671/806/981 2646/1047/1
f 2647/1048/4 2911/1023/1218 2888/1024/1196
f 2915/761/1219 2939/762/1220 2938/308/1221 2914/763/1207
f 2916/764/1222 2940/765/1181 2939/762/1220 2915/761/1219
f 2917/766/1223 2941/767/1224 2940/765/1181 2916/764/1222
f 2918/768/1203 2942/769/1225 2941/767/1224 2917/766/1223
f 2919/770/1202 2943/771/1226 2942/769/1225 2918/768/1203
f 2920/772/1227 2944/773/1228 2943/771/1226 2919/770/1202
f 2921/774/1200 2945/775/1176 2944/773/1228 2920/772/1227
f 2922/776/1199 2946/777/1229 2945/775/1176 2921/774/1200
f 2923/778/1230 2947/779/1231 2946/777/1229 2922/776/1199
f 2924/780/1197 2948/781/1232 2947/779/1231 2923/778/1230
f 2925/782/1233 2949/783/1234 2948/781/1232 2924/780/1197
f 2926/784/1196 2950/785/1235 2949/783/1234 2925/782/1233
f 2927/786/1236 2951/787/1237 2950/785/1235 2926/784/1196
f 2928/788/1217 2952/789/1238 2951/787/1237 2927/786/1236
f 2929/790/1239 2953/791/1240 2952/789/1238 2928/788/1217
f 2930/792/1215 2954/793/1191 2953/791/1240 2929/790/1239
f 2931/794/1241 2955/795/1242 2954/793/1191 2930/792/1215
f 2932/796/1213 2956/797/1243 2955/795/1242 2931/794/1241
f 2933/798/1244 2957/799/1245 2956/797/1243 2932/796/1213
f 2934/800/1246 2958/801/1247 2957/799/1245 2933/798/1244
f 2935/802/1248 2959/803/1249 2958/801/1247 2934/800/1246
f 2936/804/1209 2960/805/1185 2959/803/1249 2935/802/1248
f 2937/806/1250 2961/807/1251 2960/805/1185 2936/804/1209
f 2914/808/1207 2938/318/1221 2961/807/1251 2937/806/1250
f 2939/762/1220 2963/809/1252 2962/810/1159 2938/308/1221
f 2940/765/1181 2964/811/1157 2963/809/1252 2939/762/1220
f 2941/767/1224 2965/812/1156 2964/811/1157 2940/765/1181
f 2942/769/1225 2966/813/1155 2965/812/1156 2941/767/1224
f 2943/771/1226 2967/814/1253 2966/813/1155 2942/769/1225
f 2944/773/1228 2968/815/1153 2967/814/1253 2943/771/1226
f 2945/775/1176 2969/816/1254 2968/815/1153 2944/773/1228
f 2946/777/1229 2970/817/1255 2969/816/1254 2945/775/1176
f 2947/779/1231 2971/818/1150 2970/817/1255 2946/777/1229
f 2948/781/1232 2972/819/1149 2971/818/1150 2947/779/1231
f 2949/783/1234 2973/820/1256 2972/819/1149 2948/781/1232
f 2950/785/1235 2974/821/1148 2973/820/1256 2949/783/1234
f 2951/787/1237 2975/822/1257 2974/821/1148 2950/785/1235
f 2952/789/1238 2976/823/1169 2975/822/1257 2951/787/1237
f 2953/791/1240 2977/824/1168 2976/823/1169 2952/789/1238
f 2954/793/1191 2978/825/1258 2977/824/1168 2953/791/1240
f 2955/795/1242 2979/826/1259 2978/825/1258 2954/793/1191
f 2956/797/1243 2980/827/1165 2979/826/1259 2955/795/1242
f 2957/799/1245 2981/828/1164 2980/827/1165 2956/797/1243
f 2958/801/1247 2982/829/1260 2981/828/1164 2957/799/1245
f 2959/803/1249 2983/830/1162 2982/829/1260 2958/801/1247
f 2960/805/1185 2984/831/1261 2983/830/1162 2959/803/1249
f 2961/807/1251 2985/832/1262 2984/831/1261 2960/805/1185
f 2938/318/1221 2962/833/1159 2985/832/1262 2961/807/1251
f 2963/809/1252 2987/834/1134 2986/320/1135 2962/810/1159
f 2964/811/1157 2988/835/1133 2987/834/1134 2963/809/1252
f 2965/812/1156 2989/836/1132 2988/835/1133 2964/811/1157
f 2966/813/1155 2990/837/1263 2989/836/1132 2965/812/1156
f 2967/814/1253 2991/838/1130 2990/837/1263 2966/813/1155
f 2968/815/1153 2992/839/1129 2991/838/1130 2967/814/1253
f 2969/816/1254 2993/840/1128 2992/839/1129 2968/815/1153
f 2970/817/1255 2994/841/1127 2993/840/1128 2969/816/1254
f 2971/818/1150 2995/842/1264 2994/841/1127 2970/817/1255
f 2972/819/1149 2996/843/1125 2995/842/1264 2971/818/1150
f 2973/820/1256 2997/844/1123 2996/843/1125 2972/819/1149
f 2974/821/1148 2998/845/1124 2997/844/1123 2973/820/1256
f 2975/822/1257 2999/846/1146 2998/845/1124 2974/821/1148
f 2976/823/1169 3000/847/1145 2999/846/1146 2975/822/1257
f 2977/824/1168 3001/848/1144 3000/847/1145 2976/823/1169
f 2978/825/1258 3002/849/1143 3001/848/1144 2977/824/1168
f 2979/826/1259 3003/850/1265 3002/849/1143 2978/825/1258
f 2980/827/1165 3004/851/1266 3003/850/1265 2979/826/1259
f 2981/828/1164 3005/852/1267 3004/851/1266 2980/827/1165
f 2982/829/1260 3006/853/1139 3005/852/1267 2981/828/1164
f 2983/830/1162 3007/854/1138 3006/853/1139 2982/829/1260
f 2984/831/1261 3008/855/1268 3007/854/1138 2983/830/1162
f 2985/832/1262 3009/856/1136 3008/855/1268 2984/831/1261
f 2962/833/1159 2986/326/1135 3009/856/1136 2985/832/1262
f 2987/834/1134 3011/857/1098 3010/858/1100 2986/320/1135
f 2988/835/1133 3012/859/1096 3011/857/1098 2987/834/1134
f 2989/836/1132 3013/860/1269 3012/859/1096 2988/835/1133
f 2990/837/1263 3014/861/1270 3013/860/1269 2989/836/1132
f 2991/838/1130 3015/862/1271 3014/861/1270 2990/837/1263
f 2992/839/1129 3016/863/1089 3015/862/1271 2991/838/1130
f 2993/840/1128 3017/864/1272 3016/863/1089 2992/839/1129
f 2994/841/1127 3018/865/1273 3017/864/1272 2993/840/1128
f 2995/842/1264 3019/866/1274 3018/865/1273 2994/841/1127
f 2996/843/1125 3020/867/1275 3019/866/1274 2995/842/1264
f 2997/844/1123 3021/868/1079 3020/867/1275 2996/843/1125
f 2998/845/1124 3022/869/1080 3021/868/1079 2997/844/1123
f 2999/846/1146 3023/870/1122 3022/869/1080 2998/845/1124
f 3000/847/1145 3024/871/1120 3023/870/1122 2999/846/1146
f 3001/848/1144 3025/872/1276 3024/871/1120 3000/847/1145
f 3002/849/1143 3026/873/1116 3025/872/1276 3001/848/1144
f 3003/850/1265 3027/874/1114 3026/873/1116 3002/849/1143
f 3004/851/1266 3028/875/1112 3027/874/1114 3003/850/1265
f 3005/852/1267 3029/876/1110 3028/875/1112 3004/851/1266
f 3006/853/1139 3030/877/1108 3029/876/1110 3005/852/1267
f 3007/854/1138 3031/878/1277 3030/877/1108 3006/853/1139
f 3008/855/1268 3032/879/1278 3031/878/1277 3007/854/1138
f 3009/856/1136 3033/880/1102 3032/879/1278 3008/855/1268
f 2986/326/1135 3010/881/1100 3033/880/1102 3009/856/1136
f 3011/857/1098 3035/882/1279 3034/3/1280 3010/858/1100
f 3012/859/1096 3036/883/1281 3035/882/1279 3011/857/1098
f 3013/860/1269 3037/884/1093 3036/883/1281 3012/859/1096
f 3014/861/1270 3038/885/1091 3037/884/1093 3013/860/1269
f 3015/862/1271 3039/886/1061 3038/885/1091 3014/861/1270
f 3016/863/1089 3040/887/3 3039/886/1061 3015/862/1271
f 3017/864/1272 3041/888/1060 3040/887/3 3016/863/1089
f 3018/865/1273 3042/889/1086 3041/888/1060 3017/864/1272
f 3019/866/1274 3043/890/1084 3042/889/1086 3018/865/1273
f 3020/867/1275 3044/891/1082 3043/890/1084 3019/866/1274
f 3021/868/1079 3045/892/1282 3044/891/1082 3020/867/1275
f 3022/869/1080 3046/760/1283 3045/892/1282 3021/868/1079
f 3023/870/1122 3047/893/1284 3046/760/1283 3022/869/1080
f 3024/871/1120 3048/894/1285 3047/893/1284 3023/870/1122
f 3025/872/1276 3049/895/1117 3048/894/1285 3024/871/1120
f 3026/873/1116 3050/896/1286 3049/895/1117 3025/872/1276
f 3027/874/1114 3051/897/1113 3050/896/1286 3026/873/1116
f 3028/875/1112 3052/898/1111 3051/897/1113 3027/874/1114
f 3029/876/1110 3053/899/1109 3052/898/1111 3028/875/1112
f 3030/877/1108 3054/900/1107 3053/899/1109 3029/876/1110
f 3031/878/1277 3055/901/1105 3054/900/1107 3030/877/1108
f 3032/879/1278 3056/902/1103 3055/901/1105 3031/878/1277
f 3033/880/1102 3057/903/1287 3056/902/1103 3032/879/1278
f 3010/881/1100 3034/12/1280 3057/903/1287 3033/880/1102
f 3035/882/1288 3059/904/1042 3058/905/1043 3034/3/1289
f 3036/883/1290 3060/906/1291 3059/904/1042 3035/882/1288
f 3037/884/1063 3061/907/1040 3060/906/1291 3036/883/1290
f 3038/885/1292 3062/908/1293 3061/907/1040 3037/884/1063
f 3039/886/1061 3063/909/1294 3062/908/1293 3038/885/1292
f 3040/887/3 3064/910/1037 3063/909/1294 3039/886/1061
f 3041/888/1060 3065/911/1295 3064/910/1037 3040/887/3
f 3042/889/1296 3066/912/1297 3065/911/1295 3041/888/1060
f 3043/890/1298 3067/913/1034 3066/912/1297 3042/889/1296
f 3044/891/1299 3068/914/1300 3067/913/1034 3043/890/1298
f 3045/892/1301 3069/915/1031 3068/914/1300 3044/891/1299
f 3046/760/1302 3070/916/1032 3069/915/1031 3045/892/1301
f 3047/893/1303 3071/917/1054 3070/916/1032 3046/760/1302
f 3048/894/1076 3072/918/1304 3071/917/1054 3047/893/1303
f 3049/895/1075 3073/919/1305 3072/918/1304 3048/894/1076
f 3050/896/1306 3074/920/1051 3073/919/1305 3049/895/1075
f 3051/897/1073 3075/921/1307 3074/920/1051 3050/896/1306
f 3052/898/1308 3076/922/1049 3075/921/1307 3051/897/1073
f 3053/899/1309 3077/923/1310 3076/922/1049 3052/898/1308
f 3054/900/1311 3078/924/1047 3077/923/1310 3053/899/1309
f 3055/901/1312 3079/925/1313 3078/924/1047 3054/900/1311
f 3056/902/1314 3080/926/1045 3079/925/1313 3055/901/1312
f 3057/903/1315 3081/927/1044 3080/926/1045 3056/902/1314
f 3034/12/1289 3058/928/1043 3081/927/1044 3057/903/1315
f 3059/904/1042 3083/929/1018 3082/330/1019 3058/905/1043
f 3060/906/1291 3084/930/1017 3083/929/1018 3059/904/1042
f 3061/907/1040 3085/931/1016 3084/930/1017 3060/906/1291
f 3062/908/1293 3086/932/1015 3085/931/1016 3061/907/1040
f 3063/909/1294 3087/933/1014 3086/932/1015 3062/908/1293
f 3064/910/1037 3088/934/1013 3087/933/1014 3063/909/1294
f 3065/911/1295 3089/935/1316 3088/934/1013 3064/910/1037
f 3066/912/1297 3090/936/1317 3089/935/1316 3065/911/1295
f 3067/913/1034 3091/937/1010 3090/936/1317 3066/912/1297
f 3068/914/1300 3092/938/1009 3091/937/1010 3067/913/1034
f 3069/915/1031 3093/939/1007 3092/938/1009 3068/914/1300
f 3070/916/1032 3094/940/1008 3093/939/1007 3069/915/1031
f 3071/917/1054 3095/941/1030 3094/940/1008 3070/916/1032
f 3072/918/1304 3096/942/1029 3095/941/1030 3071/917/1054
f 3073/919/1305 3097/943/1028 3096/942/1029 3072/918/1304
f 3074/920/1051 3098/944/1027 3097/943/1028 3073/919/1305
f 3075/921/1307 3099/945/1026 3098/944/1027 3074/920/1051
f 3076/922/1049 3100/946/1025 3099/945/1026 3075/921/1307
f 3077/923/1310 3101/947/1024 3100/946/1025 3076/922/1049
f 3078/924/1047 3102/948/1023 3101/947/1024 3077/923/1310
f 3079/925/1313 3103/949/1022 3102/948/1023 3078/924/1047
f 3080/926/1045 3104/950/1318 3103/949/1022 3079/925/1313
f 3081/927/1044 3105/951/1020 3104/950/1318 3080/926/1045
f 3058/928/1043 3082/341/1019 3105/951/1020 3081/927/1044
f 3083/929/1018 3107/952/1319 3106/953/995 3082/330/1019
f 3084/930/1017 3108/954/1320 3107/952/1319 3083/929/1018
f 3085/931/1016 3109/955/992 3108/954/1320 3084/930/1017
f 3086/932/1015 3110/956/1321 3109/955/992 3085/931/1016
f 3087/933/1014 3111/957/1322 3110/956/1321 3086/932/1015
f 3088/934/1013 3112/958/989 3111/957/1322 3087/933/1014
f 3089/935/1316 3113/959/1323 3112/958/989 3088/934/1013
f 3090/936/1317 3114/960/987 3113/959/1323 3089/935/1316
f 3091/937/1010 3115/961/986 3114/960/987 3090/936/1317
f 3092/938/1009 3116/962/1324 3115/961/986 3091/937/1010
f 3093/939/1007 3117/963/1325 3116/962/1324 3092/938/1009
f 3094/940/1008 3118/964/984 3117/963/1325 3093/939/1007
f 3095/941/1030 3119/965/1326 3118/964/984 3094/940/1008
f 3096/942/1029 3120/966/1327 3119/965/1326 3095/941/1030
f 3097/943/1028 3121/967/1004 3120/966/1327 3096/942/1029
f 3098/944/1027 3122/968/1328 3121/967/1004 3097/943/1028
f 3099/945/1026 3123/969/1329 3122/968/1328 3098/944/1027
f 3100/946/1025 3124/970/1001 3123/969/1329 3099/945/1026
f 3101/947/1024 3125/971/1330 3124/970/1001 3100/946/1025
f 3102/948/1023 3126/972/1331 3125/971/1330 3101/947/1024
f 3103/949/1022 3127/973/998 3126/972/1331 3102/948/1023
f 3104/950/1318 3128/974/1332 3127/973/998 3103/949/1022
f 3105/951/1020 3129/975/1333 3128/974/1332 3104/950/1318
f 3082/341/1019 3106/976/995 3129/975/1333 3105/951/1020
f 3107/952/1319 3131/977/1334 3130/329/1335 3106/953/995
f 3108/954/1320 3132/978/1336 3131/977/1334 3107/952/1319
f 3109/955/992 3133/979/1337 3132/978/1336 3108/954/1320
f 3110/956/1321 3134/980/1338 3133/979/1337 3109/955/992
f 3111/957/1322 3135/981/1339 3134/980/1338 3110/956/1321
f 3112/958/989 3136/982/1340 3135/981/1339 3111/957/1322
f 3113/959/1323 3137/983/1341 3136/982/1340 3112/958/989
f 3114/960/987 3138/984/944 3137/983/1341 3113/959/1323
f 3115/961/986 3139/985/1342 3138/984/944 3114/960/987
f 3116/962/1324 3140/986/1343 3139/985/1342 3115/961/986
f 3117/963/1325 3141/987/1344 3140/986/1343 3116/962/1324
f 3118/964/984 3142/988/1345 3141/987/1344 3117/963/1325
f 3119/965/1326 3143/989/1346 3142/988/1345 3118/964/984
f 3120/966/1327 3144/990/1347 3143/989/1346 3119/965/1326
f 3121/967/1004 3145/991/1348 3144/990/1347 3120/966/1327
f 3122/968/1328 3146/992/976 3145/991/1348 3121/967/1004
f 3123/969/1329 3147/993/1349 3146/992/976 3122/968/1328
f 3124/970/1001 3148/994/1350 3147/993/1349 3123/969/1329
f 3125/971/1330 3149/995/1351 3148/994/1350 3124/970/1001
f 3126/972/1331 3150/996/1352 3149/995/1351 3125/971/1330
f 3127/973/998 3151/997/1353 3150/996/1352 3126/972/1331
f 3128/974/1332 3152/998/1354 3151/997/1353 3127/973/998
f 3129/975/1333 3153/999/1355 3152/998/1354 3128/974/1332
f 3106/976/995 3130/342/1335 3153/999/1355 3129/975/1333
f 3131/977/1334 3155/1000/957 3154/1001/959 3130/329/1335
f 3132/978/1336 3156/1002/1356 3155/1000/957 3131/977/1334
f 3133/979/1337 3157/1003/1357 3156/1002/1356 3132/978/1336
f 3134/980/1338 3158/1004/951 3157/1003/1357 3133/979/1337
f 3135/981/1339 3159/1005/1358 3158/1004/951 3134/980/1338
f 3136/982/1340 3160/1006/1359 3159/1005/1358 3135/981/1339
f 3137/983/1341 3161/1007/945 3160/1006/1359 3136/982/1340
f 3138/984/944 3162/1008/943 3161/1007/945 3137/983/1341
f 3139/985/1342 3163/1009/941 3162/1008/943 3138/984/944
f 3140/986/1343 3164/1010/1360 3163/1009/941 3139/985/1342
f 3141/987/1344 3165/1011/935 3164/1010/1360 3140/986/1343
f 3142/988/1345 3166/1012/1361 3165/1011/935 3141/987/1344
f 3143/989/1346 3167/1013/1362 3166/1012/1361 3142/988/1345
f 3144/990/1347 3168/1014/1363 3167/1013/1362 3143/989/1346
f 3145/991/1348 3169/1015/977 3168/1014/1363 3144/990/1347
f 3146/992/976 3170/1016/975 3169/1015/977 3145/991/1348
f 3147/993/1349 3171/1017/973 3170/1016/975 3146/992/976
f 3148/994/1350 3172/1018/1364 3171/1017/973 3147/993/1349
f 3149/995/1351 3173/1019/1365 3172/1018/1364 3148/994/1350
f 3150/996/1352 3174/1020/1366 3173/1019/1365 3149/995/1351
f 3151/997/1353 3175/1021/965 3174/1020/1366 3150/996/1352
f 3152/998/1354 3176/1022/963 3175/1021/965 3151/997/1353
f 3153/999/1355 3177/1023/1367 3176/1022/963 3152/998/1354
f 3130/342/1335 3154/1024/959 3177/1023/1367 3153/999/1355
f 2915/761/1219 2914/763/1207 2912/8/4
f 2913/7/1 3154/1001/959 3155/1000/957
f 2916/764/1222 2915/761/1219 2912/1025/4
f 2913/1026/1 3155/1000/957 3156/1002/1356
f 2917/766/1223 2916/764/1222 2912/21/4
f 2913/22/1 3156/1002/1356 3157/1003/1357
f 2918/768/1203 2917/766/1223 2912/1027/4
f 2913/1028/1 3157/1003/1357 3158/1004/951
f 2919/770/1202 2918/768/1203 2912/39/4
f 2913/40/1 3158/1004/951 3159/1005/1358
f 2920/772/1227 2919/770/1202 2912/1029/4
f 2913/1030/1 3159/1005/1358 3160/1006/1359
f 2921/774/1200 2920/772/1227 2912/57/4
f 2913/58/1 3160/1006/1359 3161/1007/945
f 2922/776/1199 2921/774/1200 2912/1031/4
f 2913/1032/1 3161/1007/945 3162/1008/943
f 2923/778/1230 2922/776/1199 2912/63/4
f 2913/64/1 3162/1008/943 3163/1009/941
f 2924/780/1197 2923/778/1230 2912/1033/4
f 2913/1034/1 3163/1009/941 3164/1010/1360
f 2925/782/1233 2924/780/1197 2912/69/4
f 2913/70/1 3164/1010/1360 3165/1011/935
f 2926/784/1196 2925/782/1233 2912/1035/4
f 2913/1036/1 3165/1011/935 3166/1012/1361
f 2927/786/1236 2926/784/1196 2912/75/4
f 2913/56/1 3166/1012/1361 3167/1013/1362
f 2928/788/1217 2927/786/1236 2912/1037/4
f 2913/1038/1 3167/1013/1362 3168/1014/1363
f 2929/790/1239 2928/788/1217 2912/90/4
f 2913/91/1 3168/1014/1363 3169/1015/977
f 2930/792/1215 2929/790/1239 2912/1039/4
f 2913/1040/1 3169/1015/977 3170/1016/975
f 2931/794/1241 2930/792/1215 2912/108/4
f 2913/109/1 3170/1016/975 3171/1017/973
f 2932/796/1213 2931/794/1241 2912/1041/4
f 2913/1042/1 3171/1017/973 3172/1018/1364
f 2933/798/1244 2932/796/1213 2912/125/4
f 2913/126/1 3172/1018/1364 3173/1019/1365
f 2934/800/1246 2933/798/1244 2912/1043/4
f 2913/1044/1 3173/1019/1365 3174/1020/1366
f 2935/802/1248 2934/800/1246 2912/131/4
f 2913/132/1 3174/1020/1366 3175/1021/965
f 2936/804/1209 2935/802/1248 2912/1045/4
f 2913/1046/1 3175/1021/965 3176/1022/963
f 2937/806/1250 2936/804/1209 2912/137/4
f 2913/138/1 3176/1022/963 3177/1023/1367
f 2914/808/1207 2937/806/1250 2912/1047/4
f 2913/1048/1 3177/1023/1367 3154/1024/959
f 3181/761/1368 3205/762/1369 3204/308/1370 3180/763/1371
f 3182/764/1372 3206/765/1373 3205/762/1369 3181/761/1368
f 3183/766/1374 3207/767/1375 3206/765/1373 3182/764/1372
f 3184/768/1376 3208/769/1377 3207/767/1375 3183/766/1374
f 3185/770/1378 3209/771/1379 3208/769/1377 3184/768/1376
f 3186/772/1380 3210/773/1381 3209/771/1379 3185/770/1378
f 3187/774/1382 3211/775/1383 3210/773/1381 3186/772/1380
f 3188/776/1384 3212/777/1385 3211/775/1383 3187/774/1382
f 3189/778/1386 3213/779/1387 3212/777/1385 3188/776/1384
f 3190/780/1388 3214/781/1389 3213/779/1387 3189/778/1386
f 3191/782/1390 3215/783/1391 3214/781/1389 3190/780/1388
f 3192/784/1392 3216/785/1393 3215/783/1391 3191/782/1390
f 3193/786/1394 3217/787/1395 3216/785/1393 3192/784/1392
f 3194/788/1396 3218/789/1397 3217/787/1395 3193/786/1394
f 3195/790/1398 3219/791/1399 3218/789/1397 3194/788/1396
f 3196/792/1400 3220/793/1401 3219/791/1399 3195/790/1398
f 3197/794/1402 3221/795/1403 3220/793/1401 3196/792/1400
f 3198/796/1404 3222/797/1405 3221/795/1403 3197/794/1402
f 3199/798/1406 3223/799/1407 3222/797/1405 3198/796/1404
f 3200/800/1408 3224/801/1409 3223/799/1407 3199/798/1406
f 3201/802/1410 3225/803/1411 3224/801/1409 3200/800/1408
f 3202/804/1412 3226/805/1413 3225/803/1411 3201/802/1410
f 3203/806/1414 3227/807/1415 3226/805/1413 3202/804/1412
f 3180/808/1371 3204/318/1370 3227/807/1415 3203/806/1414
f 3205/762/1369 3229/809/1416 3228/810/1417 3204/308/1370
f 3206/765/1373 3230/811/1418 3229/809/1416 3205/762/1369
f 3207/767/1375 3231/812/1419 3230/811/1418 3206/765/1373
f 3208/769/1377 3232/813/1420 3231/812/1419 3207/767/1375
f 3209/771/1379 3233/814/1421 3232/813/1420 3208/769/1377
f 3210/773/1381 3234/815/1422 3233/814/1421 3209/771/1379
f 3211/775/1383 3235/816/1423 3234/815/1422 3210/773/1381
f 3212/777/1385 3236/817/1424 3235/816/1423 3211/775/1383
f 3213/779/1387 3237/818/1425 3236/817/1424 3212/777/1385
f 3214/781/1389 3238/819/1426 3237/818/1425 3213/779/1387
f 3215/783/1391 3239/820/1427 3238/819/1426 3214/781/1389
f 3216/785/1393 3240/821/1428 3239/820/1427 3215/783/1391
f 3217/787/1395 3241/822/1429 3240/821/1428 3216/785/1393
f 3218/789/1397 3242/823/1430 3241/822/1429 3217/787/1395
f 3219/791/1399 3243/824/1431 3242/823/1430 3218/789/1397
f 3220/793/1401 3244/825/1432 3243/824/1431 3219/791/1399
f 3221/795/1403 3245/826/1433 3244/825/1432 3220/793/1401
f 3222/797/1405 3246/827/1434 3245/826/1433 3221/795/1403
f 3223/799/1407 3247/828/1435 3246/827/1434 3222/797/1405
f 3224/801/1409 3248/829/1436 3247/828/1435 3223/799/1407
f 3225/803/1411 3249/830/1437 3248/829/1436 3224/801/1409
f 3226/805/1413 3250/831/1438 3249/830/1437 3225/803/1411
f 3227/807/1415 3251/832/1439 3250/831/1438 3226/805/1413
f 3204/318/1370 3228/833/1417 3251/832/1439 3227/807/1415
f 3229/809/1416 3253/834/1440 3252/320/1441 3228/810/1417
f 3230/811/1418 3254/835/1442 3253/834/1440 3229/809/1416
f 3231/812/1419 3255/836/1443 3254/835/1442 3230/811/1418
f 3232/813/1420 3256/837/1444 3255/836/1443 3231/812/1419
f 3233/814/1421 3257/838/1445 3256/837/1444 3232/813/1420
f 3234/815/1422 3258/839/1446 3257/838/1445 3233/814/1421
f 3235/816/1423 3259/840/1447 3258/839/1446 3234/815/1422
f 3236/817/1424 3260/841/1448 3259/840/1447 3235/816/1423
f 3237/818/1425 3261/842/1449 3260/841/1448 3236/817/1424
f 3238/819/1426 3262/843/1450 3261/842/1449 3237/818/1425
f 3239/820/1427 3263/844/1451 3262/843/1450 3238/819/1426
f 3240/821/1428 3264/845/1452 3263/844/1451 3239/820/1427
f 3241/822/1429 3265/846/1453 3264/845/1452 3240/821/1428
f 3242/823/1430 3266/847/1454 3265/846/1453 3241/822/1429
f 3243/824/1431 3267/848/1455 3266/847/1454 3242/823/1430
f 3244/825/1432 3268/849/1456 3267/848/1455 3243/824/1431
f 3245/826/1433 3269/850/1457 3268/849/1456 3244/825/1432
f 3246/827/1434 3270/851/1458 3269/850/1457 3245/826/1433
f 3247/828/1435 3271/852/1459 3270/851/1458 3246/827/1434
f 3248/829/1436 3272/853/1460 3271/852/1459 3247/828/1435
f 3249/830/1437 3273/854/1461 3272/853/1460 3248/829/1436
f 3250/831/1438 3274/855/1462 3273/854/1461 3249/830/1437
f 3251/832/1439 3275/856/1463 3274/855/1462 3250/831/1438
f 3228/833/1417 3252/326/1441 3275/856/1463 3251/832/1439
f 3253/834/1440 3277/857/1464 3276/858/1465 3252/320/1441
f 3254/835/1442 3278/859/1466 3277/857/1464 3253/834/1440
f 3255/836/1443 3279/860/1467 3278/859/1466 3254/835/1442
f 3256/837/1444 3280/861/1468 3279/860/1467 3255/836/1443
f 3257/838/1445 3281/862/1469 3280/861/1468 3256/837/1444
f 3258/839/1446 3282/863/1470 3281/862/1469 3257/838/1445
f 3259/840/1447 3283/864/1471 3282/863/1470 3258/839/1446
f 3260/841/1448 3284/865/1472 3283/864/1471 3259/840/1447
f 3261/842/1449 3285/866/1473 3284/865/1472 3260/841/1448
f 3262/843/1450 3286/867/1474 3285/866/1473 3261/842/1449
f 3263/844/1451 3287/868/1475 3286/867/1474 3262/843/1450
f 3264/845/1452 3288/869/1476 3287/868/1475 3263/844/1451
f 3265/846/1453 3289/870/1477 3288/869/1476 3264/845/1452
f 3266/847/1454 3290/871/1478 3289/870/1477 3265/846/1453
f 3267/848/1455 3291/872/1479 3290/871/1478 3266/847/1454
f 3268/849/1456 3292/873/1480 3291/872/1479 3267/848/1455
f 3269/850/1457 3293/874/1481 3292/873/1480 3268/849/1456
f 3270/851/1458 3294/875/1482 3293/874/1481 3269/850/1457
f 3271/852/1459 3295/876/1483 3294/875/1482 3270/851/1458
f 3272/853/1460 3296/877/1484 3295/876/1483 3271/852/1459
f 3273/854/1461 3297/878/1485 3296/877/1484 3272/853/1460
f 3274/855/1462 3298/879/1486 3297/878/1485 3273/854/1461
f 3275/856/1463 3299/880/1487 3298/879/1486 3274/855/1462
f 3252/326/1441 3276/881/1465 3299/880/1487 3275/856/1463
f 3277/857/1464 3301/882/1488 3300/3/1489 3276/858/1465
f 3278/859/1466 3302/883/1490 3301/882/1488 3277/857/1464
f 3279/860/1467 3303/884/1491 3302/883/1490 3278/859/1466
f 3280/861/1468 3304/885/900 3303/884/1491 3279/860/1467
f 3281/862/1469 3305/886/1492 3304/885/900 3280/861/1468
f 3282/863/1470 3306/887/1493 3305/886/1492 3281/862/1469
f 3283/864/1471 3307/888/1494 3306/887/1493 3282/863/1470
f 3284/865/1472 3308/889/905 3307/888/1494 3283/864/1471
f 3285/866/1473 3309/890/1495 3308/889/905 3284/865/1472
f 3286/867/1474 3310/891/1496 3309/890/1495 3285/866/1473
f 3287/868/1475 3311/892/1497 3310/891/1496 3286/867/1474
f 3288/869/1476 3312/760/1498 3311/892/1497 3287/868/1475
f 3289/870/1477 3313/893/1499 3312/760/1498 3288/869/1476
f 3290/871/1478 3314/894/1500 3313/893/1499 3289/870/1477
f 3291/872/1479 3315/895/1501 3314/894/1500 3290/871/1478
f 3292/873/1480 3316/896/916 3315/895/1501 3291/872/1479
f 3293/874/1481 3317/897/1502 3316/896/916 3292/873/1480
f 3294/875/1482 3318/898/1503 3317/897/1502 3293/874/1481
f 3295/876/1483 3319/899/1504 3318/898/1503 3294/875/1482
f 3296/877/1484 3320/900/921 3319/899/1504 3295/876/1483
f 3297/878/1485 3321/901/1505 3320/900/921 3296/877/1484
f 3298/879/1486 3322/902/1506 3321/901/1505 3297/878/1485
f 3299/880/1487 3323/903/1507 3322/902/1506 3298/879/1486
f 3276/881/1465 3300/12/1489 3323/903/1507 3299/880/1487
f 3301/882/1508 3325/904/1509 3324/905/1510 3300/3/1511
f 3302/883/1512 3326/906/1513 3325/904/1509 3301/882/1508
f 3303/884/1491 3327/907/1514 3326/906/1513 3302/883/1512
f 3304/885/900 3328/908/1515 3327/907/1514 3303/884/1491
f 3305/886/1492 3329/909/1516 3328/908/1515 3304/885/900
f 3306/887/1517 3330/910/1518 3329/909/1516 3305/886/1492
f 3307/888/1494 3331/911/1519 3330/910/1518 3306/887/1517
f 3308/889/905 3332/912/1520 3331/911/1519 3307/888/1494
f 3309/890/1495 3333/913/1521 3332/912/1520 3308/889/905
f 3310/891/1522 3334/914/1523 3333/913/1521 3309/890/1495
f 3311/892/1524 3335/915/1525 3334/914/1523 3310/891/1522
f 3312/760/1526 3336/916/1527 3335/915/1525 3311/892/1524
f 3313/893/1528 3337/917/1529 3336/916/1527 3312/760/1526
f 3314/894/1530 3338/918/1531 3337/917/1529 3313/893/1528
f 3315/895/1532 3339/919/1533 3338/918/1531 3314/894/1530
f 3316/896/916 3340/920/1534 3339/919/1533 3315/895/1532
f 3317/897/1502 3341/921/1535 3340/920/1534 3316/896/916
f 3318/898/1536 3342/922/1537 3341/921/1535 3317/897/1502
f 3319/899/1504 3343/923/1538 3342/922/1537 3318/898/1536
f 3320/900/921 3344/924/1539 3343/923/1538 3319/899/1504
f 3321/901/1540 3345/925/1541 3344/924/1539 3320/900/921
f 3322/902/1542 3346/926/1543 3345/925/1541 3321/901/1540
f 3323/903/1544 3347/927/1545 3346/926/1543 3322/902/1542
f 3300/12/1511 3324/928/1510 3347/927/1545 3323/903/1544
f 3325/904/1509 3349/929/1546 3348/330/1547 3324/905/1510
f 3326/906/1513 3350/930/1548 3349/929/1546 3325/904/1509
f 3327/907/1514 3351/931/1549 3350/930/1548 3326/906/1513
f 3328/908/1515 3352/932/1550 3351/931/1549 3327/907/1514
f 3329/909/1516 3353/933/1551 3352/932/1550 3328/908/1515
f 3330/910/1518 3354/934/1552 3353/933/1551 3329/909/1516
f 3331/911/1519 3355/935/1553 3354/934/1552 3330/910/1518
f 3332/912/1520 3356/936/1554 3355/935/1553 3331/911/1519
f 3333/913/1521 3357/937/1555 3356/936/1554 3332/912/1520
f 3334/914/1523 3358/938/1556 3357/937/1555 3333/913/1521
f 3335/915/1525 3359/939/1557 3358/938/1556 3334/914/1523
f 3336/916/1527 3360/940/1558 3359/939/1557 3335/915/1525
f 3337/917/1529 3361/941/1559 3360/940/1558 3336/916/1527
f 3338/918/1531 3362/942/1560 3361/941/1559 3337/917/1529
f 3339/919/1533 3363/943/1561 3362/942/1560 3338/918/1531
f 3340/920/1534 3364/944/1562 3363/943/1561 3339/919/1533
f 3341/921/1535 3365/945/1563 3364/944/1562 3340/920/1534
f 3342/922/1537 3366/946/1564 3365/945/1563 3341/921/1535
f 3343/923/1538 3367/947/1565 3366/946/1564 3342/922/1537
f 3344/924/1539 3368/948/1566 3367/947/1565 3343/923/1538
f 3345/925/1541 3369/949/1567 3368/948/1566 3344/924/1539
f 3346/926/1543 3370/950/1568 3369/949/1567 3345/925/1541
f 3347/927/1545 3371/951/1569 3370/950/1568 3346/926/1543
f 3324/928/1510 3348/341/1547 3371/951/1569 3347/927/1545
f 3349/929/1546 3373/952/1570 3372/953/1571 3348/330/1547
f 3350/930/1548 3374/954/1572 3373/952/1570 3349/929/1546
f 3351/931/1549 3375/955/1573 3374/954/1572 3350/930/1548
f 3352/932/1550 3376/956/1574 3375/955/1573 3351/931/1549
f 3353/933/1551 3377/957/1575 3376/956/1574 3352/932/1550
f 3354/934/1552 3378/958/1576 3377/957/1575 3353/933/1551
f 3355/935/1553 3379/959/1577 3378/958/1576 3354/934/1552
f 3356/936/1554 3380/960/1578 3379/959/1577 3355/935/1553
f 3357/937/1555 3381/961/1579 3380/960/1578 3356/936/1554
f 3358/938/1556 3382/962/1580 3381/961/1579 3357/937/1555
f 3359/939/1557 3383/963/1581 3382/962/1580 3358/938/1556
f 3360/940/1558 3384/964/1582 3383/963/1581 3359/939/1557
f 3361/941/1559 3385/965/1583 3384/964/1582 3360/940/1558
f 3362/942/1560 3386/966/1584 3385/965/1583 3361/941/1559
f 3363/943/1561 3387/967/1585 3386/966/1584 3362/942/1560
f 3364/944/1562 3388/968/1586 3387/967/1585 3363/943/1561
f 3365/945/1563 3389/969/1587 3388/968/1586 3364/944/1562
f 3366/946/1564 3390/970/1588 3389/969/1587 3365/945/1563
f 3367/947/1565 3391/971/1589 3390/970/1588 3366/946/1564
f 3368/948/1566 3392/972/1590 3391/971/1589 3367/947/1565
f 3369/949/1567 3393/973/1591 3392/972/1590 3368/948/1566
f 3370/950/1568 3394/974/1592 3393/973/1591 3369/949/1567
f 3371/951/1569 3395/975/1593 3394/974/1592 3370/950/1568
f 3348/341/1547 3372/976/1571 3395/975/1593 3371/951/1569
f 3373/952/1570 3397/977/1594 3396/329/1595 3372/953/1571
f 3374/954/1572 3398/978/1596 3397/977/1594 3373/952/1570
f 3375/955/1573 3399/979/1597 3398/978/1596 3374/954/1572
f 3376/956/1574 3400/980/1598 3399/979/1597 3375/955/1573
f 3377/957/1575 3401/981/1599 3400/980/1598 3376/956/1574
f 3378/958/1576 3402/982/1600 3401/981/1599 3377/957/1575
f 3379/959/1577 3403/983/1601 3402/982/1600 3378/958/1576
f 3380/960/1578 3404/984/1602 3403/983/1601 3379/959/1577
f 3381/961/1579 3405/985/1603 3404/984/1602 3380/960/1578
f 3382/962/1580 3406/986/1604 3405/985/1603 3381/961/1579
f 3383/963/1581 3407/987/1605 3406/986/1604 3382/962/1580
f 3384/964/1582 3408/988/1606 3407/987/1605 3383/963/1581
f 3385/965/1583 3409/989/1607 3408/988/1606 3384/964/1582
f 3386/966/1584 3410/990/1608 3409/989/1607 3385/965/1583
f 3387/967/1585 3411/991/1609 3410/990/1608 3386/966/1584
f 3388/968/1586 3412/992/1610 3411/991/1609 3387/967/1585
f 3389/969/1587 3413/993/1611 3412/992/1610 3388/968/1586
f 3390/970/1588 3414/994/1612 3413/993/1611 3389/969/1587
f 3391/971/1589 3415/995/1613 3414/994/1612 3390/970/1588
f 3392/972/1590 3416/996/1614 3415/995/1613 3391/971/1589
f 3393/973/1591 3417/997/1615 3416/996/1614 3392/972/1590
f 3394/974/1592 3418/998/1616 3417/997/1615 3393/973/1591
f 3395/975/1593 3419/999/1617 3418/998/1616 3394/974/1592
f 3372/976/1571 3396/342/1595 3419/999/1617 3395/975/1593
f 3397/977/1594 3421/1000/1618 3420/1001/1619 3396/329/1595
f 3398/978/1596 3422/1002/1620 3421/1000/1618 3397/977/1594
f 3399/979/1597 3423/1003/1621 3422/1002/1620 3398/978/1596
f 3400/980/1598 3424/1004/1622 3423/1003/1621 3399/979/1597
f 3401/981/1599 3425/1005/1623 3424/1004/1622 3400/980/1598
f 3402/982/1600 3426/1006/1624 3425/1005/1623 3401/981/1599
f 3403/983/1601 3427/1007/1625 3426/1006/1624 3402/982/1600
f 3404/984/1602 3428/1008/1626 3427/1007/1625 3403/983/1601
f 3405/985/1603 3429/1009/1627 3428/1008/1626 3404/984/1602
f 3406/986/1604 3430/1010/1628 3429/1009/1627 3405/985/1603
f 3407/987/1605 3431/1011/1629 3430/1010/1628 3406/986/1604
f 3408/988/1606 3432/1012/1630 3431/1011/1629 3407/987/1605
f 3409/989/1607 3433/1013/1631 3432/1012/1630 3408/988/1606
f 3410/990/1608 3434/1014/1632 3433/1013/1631 3409/989/1607
f 3411/991/1609 3435/1015/1633 3434/1014/1632 3410/990/1608
f 3412/992/1610 3436/1016/1634 3435/1015/1633 3411/991/1609
f 3413/993/1611 3437/1017/1635 3436/1016/1634 3412/992/1610
f 3414/994/1612 3438/1018/1636 3437/1017/1635 3413/993/1611
f 3415/995/1613 3439/1019/1637 3438/1018/1636 3414/994/1612
f 3416/996/1614 3440/1020/1638 3439/1019/1637 3415/995/1613
f 3417/997/1615 3441/1021/1639 3440/1020/1638 3416/996/1614
f 3418/998/1616 3442/1022/1640 3441/1021/1639 3417/997/1615
f 3419/999/1617 3443/1023/1641 3442/1022/1640 3418/998/1616
f 3396/342/1595 3420/1024/1619 3443/1023/1641 3419/999/1617
f 3181/761/1368 3180/763/1371 3178/8/6
f 3179/7/3 3420/1001/1619 3421/1000/1618
f 3182/764/1372 3181/761/1368 3178/1025/6
f 3179/1026/3 3421/1000/1618 3422/1002/1620
f 3183/766/1374 3182/764/1372 3178/21/6
f 3179/22/3 3422/1002/1620 3423/1003/1621
f 3184/768/1376 3183/766/1374 3178/1027/6
f 3179/1028/3 3423/1003/1621 3424/1004/1622
f 3185/770/1378 3184/768/1376 3178/39/6
f 3179/40/3 3424/1004/1622 3425/1005/1623
f 3186/772/1380 3185/770/1378 3178/1029/6
f 3179/1030/3 3425/1005/1623 3426/1006/1624
f 3187/774/1382 3186/772/1380 3178/57/6
f 3179/58/3 3426/1006/1624 3427/1007/1625
f 3188/776/1384 3187/774/1382 3178/1031/6
f 3179/1032/3 3427/1007/1625 3428/1008/1626
f 3189/778/1386 3188/776/1384 3178/63/6
f 3179/64/3 3428/1008/1626 3429/1009/1627
f 3190/780/1388 3189/778/1386 3178/1033/6
f 3179/1034/3 3429/1009/1627 3430/1010/1628
f 3191/782/1390 3190/780/1388 3178/69/6
f 3179/70/3 3430/1010/1628 3431/1011/1629
f 3192/784/1392 3191/782/1390 3178/1035/6
f 3179/1036/3 3431/1011/1629 3432/1012/1630
f 3193/786/1394 3192/784/1392 3178/75/6
f 3179/56/3 3432/1012/1630 3433/1013/1631
f 3194/788/1396 3193/786/1394 3178/1037/6
f 3179/1038/3 3433/1013/1631 3434/1014/1632
f 3195/790/1398 3194/788/1396 3178/90/6
f 3179/91/3 3434/1014/1632 3435/1015/1633
f 3196/792/1400 3195/790/1398 3178/1039/6
f 3179/1040/3 3435/1015/1633 3436/1016/1634
f 3197/794/1402 3196/792/1400 3178/108/6
f 3179/109/3 3436/1016/1634 3437/1017/1635
f 3198/796/1404 3197/794/1402 3178/1041/6
f 3179/1042/3 3437/1017/1635 3438/1018/1636
f 3199/798/1406 3198/796/1404 3178/125/6
f 3179/126/3 3438/1018/1636 3439/1019/1637
f 3200/800/1408 3199/798/1406 3178/1043/6
f 3179/1044/3 3439/1019/1637 3440/1020/1638
f 3201/802/1410 3200/800/1408 3178/131/6
f 3179/132/3 3440/1020/1638 3441/1021/1639
f 3202/804/1412 3201/802/1410 3178/1045/6
f 3179/1046/3 3441/1021/1639 3442/1022/1640
f 3203/806/1414 3202/804/1412 3178/137/6
f 3179/138/3 3442/1022/1640 3443/1023/1641
f 3180/808/1371 3203/806/1414 3178/1047/6
f 3179/1048/3 3443/1023/1641 3420/1024/1619
f 3447/761/1368 3471/762/1642 3470/308/1370 3446/763/1371
f 3448/764/1372 3472/765/1373 3471/762/1642 3447/761/1368
f 3449/766/1374 3473/767/1375 3472/765/1373 3448/764/1372
f 3450/768/1376 3474/769/1377 3473/767/1375 3449/766/1374
f 3451/770/1378 3475/771/1379 3474/769/1377 3450/768/1376
f 3452/772/1380 3476/773/1381 3475/771/1379 3451/770/1378
f 3453/774/1643 3477/775/1644 3476/773/1381 3452/772/1380
f 3454/776/1384 3478/777/1385 3477/775/1644 3453/774/1643
f 3455/778/1386 3479/779/1387 3478/777/1385 3454/776/1384
f 3456/780/1388 3480/781/1389 3479/779/1387 3455/778/1386
f 3457/782/1645 3481/783/1391 3480/781/1389 3456/780/1388
f 3458/784/1646 3482/785/1393 3481/783/1391 3457/782/1645
f 3459/786/1394 3483/787/1647 3482/785/1393 3458/784/1646
f 3460/788/1396 3484/789/1397 3483/787/1647 3459/786/1394
f 3461/790/1398 3485/791/1399 3484/789/1397 3460/788/1396
f 3462/792/1400 3486/793/1648 3485/791/1399 3461/790/1398
f 3463/794/1402 3487/795/1403 3486/793/1648 3462/792/1400
f 3464/796/1404 3488/797/1405 3487/795/1403 3463/794/1402
f 3465/798/1649 3489/799/1650 3488/797/1405 3464/796/1404
f 3466/800/1408 3490/801/1409 3489/799/1650 3465/798/1649
f 3467/802/1410 3491/803/1411 3490/801/1409 3466/800/1408
f 3468/804/1412 3492/805/1413 3491/803/1411 3467/802/1410
f 3469/806/1651 3493/807/1415 3492/805/1413 3468/804/1412
f 3446/808/1371 3470/318/1370 3493/807/1415 3469/806/1651
f 3471/762/1642 3495/809/1416 3494/810/1417 3470/308/1370
f 3472/765/1373 3496/811/1418 3495/809/1416 3471/762/1642
f 3473/767/1375 3497/812/1419 3496/811/1418 3472/765/1373
f 3474/769/1377 3498/813/1420 3497/812/1419 3473/767/1375
f 3475/771/1379 3499/814/1421 3498/813/1420 3474/769/1377
f 3476/773/1381 3500/815/1422 3499/814/1421 3475/771/1379
f 3477/775/1644 3501/816/1423 3500/815/1422 3476/773/1381
f 3478/777/1385 3502/817/1424 3501/816/1423 3477/775/1644
f 3479/779/1387 3503/818/1425 3502/817/1424 3478/777/1385
f 3480/781/1389 3504/819/1426 3503/818/1425 3479/779/1387
f 3481/783/1391 3505/820/1427 3504/819/1426 3480/781/1389
f 3482/785/1393 3506/821/1428 3505/820/1427 3481/783/1391
f 3483/787/1647 3507/822/1429 3506/821/1428 3482/785/1393
f 3484/789/1397 3508/823/1430 3507/822/1429 3483/787/1647
f 3485/791/1399 3509/824/1431 3508/823/1430 3484/789/1397
f 3486/793/1648 3510/825/1432 3509/824/1431 3485/791/1399
f 3487/795/1403 3511/826/1433 3510/825/1432 3486/793/1648
f 3488/797/1405 3512/827/1434 3511/826/1433 3487/795/1403
f 3489/799/1650 3513/828/1435 3512/827/1434 3488/797/1405
f 3490/801/1409 3514/829/1436 3513/828/1435 3489/799/1650
f 3491/803/1411 3515/830/1437 3514/829/1436 3490/801/1409
f 3492/805/1413 3516/831/1438 3515/830/1437 3491/803/1411
f 3493/807/1415 3517/832/1439 3516/831/1438 3492/805/1413
f 3470/318/1370 3494/833/1417 3517/832/1439 3493/807/1415
f 3495/809/1416 3519/834/1440 3518/320/1441 3494/810/1417
f 3496/811/1418 3520/835/1442 3519/834/1440 3495/809/1416
f 3497/812/1419 3521/836/1443 3520/835/1442 3496/811/1418
f 3498/813/1420 3522/837/1444 3521/836/1443 3497/812/1419
f 3499/814/1421 3523/838/1445 3522/837/1444 3498/813/1420
f 3500/815/1422 3524/839/1446 3523/838/1445 3499/814/1421
f 3501/816/1423 3525/840/1652 3524/839/1446 3500/815/1422
f 3502/817/1424 3526/841/1448 3525/840/1652 3501/816/1423
f 3503/818/1425 3527/842/1449 3526/841/1448 3502/817/1424
f 3504/819/1426 3528/843/1450 3527/842/1449 3503/818/1425
f 3505/820/1427 3529/844/1451 3528/843/1450 3504/819/1426
f 3506/821/1428 3530/845/1452 3529/844/1451 3505/820/1427
f 3507/822/1429 3531/846/1653 3530/845/1452 3506/821/1428
f 3508/823/1430 3532/847/1454 3531/846/1653 3507/822/1429
f 3509/824/1431 3533/848/1654 3532/847/1454 3508/823/1430
f 3510/825/1432 3534/849/1456 3533/848/1654 3509/824/1431
f 3511/826/1433 3535/850/1655 3534/849/1456 3510/825/1432
f 3512/827/1434 3536/851/1458 3535/850/1655 3511/826/1433
f 3513/828/1435 3537/852/1656 3536/851/1458 3512/827/1434
f 3514/829/1436 3538/853/1460 3537/852/1656 3513/828/1435
f 3515/830/1437 3539/854/1657 3538/853/1460 3514/829/1436
f 3516/831/1438 3540/855/1462 3539/854/1657 3515/830/1437
f 3517/832/1439 3541/856/1463 3540/855/1462 3516/831/1438
f 3494/833/1417 3518/326/1441 3541/856/1463 3517/832/1439
f 3519/834/1440 3543/857/1464 3542/858/1465 3518/320/1441
f 3520/835/1442 3544/859/1466 3543/857/1464 3519/834/1440
f 3521/836/1443 3545/860/1467 3544/859/1466 3520/835/1442
f 3522/837/1444 3546/861/1658 3545/860/1467 3521/836/1443
f 3523/838/1445 3547/862/1469 3546/861/1658 3522/837/1444
f 3524/839/1446 3548/863/1470 3547/862/1469 3523/838/1445
f 3525/840/1652 3549/864/1471 3548/863/1470 3524/839/1446
f 3526/841/1448 3550/865/1472 3549/864/1471 3525/840/1652
f 3527/842/1449 3551/866/1473 3550/865/1472 3526/841/1448
f 3528/843/1450 3552/867/1474 3551/866/1473 3527/842/1449
f 3529/844/1451 3553/868/1475 3552/867/1474 3528/843/1450
f 3530/845/1452 3554/869/1476 3553/868/1475 3529/844/1451
f 3531/846/1653 3555/870/1477 3554/869/1476 3530/845/1452
f 3532/847/1454 3556/871/1478 3555/870/1477 3531/846/1653
f 3533/848/1654 3557/872/1659 3556/871/1478 3532/847/1454
f 3534/849/1456 3558/873/1480 3557/872/1659 3533/848/1654
f 3535/850/1655 3559/874/1481 3558/873/1480 3534/849/1456
f 3536/851/1458 3560/875/1482 3559/874/1481 3535/850/1655
f 3537/852/1656 3561/876/1483 3560/875/1482 3536/851/1458
f 3538/853/1460 3562/877/1484 3561/876/1483 3537/852/1656
f 3539/854/1657 3563/878/1485 3562/877/1484 3538/853/1460
f 3540/855/1462 3564/879/1486 3563/878/1485 3539/854/1657
f 3541/856/1463 3565/880/1487 3564/879/1486 3540/855/1462
f 3518/326/1441 3542/881/1465 3565/880/1487 3541/856/1463
f 3543/857/1464 3567/882/1488 3566/3/1489 3542/858/1465
f 3544/859/1466 3568/883/1490 3567/882/1488 3543/857/1464
f 3545/860/1467 3569/884/1660 3568/883/1490 3544/859/1466
f 3546/861/1658 3570/885/1661 3569/884/1660 3545/860/1467
f 3547/862/1469 3571/886/1662 3570/885/1661 3546/861/1658
f 3548/863/1470 3572/887/1493 3571/886/1662 3547/862/1469
f 3549/864/1471 3573/888/1663 3572/887/1493 3548/863/1470
f 3550/865/1472 3574/889/1664 3573/888/1663 3549/864/1471
f 3551/866/1473 3575/890/1665 3574/889/1664 3550/865/1472
f 3552/867/1474 3576/891/1666 3575/890/1665 3551/866/1473
f 3553/868/1475 3577/892/1497 3576/891/1666 3552/867/1474
f 3554/869/1476 3578/760/1498 3577/892/1497 3553/868/1475
f 3555/870/1477 3579/893/1499 3578/760/1498 3554/869/1476
f 3556/871/1478 3580/894/1667 3579/893/1499 3555/870/1477
f 3557/872/1659 3581/895/1501 3580/894/1667 3556/871/1478
f 3558/873/1480 3582/896/916 3581/895/1501 3557/872/1659
f 3559/874/1481 3583/897/1502 3582/896/916 3558/873/1480
f 3560/875/1482 3584/898/1 3583/897/1502 3559/874/1481
f 3561/876/1483 3585/899/1504 3584/898/1 3560/875/1482
f 3562/877/1484 3586/900/921 3585/899/1504 3561/876/1483
f 3563/878/1485 3587/901/1505 3586/900/921 3562/877/1484
f 3564/879/1486 3588/902/1668 3587/901/1505 3563/878/1485
f 3565/880/1487 3589/903/1507 3588/902/1668 3564/879/1486
f 3542/881/1465 3566/12/1489 3589/903/1507 3565/880/1487
f 3567/882/1669 3591/904/1509 3590/905/1510 3566/3/1511
f 3568/883/1670 3592/906/1513 3591/904/1509 3567/882/1669
f 3569/884/1671 3593/907/1514 3592/906/1513 3568/883/1670
f 3570/885/1672 3594/908/1515 3593/907/1514 3569/884/1671
f 3571/886/1673 3595/909/1516 3594/908/1515 3570/885/1672
f 3572/887/1517 3596/910/1518 3595/909/1516 3571/886/1673
f 3573/888/1674 3597/911/1675 3596/910/1518 3572/887/1517
f 3574/889/1676 3598/912/1520 3597/911/1675 3573/888/1674
f 3575/890/1677 3599/913/1521 3598/912/1520 3574/889/1676
f 3576/891/1678 3600/914/1523 3599/913/1521 3575/890/1677
f 3577/892/1679 3601/915/1525 3600/914/1523 3576/891/1678
f 3578/760/1526 3602/916/1527 3601/915/1525 3577/892/1679
f 3579/893/1528 3603/917/1529 3602/916/1527 3578/760/1526
f 3580/894/1680 3604/918/1681 3603/917/1529 3579/893/1528
f 3581/895/1682 3605/919/1533 3604/918/1681 3580/894/1680
f 3582/896/916 3606/920/1683 3605/919/1533 3581/895/1682
f 3583/897/1502 3607/921/1684 3606/920/1683 3582/896/916
f 3584/898/1 3608/922/1685 3607/921/1684 3583/897/1502
f 3585/899/1504 3609/923/1686 3608/922/1685 3584/898/1
f 3586/900/921 3610/924/1687 3609/923/1686 3585/899/1504
f 3587/901/1688 3611/925/1541 3610/924/1687 3586/900/921
f 3588/902/1689 3612/926/1543 3611/925/1541 3587/901/1688
f 3589/903/1690 3613/927/1545 3612/926/1543 3588/902/1689
f 3566/12/1511 3590/928/1510 3613/927/1545 3589/903/1690
f 3591/904/1509 3615/929/1691 3614/330/1547 3590/905/1510
f 3592/906/1513 3616/930/1548 3615/929/1691 3591/904/1509
f 3593/907/1514 3617/931/1692 3616/930/1548 3592/906/1513
f 3594/908/1515 3618/932/1550 3617/931/1692 3593/907/1514
f 3595/909/1516 3619/933/1693 3618/932/1550 3594/908/1515
f 3596/910/1518 3620/934/1552 3619/933/1693 3595/909/1516
f 3597/911/1675 3621/935/1694 3620/934/1552 3596/910/1518
f 3598/912/1520 3622/936/1554 3621/935/1694 3597/911/1675
f 3599/913/1521 3623/937/1695 3622/936/1554 3598/912/1520
f 3600/914/1523 3624/938/1556 3623/937/1695 3599/913/1521
f 3601/915/1525 3625/939/1557 3624/938/1556 3600/914/1523
f 3602/916/1527 3626/940/1558 3625/939/1557 3601/915/1525
f 3603/917/1529 3627/941/1696 3626/940/1558 3602/916/1527
f 3604/918/1681 3628/942/1560 3627/941/1696 3603/917/1529
f 3605/919/1533 3629/943/1697 3628/942/1560 3604/918/1681
f 3606/920/1683 3630/944/1562 3629/943/1697 3605/919/1533
f 3607/921/1684 3631/945/1698 3630/944/1562 3606/920/1683
f 3608/922/1685 3632/946/1564 3631/945/1698 3607/921/1684
f 3609/923/1686 3633/947/1699 3632/946/1564 3608/922/1685
f 3610/924/1687 3634/948/1566 3633/947/1699 3609/923/1686
f 3611/925/1541 3635/949/1700 3634/948/1566 3610/924/1687
f 3612/926/1543 3636/950/1568 3635/949/1700 3611/925/1541
f 3613/927/1545 3637/951/1569 3636/950/1568 3612/926/1543
f 3590/928/1510 3614/341/1547 3637/951/1569 3613/927/1545
f 3615/929/1691 3639/952/1570 3638/953/1571 3614/330/1547
f 3616/930/1548 3640/954/1572 3639/952/1570 3615/929/1691
f 3617/931/1692 3641/955/1573 3640/954/1572 3616/930/1548
f 3618/932/1550 3642/956/1574 3641/955/1573 3617/931/1692
f 3619/933/1693 3643/957/1575 3642/956/1574 3618/932/1550
f 3620/934/1552 3644/958/1576 3643/957/1575 3619/933/1693
f 3621/935/1694 3645/959/1577 3644/958/1576 3620/934/1552
f 3622/936/1554 3646/960/1578 3645/959/1577 3621/935/1694
f 3623/937/1695 3647/961/1579 3646/960/1578 3622/936/1554
f 3624/938/1556 3648/962/1701 3647/961/1579 3623/937/1695
f 3625/939/1557 3649/963/1581 3648/962/1701 3624/938/1556
f 3626/940/1558 3650/964/1582 3649/963/1581 3625/939/1557
f 3627/941/1696 3651/965/1583 3650/964/1582 3626/940/1558
f 3628/942/1560 3652/966/1584 3651/965/1583 3627/941/1696
f 3629/943/1697 3653/967/1585 3652/966/1584 3628/942/1560
f 3630/944/1562 3654/968/1586 3653/967/1585 3629/943/1697
f 3631/945/1698 3655/969/1587 3654/968/1586 3630/944/1562
f 3632/946/1564 3656/970/1588 3655/969/1587 3631/945/1698
f 3633/947/1699 3657/971/1589 3656/970/1588 3632/946/1564
f 3634/948/1566 3658/972/1590 3657/971/1589 3633/947/1699
f 3635/949/1700 3659/973/1591 3658/972/1590 3634/948/1566
f 3636/950/1568 3660/974/1592 3659/973/1591 3635/949/1700
f 3637/951/1569 3661/975/1593 3660/974/1592 3636/950/1568
f 3614/341/1547 3638/976/1571 3661/975/1593 3637/951/1569
f 3639/952/1570 3663/977/1702 3662/329/1595 3638/953/1571
f 3640/954/1572 3664/978/1596 3663/977/1702 3639/952/1570
f 3641/955/1573 3665/979/1597 3664/978/1596 3640/954/1572
f 3642/956/1574 3666/980/1598 3665/979/1597 3641/955/1573
f 3643/957/1575 3667/981/1599 3666/980/1598 3642/956/1574
f 3644/958/1576 3668/982/1600 3667/981/1599 3643/957/1575
f 3645/959/1577 3669/983/1703 3668/982/1600 3644/958/1576
f 3646/960/1578 3670/984/1602 3669/983/1703 3645/959/1577
f 3647/961/1579 3671/985/1603 3670/984/1602 3646/960/1578
f 3648/962/1701 3672/986/1604 3671/985/1603 3647/961/1579
f 3649/963/1581 3673/987/1605 3672/986/1604 3648/962/1701
f 3650/964/1582 3674/988/1704 3673/987/1605 3649/963/1581
f 3651/965/1583 3675/989/1607 3674/988/1704 3650/964/1582
f 3652/966/1584 3676/990/1608 3675/989/1607 3651/965/1583
f 3653/967/1585 3677/991/1609 3676/990/1608 3652/966/1584
f 3654/968/1586 3678/992/1610 3677/991/1609 3653/967/1585
f 3655/969/1587 3679/993/1705 3678/992/1610 3654/968/1586
f 3656/970/1588 3680/994/1612 3679/993/1705 3655/969/1587
f 3657/971/1589 3681/995/1706 3680/994/1612 3656/970/1588
f 3658/972/1590 3682/996/1614 3681/995/1706 3657/971/1589
f 3659/973/1591 3683/997/1615 3682/996/1614 3658/972/1590
f 3660/974/1592 3684/998/1616 3683/997/1615 3659/973/1591
f 3661/975/1593 3685/999/1617 3684/998/1616 3660/974/1592
f 3638/976/1571 3662/342/1595 3685/999/1617 3661/975/1593
f 3663/977/1702 3687/1000/1618 3686/1001/1619 3662/329/1595
f 3664/978/1596 3688/1002/1620 3687/1000/1618 3663/977/1702
f 3665/979/1597 3689/1003/1707 3688/1002/1620 3664/978/1596
f 3666/980/1598 3690/1004/1622 3689/1003/1707 3665/979/1597
f 3667/981/1599 3691/1005/1623 3690/1004/1622 3666/980/1598
f 3668/982/1600 3692/1006/1624 3691/1005/1623 3667/981/1599
f 3669/983/1703 3693/1007/1708 3692/1006/1624 3668/982/1600
f 3670/984/1602 3694/1008/1626 3693/1007/1708 3669/983/1703
f 3671/985/1603 3695/1009/1627 3694/1008/1626 3670/984/1602
f 3672/986/1604 3696/1010/1628 3695/1009/1627 3671/985/1603
f 3673/987/1605 3697/1011/1629 3696/1010/1628 3672/986/1604
f 3674/988/1704 3698/1012/1630 3697/1011/1629 3673/987/1605
f 3675/989/1607 3699/1013/1709 3698/1012/1630 3674/988/1704
f 3676/990/1608 3700/1014/1632 3699/1013/1709 3675/989/1607
f 3677/991/1609 3701/1015/1633 3700/1014/1632 3676/990/1608
f 3678/992/1610 3702/1016/1634 3701/1015/1633 3677/991/1609
f 3679/993/1705 3703/1017/1710 3702/1016/1634 3678/992/1610
f 3680/994/1612 3704/1018/1636 3703/1017/1710 3679/993/1705
f 3681/995/1706 3705/1019/1637 3704/1018/1636 3680/994/1612
f 3682/996/1614 3706/1020/1638 3705/1019/1637 3681/995/1706
f 3683/997/1615 3707/1021/1639 3706/1020/1638 3682/996/1614
f 3684/998/1616 3708/1022/1640 3707/1021/1639 3683/997/1615
f 3685/999/1617 3709/1023/1711 3708/1022/1640 3684/998/1616
f 3662/342/1595 3686/1024/1619 3709/1023/1711 3685/999/1617
f 3447/761/1368 3446/763/1371 3444/8/6
f 3445/7/3 3686/1001/1619 3687/1000/1618
f 3448/764/1372 3447/761/1368 3444/1025/6
f 3445/1026/3 3687/1000/1618 3688/1002/1620
f 3449/766/1374 3448/764/1372 3444/21/6
f 3445/22/3 3688/1002/1620 3689/1003/1707
f 3450/768/1376 3449/766/1374 3444/1027/6
f 3445/1028/3 3689/1003/1707 3690/1004/1622
f 3451/770/1378 3450/768/1376 3444/39/6
f 3445/40/3 3690/1004/1622 3691/1005/1623
f 3452/772/1380 3451/770/1378 3444/1029/6
f 3445/1030/3 3691/1005/1623 3692/1006/1624
f 3453/774/1643 3452/772/1380 3444/57/6
f 3445/58/3 3692/1006/1624 3693/1007/1708
f 3454/776/1384 3453/774/1643 3444/1031/6
f 3445/1032/3 3693/1007/1708 3694/1008/1626
f 3455/778/1386 3454/776/1384 3444/63/6
f 3445/64/3 3694/1008/1626 3695/1009/1627
f 3456/780/1388 3455/778/1386 3444/1033/6
f 3445/1034/3 3695/1009/1627 3696/1010/1628
f 3457/782/1645 3456/780/1388 3444/69/6
f 3445/70/3 3696/1010/1628 3697/1011/1629
f 3458/784/1646 3457/782/1645 3444/1035/6
f 3445/1036/3 3697/1011/1629 3698/1012/1630
f 3459/786/1394 3458/784/1646 3444/75/6
f 3445/56/3 3698/1012/1630 3699/1013/1709
f 3460/788/1396 3459/786/1394 3444/1037/6
f 3445/1038/3 3699/1013/1709 3700/1014/1632
f 3461/790/1398 3460/788/1396 3444/90/6
f 3445/91/3 3700/1014/1632 3701/1015/1633
f 3462/792/1400 3461/790/1398 3444/1039/6
f 3445/1040/3 3701/1015/1633 3702/1016/1634
f 3463/794/1402 3462/792/1400 3444/108/6
f 3445/109/3 3702/1016/1634 3703/1017/1710
f 3464/796/1404 3463/794/1402 3444/1041/6
f 3445/1042/3 3703/1017/1710 3704/1018/1636
f 3465/798/1649 3464/796/1404 3444/125/6
f 3445/126/3 3704/1018/1636 3705/1019/1637
f 3466/800/1408 3465/798/1649 3444/1043/6
f 3445/1044/3 3705/1019/1637 3706/1020/1638
f 3467/802/1410 3466/800/1408 3444/131/6
f 3445/132/3 3706/1020/1638 3707/1021/1639
f 3468/804/1412 3467/802/1410 3444/1045/6
f 3445/1046/3 3707/1021/1639 3708/1022/1640
f 3469/806/1651 3468/804/1412 3444/137/6
f 3445/138/3 3708/1022/1640 3709/1023/1711
f 3446/808/1371 3469/806/1651 3444/1047/6
f 3445/1048/3 3709/1023/1711 3686/1024/1619
f 3713/761/1368 3737/762/1369 3736/308/1370 3712/763/1371
f 3714/764/1372 3738/765/1373 3737/762/1369 3713/761/1368
f 3715/766/1374 3739/767/1375 3738/765/1373 3714/764/1372
f 3716/768/1712 3740/769/1377 3739/767/1375 3715/766/1374
f 3717/770/1378 3741/771/1379 3740/769/1377 3716/768/1712
f 3718/772/1380 3742/773/1381 3741/771/1379 3717/770/1378
f 3719/774/1643 3743/775/1383 3742/773/1381 3718/772/1380
f 3720/776/1713 3744/777/1385 3743/775/1383 3719/774/1643
f 3721/778/1386 3745/779/1387 3744/777/1385 3720/776/1713
f 3722/780/1388 3746/781/1389 3745/779/1387 3721/778/1386
f 3723/782/1390 3747/783/1391 3746/781/1389 3722/780/1388
f 3724/784/1392 3748/785/1393 3747/783/1391 3723/782/1390
f 3725/786/1394 3749/787/1395 3748/785/1393 3724/784/1392
f 3726/788/1396 3750/789/1714 3749/787/1395 3725/786/1394
f 3727/790/1398 3751/791/1399 3750/789/1714 3726/788/1396
f 3728/792/1400 3752/793/1648 3751/791/1399 3727/790/1398
f 3729/794/1715 3753/795/1403 3752/793/1648 3728/792/1400
f 3730/796/1404 3754/797/1405 3753/795/1403 3729/794/1715
f 3731/798/1716 3755/799/1650 3754/797/1405 3730/796/1404
f 3732/800/1408 3756/801/1409 3755/799/1650 3731/798/1716
f 3733/802/1410 3757/803/1717 3756/801/1409 3732/800/1408
f 3734/804/1412 3758/805/1718 3757/803/1717 3733/802/1410
f 3735/806/1414 3759/807/1415 3758/805/1718 3734/804/1412
f 3712/808/1371 3736/318/1370 3759/807/1415 3735/806/1414
f 3737/762/1369 3761/809/1416 3760/810/1417 3736/308/1370
f 3738/765/1373 3762/811/1418 3761/809/1416 3737/762/1369
f 3739/767/1375 3763/812/1419 3762/811/1418 3738/765/1373
f 3740/769/1377 3764/813/1420 3763/812/1419 3739/767/1375
f 3741/771/1379 3765/814/1421 3764/813/1420 3740/769/1377
f 3742/773/1381 3766/815/1422 3765/814/1421 3741/771/1379
f 3743/775/1383 3767/816/1423 3766/815/1422 3742/773/1381
f 3744/777/1385 3768/817/1424 3767/816/1423 3743/775/1383
f 3745/779/1387 3769/818/1425 3768/817/1424 3744/777/1385
f 3746/781/1389 3770/819/1719 3769/818/1425 3745/779/1387
f 3747/783/1391 3771/820/1427 3770/819/1719 3746/781/1389
f 3748/785/1393 3772/821/1428 3771/820/1427 3747/783/1391
f 3749/787/1395 3773/822/1429 3772/821/1428 3748/785/1393
f 3750/789/1714 3774/823/1430 3773/822/1429 3749/787/1395
f 3751/791/1399 3775/824/1431 3774/823/1430 3750/789/1714
f 3752/793/1648 3776/825/1432 3775/824/1431 3751/791/1399
f 3753/795/1403 3777/826/1433 3776/825/1432 3752/793/1648
f 3754/797/1405 3778/827/1434 3777/826/1433 3753/795/1403
f 3755/799/1650 3779/828/1435 3778/827/1434 3754/797/1405
f 3756/801/1409 3780/829/1436 3779/828/1435 3755/799/1650
f 3757/803/1717 3781/830/1437 3780/829/1436 3756/801/1409
f 3758/805/1718 3782/831/1438 3781/830/1437 3757/803/1717
f 3759/807/1415 3783/832/1439 3782/831/1438 3758/805/1718
f 3736/318/1370 3760/833/1417 3783/832/1439 3759/807/1415
f 3761/809/1416 3785/834/1440 3784/320/1441 3760/810/1417
f 3762/811/1418 3786/835/1442 3785/834/1440 3761/809/1416
f 3763/812/1419 3787/836/1443 3786/835/1442 3762/811/1418
f 3764/813/1420 3788/837/1444 3787/836/1443 3763/812/1419
f 3765/814/1421 3789/838/1445 3788/837/1444 3764/813/1420
f 3766/815/1422 3790/839/1446 3789/838/1445 3765/814/1421
f 3767/816/1423 3791/840/1652 3790/839/1446 3766/815/1422
f 3768/817/1424 3792/841/1448 3791/840/1652 3767/816/1423
f 3769/818/1425 3793/842/1449 3792/841/1448 3768/817/1424
f 3770/819/1719 3794/843/1450 3793/842/1449 3769/818/1425
f 3771/820/1427 3795/844/1451 3794/843/1450 3770/819/1719
f 3772/821/1428 3796/845/1452 3795/844/1451 3771/820/1427
f 3773/822/1429 3797/846/1653 3796/845/1452 3772/821/1428
f 3774/823/1430 3798/847/1454 3797/846/1653 3773/822/1429
f 3775/824/1431 3799/848/1654 3798/847/1454 3774/823/1430
f 3776/825/1432 3800/849/1456 3799/848/1654 3775/824/1431
f 3777/826/1433 3801/850/1457 3800/849/1456 3776/825/1432
f 3778/827/1434 3802/851/1458 3801/850/1457 3777/826/1433
f 3779/828/1435 3803/852/1656 3802/851/1458 3778/827/1434
f 3780/829/1436 3804/853/1460 3803/852/1656 3779/828/1435
f 3781/830/1437 3805/854/1657 3804/853/1460 3780/829/1436
f 3782/831/1438 3806/855/1462 3805/854/1657 3781/830/1437
f 3783/832/1439 3807/856/1720 3806/855/1462 3782/831/1438
f 3760/833/1417 3784/326/1441 3807/856/1720 3783/832/1439
f 3785/834/1440 3809/857/1464 3808/858/1465 3784/320/1441
f 3786/835/1442 3810/859/1466 3809/857/1464 3785/834/1440
f 3787/836/1443 3811/860/1467 3810/859/1466 3786/835/1442
f 3788/837/1444 3812/861/1658 3811/860/1467 3787/836/1443
f 3789/838/1445 3813/862/1721 3812/861/1658 3788/837/1444
f 3790/839/1446 3814/863/1470 3813/862/1721 3789/838/1445
f 3791/840/1652 3815/864/1471 3814/863/1470 3790/839/1446
f 3792/841/1448 3816/865/1472 3815/864/1471 3791/840/1652
f 3793/842/1449 3817/866/1722 3816/865/1472 3792/841/1448
f 3794/843/1450 3818/867/1474 3817/866/1722 3793/842/1449
f 3795/844/1451 3819/868/1475 3818/867/1474 3794/843/1450
f 3796/845/1452 3820/869/1476 3819/868/1475 3795/844/1451
f 3797/846/1653 3821/870/1477 3820/869/1476 3796/845/1452
f 3798/847/1454 3822/871/1478 3821/870/1477 3797/846/1653
f 3799/848/1654 3823/872/1479 3822/871/1478 3798/847/1454
f 3800/849/1456 3824/873/1480 3823/872/1479 3799/848/1654
f 3801/850/1457 3825/874/1723 3824/873/1480 3800/849/1456
f 3802/851/1458 3826/875/1482 3825/874/1723 3801/850/1457
f 3803/852/1656 3827/876/1724 3826/875/1482 3802/851/1458
f 3804/853/1460 3828/877/1484 3827/876/1724 3803/852/1656
f 3805/854/1657 3829/878/1725 3828/877/1484 3804/853/1460
f 3806/855/1462 3830/879/1486 3829/878/1725 3805/854/1657
f 3807/856/1720 3831/880/1487 3830/879/1486 3806/855/1462
f 3784/326/1441 3808/881/1465 3831/880/1487 3807/856/1720
f 3809/857/1464 3833/882/1488 3832/3/1489 3808/858/1465
f 3810/859/1466 3834/883/1726 3833/882/1488 3809/857/1464
f 3811/860/1467 3835/884/1660 3834/883/1726 3810/859/1466
f 3812/861/1658 3836/885/1661 3835/884/1660 3811/860/1467
f 3813/862/1721 3837/886/1727 3836/885/1661 3812/861/1658
f 3814/863/1470 3838/887/1493 3837/886/1727 3813/862/1721
f 3815/864/1471 3839/888/1728 3838/887/1493 3814/863/1470
f 3816/865/1472 3840/889/1664 3839/888/1728 3815/864/1471
f 3817/866/1722 3841/890/1665 3840/889/1664 3816/865/1472
f 3818/867/1474 3842/891/1496 3841/890/1665 3817/866/1722
f 3819/868/1475 3843/892/1497 3842/891/1496 3818/867/1474
f 3820/869/1476 3844/760/1498 3843/892/1497 3819/868/1475
f 3821/870/1477 3845/893/1499 3844/760/1498 3820/869/1476
f 3822/871/1478 3846/894/1500 3845/893/1499 3821/870/1477
f 3823/872/1479 3847/895/1501 3846/894/1500 3822/871/1478
f 3824/873/1480 3848/896/1729 3847/895/1501 3823/872/1479
f 3825/874/1723 3849/897/1730 3848/896/1729 3824/873/1480
f 3826/875/1482 3850/898/1503 3849/897/1730 3825/874/1723
f 3827/876/1724 3851/899/1731 3850/898/1503 3826/875/1482
f 3828/877/1484 3852/900/1732 3851/899/1731 3827/876/1724
f 3829/878/1725 3853/901/1505 3852/900/1732 3828/877/1484
f 3830/879/1486 3854/902/1668 3853/901/1505 3829/878/1725
f 3831/880/1487 3855/903/1507 3854/902/1668 3830/879/1486
f 3808/881/1465 3832/12/1489 3855/903/1507 3831/880/1487
f 3833/882/1669 3857/904/1509 3856/905/1510 3832/3/1511
f 3834/883/1512 3858/906/1513 3857/904/1509 3833/882/1669
f 3835/884/1733 3859/907/1514 3858/906/1513 3834/883/1512
f 3836/885/1734 3860/908/1515 3859/907/1514 3835/884/1733
f 3837/886/1735 3861/909/1516 3860/908/1515 3836/885/1734
f 3838/887/1517 3862/910/1518 3861/909/1516 3837/886/1735
f 3839/888/1736 3863/911/1737 3862/910/1518 3838/887/1517
f 3840/889/1738 3864/912/1520 3863/911/1737 3839/888/1736
f 3841/890/1739 3865/913/1521 3864/912/1520 3840/889/1738
f 3842/891/1522 3866/914/1740 3865/913/1521 3841/890/1739
f 3843/892/1679 3867/915/1525 3866/914/1740 3842/891/1522
f 3844/760/1526 3868/916/1527 3867/915/1525 3843/892/1679
f 3845/893/1528 3869/917/1529 3868/916/1527 3844/760/1526
f 3846/894/1530 3870/918/1681 3869/917/1529 3845/893/1528
f 3847/895/1532 3871/919/1741 3870/918/1681 3846/894/1530
f 3848/896/1742 3872/920/1683 3871/919/1741 3847/895/1532
f 3849/897/1743 3873/921/1744 3872/920/1683 3848/896/1742
f 3850/898/1536 3874/922/1537 3873/921/1744 3849/897/1743
f 3851/899/1745 3875/923/1746 3874/922/1537 3850/898/1536
f 3852/900/1747 3876/924/1687 3875/923/1746 3851/899/1745
f 3853/901/1688 3877/925/1541 3876/924/1687 3852/900/1747
f 3854/902/1689 3878/926/1543 3877/925/1541 3853/901/1688
f 3855/903/1690 3879/927/1545 3878/926/1543 3854/902/1689
f 3832/12/1511 3856/928/1510 3879/927/1545 3855/903/1690
f 3857/904/1509 3881/929/1691 3880/330/1547 3856/905/1510
f 3858/906/1513 3882/930/1548 3881/929/1691 3857/904/1509
f 3859/907/1514 3883/931/1549 3882/930/1548 3858/906/1513
f 3860/908/1515 3884/932/1550 3883/931/1549 3859/907/1514
f 3861/909/1516 3885/933/1551 3884/932/1550 3860/908/1515
f 3862/910/1518 3886/934/1552 3885/933/1551 3861/909/1516
f 3863/911/1737 3887/935/1694 3886/934/1552 3862/910/1518
f 3864/912/1520 3888/936/1554 3887/935/1694 3863/911/1737
f 3865/913/1521 3889/937/1555 3888/936/1554 3864/912/1520
f 3866/914/1740 3890/938/1556 3889/937/1555 3865/913/1521
f 3867/915/1525 3891/939/1557 3890/938/1556 3866/914/1740
f 3868/916/1527 3892/940/1558 3891/939/1557 3867/915/1525
f 3869/917/1529 3893/941/1696 3892/940/1558 3868/916/1527
f 3870/918/1681 3894/942/1560 3893/941/1696 3869/917/1529
f 3871/919/1741 3895/943/1697 3894/942/1560 3870/918/1681
f 3872/920/1683 3896/944/1562 3895/943/1697 3871/919/1741
f 3873/921/1744 3897/945/1698 3896/944/1562 3872/920/1683
f 3874/922/1537 3898/946/1564 3897/945/1698 3873/921/1744
f 3875/923/1746 3899/947/1699 3898/946/1564 3874/922/1537
f 3876/924/1687 3900/948/1566 3899/947/1699 3875/923/1746
f 3877/925/1541 3901/949/1700 3900/948/1566 3876/924/1687
f 3878/926/1543 3902/950/1568 3901/949/1700 3877/925/1541
f 3879/927/1545 3903/951/1569 3902/950/1568 3878/926/1543
f 3856/928/1510 3880/341/1547 3903/951/1569 3879/927/1545
f 3881/929/1691 3905/952/1570 3904/953/1571 3880/330/1547
f 3882/930/1548 3906/954/1572 3905/952/1570 3881/929/1691
f 3883/931/1549 3907/955/1573 3906/954/1572 3882/930/1548
f 3884/932/1550 3908/956/1574 3907/955/1573 3883/931/1549
f 3885/933/1551 3909/957/1575 3908/956/1574 3884/932/1550
f 3886/934/1552 3910/958/1576 3909/957/1575 3885/933/1551
f 3887/935/1694 3911/959/1577 3910/958/1576 3886/934/1552
f 3888/936/1554 3912/960/1578 3911/959/1577 3887/935/1694
f 3889/937/1555 3913/961/1579 3912/960/1578 3888/936/1554
f 3890/938/1556 3914/962/1701 3913/961/1579 3889/937/1555
f 3891/939/1557 3915/963/1581 3914/962/1701 3890/938/1556
f 3892/940/1558 3916/964/1582 3915/963/1581 3891/939/1557
f 3893/941/1696 3917/965/1583 3916/964/1582 3892/940/1558
f 3894/942/1560 3918/966/1584 3917/965/1583 3893/941/1696
f 3895/943/1697 3919/967/1585 3918/966/1584 3894/942/1560
f 3896/944/1562 3920/968/1586 3919/967/1585 3895/943/1697
f 3897/945/1698 3921/969/1587 3920/968/1586 3896/944/1562
f 3898/946/1564 3922/970/1588 3921/969/1587 3897/945/1698
f 3899/947/1699 3923/971/1589 3922/970/1588 3898/946/1564
f 3900/948/1566 3924/972/1748 3923/971/1589 3899/947/1699
f 3901/949/1700 3925/973/1591 3924/972/1748 3900/948/1566
f 3902/950/1568 3926/974/1592 3925/973/1591 3901/949/1700
f 3903/951/1569 3927/975/1593 3926/974/1592 3902/950/1568
f 3880/341/1547 3904/976/1571 3927/975/1593 3903/951/1569
f 3905/952/1570 3929/977/1594 3928/329/1595 3904/953/1571
f 3906/954/1572 3930/978/1596 3929/977/1594 3905/952/1570
f 3907/955/1573 3931/979/1597 3930/978/1596 3906/954/1572
f 3908/956/1574 3932/980/1598 3931/979/1597 3907/955/1573
f 3909/957/1575 3933/981/1599 3932/980/1598 3908/956/1574
f 3910/958/1576 3934/982/1600 3933/981/1599 3909/957/1575
f 3911/959/1577 3935/983/1749 3934/982/1600 3910/958/1576
f 3912/960/1578 3936/984/1602 3935/983/1749 3911/959/1577
f 3913/961/1579 3937/985/1750 3936/984/1602 3912/960/1578
f 3914/962/1701 3938/986/1604 3937/985/1750 3913/961/1579
f 3915/963/1581 3939/987/1605 3938/986/1604 3914/962/1701
f 3916/964/1582 3940/988/1704 3939/987/1605 3915/963/1581
f 3917/965/1583 3941/989/1607 3940/988/1704 3916/964/1582
f 3918/966/1584 3942/990/1608 3941/989/1607 3917/965/1583
f 3919/967/1585 3943/991/1609 3942/990/1608 3918/966/1584
f 3920/968/1586 3944/992/1610 3943/991/1609 3919/967/1585
f 3921/969/1587 3945/993/1751 3944/992/1610 3920/968/1586
f 3922/970/1588 3946/994/1612 3945/993/1751 3921/969/1587
f 3923/971/1589 3947/995/1752 3946/994/1612 3922/970/1588
f 3924/972/1748 3948/996/1753 3947/995/1752 3923/971/1589
f 3925/973/1591 3949/997/1615 3948/996/1753 3924/972/1748
f 3926/974/1592 3950/998/1754 3949/997/1615 3925/973/1591
f 3927/975/1593 3951/999/1617 3950/998/1754 3926/974/1592
f 3904/976/1571 3928/342/1595 3951/999/1617 3927/975/1593
f 3929/977/1594 3953/1000/1755 3952/1001/1619 3928/329/1595
f 3930/978/1596 3954/1002/1620 3953/1000/1755 3929/977/1594
f 3931/979/1597 3955/1003/1621 3954/1002/1620 3930/978/1596
f 3932/980/1598 3956/1004/1622 3955/1003/1621 3931/979/1597
f 3933/981/1599 3957/1005/1756 3956/1004/1622 3932/980/1598
f 3934/982/1600 3958/1006/1624 3957/1005/1756 3933/981/1599
f 3935/983/1749 3959/1007/1708 3958/1006/1624 3934/982/1600
f 3936/984/1602 3960/1008/1626 3959/1007/1708 3935/983/1749
f 3937/985/1750 3961/1009/1627 3960/1008/1626 3936/984/1602
f 3938/986/1604 3962/1010/1628 3961/1009/1627 3937/985/1750
f 3939/987/1605 3963/1011/1629 3962/1010/1628 3938/986/1604
f 3940/988/1704 3964/1012/1630 3963/1011/1629 3939/987/1605
f 3941/989/1607 3965/1013/1631 3964/1012/1630 3940/988/1704
f 3942/990/1608 3966/1014/1632 3965/1013/1631 3941/989/1607
f 3943/991/1609 3967/1015/1757 3966/1014/1632 3942/990/1608
f 3944/992/1610 3968/1016/1758 3967/1015/1757 3943/991/1609
f 3945/993/1751 3969/1017/1759 3968/1016/1758 3944/992/1610
f 3946/994/1612 3970/1018/1636 3969/1017/1759 3945/993/1751
f 3947/995/1752 3971/1019/1760 3970/1018/1636 3946/994/1612
f 3948/996/1753 3972/1020/1638 3971/1019/1760 3947/995/1752
f 3949/997/1615 3973/1021/1761 3972/1020/1638 3948/996/1753
f 3950/998/1754 3974/1022/1640 3973/1021/1761 3949/997/1615
f 3951/999/1617 3975/1023/1641 3974/1022/1640 3950/998/1754
f 3928/342/1595 3952/1024/1619 3975/1023/1641 3951/999/1617
f 3713/761/1368 3712/763/1371 3710/8/6
f 3711/7/3 3952/1001/1619 3953/1000/1755
f 3714/764/1372 3713/761/1368 3710/1025/6
f 3711/1026/3 3953/1000/1755 3954/1002/1620
f 3715/766/1374 3714/764/1372 3710/21/6
f 3711/22/3 3954/1002/1620 3955/1003/1621
f 3716/768/1712 3715/766/1374 3710/1027/6
f 3711/1028/3 3955/1003/1621 3956/1004/1622
f 3717/770/1378 3716/768/1712 3710/39/6
f 3711/40/3 3956/1004/1622 3957/1005/1756
f 3718/772/1380 3717/770/1378 3710/1029/6
f 3711/1030/3 3957/1005/1756 3958/1006/1624
f 3719/774/1643 3718/772/1380 3710/57/6
f 3711/58/3 3958/1006/1624 3959/1007/1708
f 3720/776/1713 3719/774/1643 3710/1031/6
f 3711/1032/3 3959/1007/1708 3960/1008/1626
f 3721/778/1386 3720/776/1713 3710/63/6
f 3711/64/3 3960/1008/1626 3961/1009/1627
f 3722/780/1388 3721/778/1386 3710/1033/6
f 3711/1034/3 3961/1009/1627 3962/1010/1628
f 3723/782/1390 3722/780/1388 3710/69/6
f 3711/70/3 3962/1010/1628 3963/1011/1629
f 3724/784/1392 3723/782/1390 3710/1035/6
f 3711/1036/3 3963/1011/1629 3964/1012/1630
f 3725/786/1394 3724/784/1392 3710/75/6
f 3711/56/3 3964/1012/1630 3965/1013/1631
f 3726/788/1396 3725/786/1394 3710/1037/6
f 3711/1038/3 3965/1013/1631 3966/1014/1632
f 3727/790/1398 3726/788/1396 3710/90/6
f 3711/91/3 3966/1014/1632 3967/1015/1757
f 3728/792/1400 3727/790/1398 3710/1039/6
f 3711/1040/3 3967/1015/1757 3968/1016/1758
f 3729/794/1715 3728/792/1400 3710/108/6
f 3711/109/3 3968/1016/1758 3969/1017/1759
f 3730/796/1404 3729/794/1715 3710/1041/6
f 3711/1042/3 3969/1017/1759 3970/1018/1636
f 3731/798/1716 3730/796/1404 3710/125/6
f 3711/126/3 3970/1018/1636 3971/1019/1760
f 3732/800/1408 3731/798/1716 3710/1043/6
f 3711/1044/3 3971/1019/1760 3972/1020/1638
f 3733/802/1410 3732/800/1408 3710/131/6
f 3711/132/3 3972/1020/1638 3973/1021/1761
f 3734/804/1412 3733/802/1410 3710/1045/6
f 3711/1046/3 3973/1021/1761 3974/1022/1640
f 3735/806/1414 3734/804/1412 3710/137/6
f 3711/138/3 3974/1022/1640 3975/1023/1641
f 3712/808/1371 3735/806/1414 3710/1047/6
f 3711/1048/3 3975/1023/1641 3952/1024/1619
f 3979/761/1368 4003/762/1642 4002/308/1370 3978/763/1371
f 3980/764/1762 4004/765/1373 4003/762/1642 3979/761/1368
f 3981/766/1374 4005/767/1375 4004/765/1373 3980/764/1762
f 3982/768/1376 4006/769/1763 4005/767/1375 3981/766/1374
f 3983/770/1378 4007/771/1379 4006/769/1763 3982/768/1376
f 3984/772/1380 4008/773/1381 4007/771/1379 3983/770/1378
f 3985/774/1382 4009/775/1383 4008/773/1381 3984/772/1380
f 3986/776/1713 4010/777/1764 4009/775/1383 3985/774/1382
f 3987/778/1765 4011/779/1387 4010/777/1764 3986/776/1713
f 3988/780/1388 4012/781/1766 4011/779/1387 3987/778/1765
f 3989/782/1390 4013/783/1391 4012/781/1766 3988/780/1388
f 3990/784/1392 4014/785/1393 4013/783/1391 3989/782/1390
f 3991/786/1394 4015/787/1647 4014/785/1393 3990/784/1392
f 3992/788/1396 4016/789/1714 4015/787/1647 3991/786/1394
f 3993/790/1767 4017/791/1399 4016/789/1714 3992/788/1396
f 3994/792/1768 4018/793/1648 4017/791/1399 3993/790/1767
f 3995/794/1715 4019/795/1403 4018/793/1648 3994/792/1768
f 3996/796/1404 4020/797/1405 4019/795/1403 3995/794/1715
f 3997/798/1769 4021/799/1650 4020/797/1405 3996/796/1404
f 3998/800/1408 4022/801/1770 4021/799/1650 3997/798/1769
f 3999/802/1410 4023/803/1411 4022/801/1770 3998/800/1408
f 4000/804/1412 4024/805/1718 4023/803/1411 3999/802/1410
f 4001/806/1414 4025/807/1415 4024/805/1718 4000/804/1412
f 3978/808/1371 4002/318/1370 4025/807/1415 4001/806/1414
f 4003/762/1642 4027/809/1416 4026/810/1417 4002/308/1370
f 4004/765/1373 4028/811/1418 4027/809/1416 4003/762/1642
f 4005/767/1375 4029/812/1419 4028/811/1418 4004/765/1373
f 4006/769/1763 4030/813/1771 4029/812/1419 4005/767/1375
f 4007/771/1379 4031/814/1421 4030/813/1771 4006/769/1763
f 4008/773/1381 4032/815/1422 4031/814/1421 4007/771/1379
f 4009/775/1383 4033/816/1423 4032/815/1422 4008/773/1381
f 4010/777/1764 4034/817/1424 4033/816/1423 4009/775/1383
f 4011/779/1387 4035/818/1425 4034/817/1424 4010/777/1764
f 4012/781/1766 4036/819/1426 4035/818/1425 4011/779/1387
f 4013/783/1391 4037/820/1427 4036/819/1426 4012/781/1766
f 4014/785/1393 4038/821/1428 4037/820/1427 4013/783/1391
f 4015/787/1647 4039/822/1429 4038/821/1428 4014/785/1393
f 4016/789/1714 4040/823/1430 4039/822/1429 4015/787/1647
f 4017/791/1399 4041/824/1431 4040/823/1430 4016/789/1714
f 4018/793/1648 4042/825/1772 4041/824/1431 4017/791/1399
f 4019/795/1403 4043/826/1433 4042/825/1772 4018/793/1648
f 4020/797/1405 4044/827/1434 4043/826/1433 4019/795/1403
f 4021/799/1650 4045/828/1435 4044/827/1434 4020/797/1405
f 4022/801/1770 4046/829/1436 4045/828/1435 4021/799/1650
f 4023/803/1411 4047/830/1437 4046/829/1436 4022/801/1770
f 4024/805/1718 4048/831/1438 4047/830/1437 4023/803/1411
f 4025/807/1415 4049/832/1439 4048/831/1438 4024/805/1718
f 4002/318/1370 4026/833/1417 4049/832/1439 4025/807/1415
f 4027/809/1416 4051/834/1440 4050/320/1441 4026/810/1417
f 4028/811/1418 4052/835/1442 4051/834/1440 4027/809/1416
f 4029/812/1419 4053/836/1443 4052/835/1442 4028/811/1418
f 4030/813/1771 4054/837/1444 4053/836/1443 4029/812/1419
f 4031/814/1421 4055/838/1445 4054/837/1444 4030/813/1771
f 4032/815/1422 4056/839/1446 4055/838/1445 4031/814/1421
f 4033/816/1423 4057/840/1652 4056/839/1446 4032/815/1422
f 4034/817/1424 4058/841/1448 4057/840/1652 4033/816/1423
f 4035/818/1425 4059/842/1449 4058/841/1448 4034/817/1424
f 4036/819/1426 4060/843/1450 4059/842/1449 4035/818/1425
f 4037/820/1427 4061/844/1451 4060/843/1450 4036/819/1426
f 4038/821/1428 4062/845/1452 4061/844/1451 4037/820/1427
f 4039/822/1429 4063/846/1453 4062/845/1452 4038/821/1428
f 4040/823/1430 4064/847/1454 4063/846/1453 4039/822/1429
f 4041/824/1431 4065/848/1654 4064/847/1454 4040/823/1430
f 4042/825/1772 4066/849/1456 4065/848/1654 4041/824/1431
f 4043/826/1433 4067/850/1457 4066/849/1456 4042/825/1772
f 4044/827/1434 4068/851/1458 4067/850/1457 4043/826/1433
f 4045/828/1435 4069/852/1656 4068/851/1458 4044/827/1434
f 4046/829/1436 4070/853/1460 4069/852/1656 4045/828/1435
f 4047/830/1437 4071/854/1657 4070/853/1460 4046/829/1436
f 4048/831/1438 4072/855/1462 4071/854/1657 4047/830/1437
f 4049/832/1439 4073/856/1463 4072/855/1462 4048/831/1438
f 4026/833/1417 4050/326/1441 4073/856/1463 4049/832/1439
f 4051/834/1440 4075/857/1464 4074/858/1465 4050/320/1441
f 4052/835/1442 4076/859/1466 4075/857/1464 4051/834/1440
f 4053/836/1443 4077/860/1467 4076/859/1466 4052/835/1442
f 4054/837/1444 4078/861/1658 4077/860/1467 4053/836/1443
f 4055/838/1445 4079/862/1469 4078/861/1658 4054/837/1444
f 4056/839/1446 4080/863/1773 4079/862/1469 4055/838/1445
f 4057/840/1652 4081/864/1471 4080/863/1773 4056/839/1446
f 4058/841/1448 4082/865/1472 4081/864/1471 4057/840/1652
f 4059/842/1449 4083/866/1473 4082/865/1472 4058/841/1448
f 4060/843/1450 4084/867/1474 4083/866/1473 4059/842/1449
f 4061/844/1451 4085/868/1475 4084/867/1474 4060/843/1450
f 4062/845/1452 4086/869/1476 4085/868/1475 4061/844/1451
f 4063/846/1453 4087/870/1477 4086/869/1476 4062/845/1452
f 4064/847/1454 4088/871/1478 4087/870/1477 4063/846/1453
f 4065/848/1654 4089/872/1479 4088/871/1478 4064/847/1454
f 4066/849/1456 4090/873/1480 4089/872/1479 4065/848/1654
f 4067/850/1457 4091/874/1723 4090/873/1480 4066/849/1456
f 4068/851/1458 4092/875/1774 4091/874/1723 4067/850/1457
f 4069/852/1656 4093/876/1724 4092/875/1774 4068/851/1458
f 4070/853/1460 4094/877/1775 4093/876/1724 4069/852/1656
f 4071/854/1657 4095/878/1485 4094/877/1775 4070/853/1460
f 4072/855/1462 4096/879/1486 4095/878/1485 4071/854/1657
f 4073/856/1463 4097/880/1487 4096/879/1486 4072/855/1462
f 4050/326/1441 4074/881/1465 4097/880/1487 4073/856/1463
f 4075/857/1464 4099/882/1488 4098/3/1489 4074/858/1465
f 4076/859/1466 4100/883/1726 4099/882/1488 4075/857/1464
f 4077/860/1467 4101/884/1660 4100/883/1726 4076/859/1466
f 4078/861/1658 4102/885/1661 4101/884/1660 4077/860/1467
f 4079/862/1469 4103/886/1727 4102/885/1661 4078/861/1658
f 4080/863/1773 4104/887/1493 4103/886/1727 4079/862/1469
f 4081/864/1471 4105/888/1728 4104/887/1493 4080/863/1773
f 4082/865/1472 4106/889/1664 4105/888/1728 4081/864/1471
f 4083/866/1473 4107/890/1665 4106/889/1664 4082/865/1472
f 4084/867/1474 4108/891/1496 4107/890/1665 4083/866/1473
f 4085/868/1475 4109/892/1497 4108/891/1496 4084/867/1474
f 4086/869/1476 4110/760/1498 4109/892/1497 4085/868/1475
f 4087/870/1477 4111/893/1499 4110/760/1498 4086/869/1476
f 4088/871/1478 4112/894/1500 4111/893/1499 4087/870/1477
f 4089/872/1479 4113/895/1501 4112/894/1500 4088/871/1478
f 4090/873/1480 4114/896/1729 4113/895/1501 4089/872/1479
f 4091/874/1723 4115/897/1730 4114/896/1729 4090/873/1480
f 4092/875/1774 4116/898/1503 4115/897/1730 4091/874/1723
f 4093/876/1724 4117/899/1731 4116/898/1503 4092/875/1774
f 4094/877/1775 4118/900/1732 4117/899/1731 4093/876/1724
f 4095/878/1485 4119/901/1505 4118/900/1732 4094/877/1775
f 4096/879/1486 4120/902/1506 4119/901/1505 4095/878/1485
f 4097/880/1487 4121/903/1507 4120/902/1506 4096/879/1486
f 4074/881/1465 4098/12/1489 4121/903/1507 4097/880/1487
f 4099/882/1669 4123/904/1509 4122/905/1510 4098/3/1511
f 4100/883/1512 4124/906/1513 4123/904/1509 4099/882/1669
f 4101/884/1733 4125/907/1514 4124/906/1513 4100/883/1512
f 4102/885/1734 4126/908/1515 4125/907/1514 4101/884/1733
f 4103/886/1735 4127/909/1776 4126/908/1515 4102/885/1734
f 4104/887/1517 4128/910/1518 4127/909/1776 4103/886/1735
f 4105/888/1736 4129/911/1737 4128/910/1518 4104/887/1517
f 4106/889/1738 4130/912/1520 4129/911/1737 4105/888/1736
f 4107/890/1739 4131/913/1521 4130/912/1520 4106/889/1738
f 4108/891/1522 4132/914/1523 4131/913/1521 4107/890/1739
f 4109/892/1524 4133/915/1777 4132/914/1523 4108/891/1522
f 4110/760/1526 4134/916/1527 4133/915/1777 4109/892/1524
f 4111/893/1778 4135/917/1529 4134/916/1527 4110/760/1526
f 4112/894/1530 4136/918/1681 4135/917/1529 4111/893/1778
f 4113/895/1532 4137/919/1533 4136/918/1681 4112/894/1530
f 4114/896/1742 4138/920/1683 4137/919/1533 4113/895/1532
f 4115/897/1779 4139/921/1744 4138/920/1683 4114/896/1742
f 4116/898/1536 4140/922/1537 4139/921/1744 4115/897/1779
f 4117/899/1745 4141/923/1538 4140/922/1537 4116/898/1536
f 4118/900/1747 4142/924/1687 4141/923/1538 4117/899/1745
f 4119/901/1540 4143/925/1541 4142/924/1687 4118/900/1747
f 4120/902/1542 4144/926/1543 4143/925/1541 4119/901/1540
f 4121/903/1690 4145/927/1545 4144/926/1543 4120/902/1542
f 4098/12/1511 4122/928/1510 4145/927/1545 4121/903/1690
f 4123/904/1509 4147/929/1691 4146/330/1547 4122/905/1510
f 4124/906/1513 4148/930/1548 4147/929/1691 4123/904/1509
f 4125/907/1514 4149/931/1780 4148/930/1548 4124/906/1513
f 4126/908/1515 4150/932/1550 4149/931/1780 4125/907/1514
f 4127/909/1776 4151/933/1551 4150/932/1550 4126/908/1515
f 4128/910/1518 4152/934/1552 4151/933/1551 4127/909/1776
f 4129/911/1737 4153/935/1694 4152/934/1552 4128/910/1518
f 4130/912/1520 4154/936/1554 4153/935/1694 4129/911/1737
f 4131/913/1521 4155/937/1695 4154/936/1554 4130/912/1520
f 4132/914/1523 4156/938/1556 4155/937/1695 4131/913/1521
f 4133/915/1777 4157/939/1557 4156/938/1556 4132/914/1523
f 4134/916/1527 4158/940/1558 4157/939/1557 4133/915/1777
f 4135/917/1529 4159/941/1559 4158/940/1558 4134/916/1527
f 4136/918/1681 4160/942/1560 4159/941/1559 4135/917/1529
f 4137/919/1533 4161/943/1697 4160/942/1560 4136/918/1681
f 4138/920/1683 4162/944/1562 4161/943/1697 4137/919/1533
f 4139/921/1744 4163/945/1698 4162/944/1562 4138/920/1683
f 4140/922/1537 4164/946/1564 4163/945/1698 4139/921/1744
f 4141/923/1538 4165/947/1699 4164/946/1564 4140/922/1537
f 4142/924/1687 4166/948/1566 4165/947/1699 4141/923/1538
f 4143/925/1541 4167/949/1567 4166/948/1566 4142/924/1687
f 4144/926/1543 4168/950/1568 4167/949/1567 4143/925/1541
f 4145/927/1545 4169/951/1569 4168/950/1568 4144/926/1543
f 4122/928/1510 4146/341/1547 4169/951/1569 4145/927/1545
f 4147/929/1691 4171/952/1570 4170/953/1571 4146/330/1547
f 4148/930/1548 4172/954/1781 4171/952/1570 4147/929/1691
f 4149/931/1780 4173/955/1573 4172/954/1781 4148/930/1548
f 4150/932/1550 4174/956/1574 4173/955/1573 4149/931/1780
f 4151/933/1551 4175/957/1575 4174/956/1574 4150/932/1550
f 4152/934/1552 4176/958/1576 4175/957/1575 4151/933/1551
f 4153/935/1694 4177/959/1577 4176/958/1576 4152/934/1552
f 4154/936/1554 4178/960/1578 4177/959/1577 4153/935/1694
f 4155/937/1695 4179/961/1579 4178/960/1578 4154/936/1554
f 4156/938/1556 4180/962/1580 4179/961/1579 4155/937/1695
f 4157/939/1557 4181/963/1581 4180/962/1580 4156/938/1556
f 4158/940/1558 4182/964/1582 4181/963/1581 4157/939/1557
f 4159/941/1559 4183/965/1583 4182/964/1582 4158/940/1558
f 4160/942/1560 4184/966/1782 4183/965/1583 4159/941/1559
f 4161/943/1697 4185/967/1585 4184/966/1782 4160/942/1560
f 4162/944/1562 4186/968/1586 4185/967/1585 4161/943/1697
f 4163/945/1698 4187/969/1587 4186/968/1586 4162/944/1562
f 4164/946/1564 4188/970/1588 4187/969/1587 4163/945/1698
f 4165/947/1699 4189/971/1589 4188/970/1588 4164/946/1564
f 4166/948/1566 4190/972/1590 4189/971/1589 4165/947/1699
f 4167/949/1567 4191/973/1591 4190/972/1590 4166/948/1566
f 4168/950/1568 4192/974/1592 4191/973/1591 4167/949/1567
f 4169/951/1569 4193/975/1593 4192/974/1592 4168/950/1568
f 4146/341/1547 4170/976/1571 4193/975/1593 4169/951/1569
f 4171/952/1570 4195/977/1702 4194/329/1595 4170/953/1571
f 4172/954/1781 4196/978/1596 4195/977/1702 4171/952/1570
f 4173/955/1573 4197/979/1597 4196/978/1596 4172/954/1781
f 4174/956/1574 4198/980/1598 4197/979/1597 4173/955/1573
f 4175/957/1575 4199/981/1599 4198/980/1598 4174/956/1574
f 4176/958/1576 4200/982/1600 4199/981/1599 4175/957/1575
f 4177/959/1577 4201/983/1749 4200/982/1600 4176/958/1576
f 4178/960/1578 4202/984/1783 4201/983/1749 4177/959/1577
f 4179/961/1579 4203/985/1603 4202/984/1783 4178/960/1578
f 4180/962/1580 4204/986/1604 4203/985/1603 4179/961/1579
f 4181/963/1581 4205/987/1605 4204/986/1604 4180/962/1580
f 4182/964/1582 4206/988/1704 4205/987/1605 4181/963/1581
f 4183/965/1583 4207/989/1607 4206/988/1704 4182/964/1582
f 4184/966/1782 4208/990/1608 4207/989/1607 4183/965/1583
f 4185/967/1585 4209/991/1609 4208/990/1608 4184/966/1782
f 4186/968/1586 4210/992/1610 4209/991/1609 4185/967/1585
f 4187/969/1587 4211/993/1611 4210/992/1610 4186/968/1586
f 4188/970/1588 4212/994/1612 4211/993/1611 4187/969/1587
f 4189/971/1589 4213/995/1752 4212/994/1612 4188/970/1588
f 4190/972/1590 4214/996/1753 4213/995/1752 4189/971/1589
f 4191/973/1591 4215/997/1615 4214/996/1753 4190/972/1590
f 4192/974/1592 4216/998/1784 4215/997/1615 4191/973/1591
f 4193/975/1593 4217/999/1617 4216/998/1784 4192/974/1592
f 4170/976/1571 4194/342/1595 4217/999/1617 4193/975/1593
f 4195/977/1702 4219/1000/1755 4218/1001/1619 4194/329/1595
f 4196/978/1596 4220/1002/1620 4219/1000/1755 4195/977/1702
f 4197/979/1597 4221/1003/1621 4220/1002/1620 4196/978/1596
f 4198/980/1598 4222/1004/1622 4221/1003/1621 4197/979/1597
f 4199/981/1599 4223/1005/1756 4222/1004/1622 4198/980/1598
f 4200/982/1600 4224/1006/1624 4223/1005/1756 4199/981/1599
f 4201/983/1749 4225/1007/1708 4224/1006/1624 4200/982/1600
f 4202/984/1783 4226/1008/1785 4225/1007/1708 4201/983/1749
f 4203/985/1603 4227/1009/1627 4226/1008/1785 4202/984/1783
f 4204/986/1604 4228/1010/1786 4227/1009/1627 4203/985/1603
f 4205/987/1605 4229/1011/1787 4228/1010/1786 4204/986/1604
f 4206/988/1704 4230/1012/1630 4229/1011/1787 4205/987/1605
f 4207/989/1607 4231/1013/1709 4230/1012/1630 4206/988/1704
f 4208/990/1608 4232/1014/1632 4231/1013/1709 4207/989/1607
f 4209/991/1609 4233/1015/1757 4232/1014/1632 4208/990/1608
f 4210/992/1610 4234/1016/1634 4233/1015/1757 4209/991/1609
f 4211/993/1611 4235/1017/1710 4234/1016/1634 4210/992/1610
f 4212/994/1612 4236/1018/1636 4235/1017/1710 4211/993/1611
f 4213/995/1752 4237/1019/1760 4236/1018/1636 4212/994/1612
f 4214/996/1753 4238/1020/1788 4237/1019/1760 4213/995/1752
f 4215/997/1615 4239/1021/1761 4238/1020/1788 4214/996/1753
f 4216/998/1784 4240/1022/1640 4239/1021/1761 4215/997/1615
f 4217/999/1617 4241/1023/1641 4240/1022/1640 4216/998/1784
f 4194/342/1595 4218/1024/1619 4241/1023/1641 4217/999/1617
f 3979/761/1368 3978/763/1371 3976/8/6
f 3977/7/3 4218/1001/1619 4219/1000/1755
f 3980/764/1762 3979/761/1368 3976/1025/6
f 3977/1026/3 4219/1000/1755 4220/1002/1620
f 3981/766/1374 3980/764/1762 3976/21/6
f 3977/22/3 4220/1002/1620 4221/1003/1621
f 3982/768/1376 3981/766/1374 3976/1027/6
f 3977/1028/3 4221/1003/1621 4222/1004/1622
f 3983/770/1378 3982/768/1376 3976/39/6
f 3977/40/3 4222/1004/1622 4223/1005/1756
f 3984/772/1380 3983/770/1378 3976/1029/6
f 3977/1030/3 4223/1005/1756 4224/1006/1624
f 3985/774/1382 3984/772/1380 3976/57/6
f 3977/58/3 4224/1006/1624 4225/1007/1708
f 3986/776/1713 3985/774/1382 3976/1031/6
f 3977/1032/3 4225/1007/1708 4226/1008/1785
f 3987/778/1765 3986/776/1713 3976/63/6
f 3977/64/3 4226/1008/1785 4227/1009/1627
f 3988/780/1388 3987/778/1765 3976/1033/6
f 3977/1034/3 4227/1009/1627 4228/1010/1786
f 3989/782/1390 3988/780/1388 3976/69/6
f 3977/70/3 4228/1010/1786 4229/1011/1787
f 3990/784/1392 3989/782/1390 3976/1035/6
f 3977/1036/3 4229/1011/1787 4230/1012/1630
f 3991/786/1394 3990/784/1392 3976/75/6
f 3977/56/3 4230/1012/1630 4231/1013/1709
f 3992/788/1396 3991/786/1394 3976/1037/6
f 3977/1038/3 4231/1013/1709 4232/1014/1632
f 3993/790/1767 3992/788/1396 3976/90/6
f 3977/91/3 4232/1014/1632 4233/1015/1757
f 3994/792/1768 3993/790/1767 3976/1039/6
f 3977/1040/3 4233/1015/1757 4234/1016/1634
f 3995/794/1715 3994/792/1768 3976/108/6
f 3977/109/3 4234/1016/1634 4235/1017/1710
f 3996/796/1404 3995/794/1715 3976/1041/6
f 3977/1042/3 4235/1017/1710 4236/1018/1636
f 3997/798/1769 3996/796/1404 3976/125/6
f 3977/126/3 4236/1018/1636 4237/1019/1760
f 3998/800/1408 3997/798/1769 3976/1043/6
f 3977/1044/3 4237/1019/1760 4238/1020/1788
f 3999/802/1410 3998/800/1408 3976/131/6
f 3977/132/3 4238/1020/1788 4239/1021/1761
f 4000/804/1412 3999/802/1410 3976/1045/6
f 3977/1046/3 4239/1021/1761 4240/1022/1640
f 4001/806/1414 4000/804/1412 3976/137/6
f 3977/138/3 4240/1022/1640 4241/1023/1641
f 3978/808/1371 4001/806/1414 3976/1047/6
f 3977/1048/3 4241/1023/1641 4218/1024/1619
usemtl metal_2
f 1196/143/4 1197/144/4 1195/7/4 1194/8/4
f 1184/143/3 1185/144/3 1183/7/3 1182/8/3
f 1204/143/1 1205/144/1 1203/7/1 1202/8/1
f 1146/143/6 1147/144/6 1153/7/6 1152/8/6
f 1149/143/414 1151/144/415 1153/7/416 1147/8/417
f 1150/143/418 1148/144/418 1146/7/419 1152/8/419
f 1148/143/418 1156/143/418 1154/8/419 1146/8/419
f 1183/144/3 1187/144/3 1186/143/3 1182/143/3
f 1147/7/417 1155/7/420 1157/144/421 1149/144/414
f 1146/8/6 1154/8/6 1155/7/6 1147/7/6
f 1152/143/419 1160/143/419 1158/8/418 1150/8/418
f 1153/144/6 1161/144/6 1160/143/6 1152/143/6
f 1151/7/415 1159/7/422 1161/144/423 1153/144/416
f 1184/8/3 1188/8/3 1189/7/3 1185/7/3
f 1156/143/418 1164/143/418 1162/8/419 1154/8/419
f 1187/144/3 1191/144/3 1190/143/3 1186/143/3
f 1155/7/420 1163/7/424 1165/144/425 1157/144/421
f 1154/8/6 1162/8/6 1163/7/6 1155/7/6
f 1160/143/419 1168/143/419 1166/8/418 1158/8/418
f 1161/144/6 1169/144/6 1168/143/6 1160/143/6
f 1159/7/422 1167/7/425 1169/144/424 1161/144/423
f 1188/8/3 1192/8/3 1193/7/3 1189/7/3
f 1150/143/418 1172/143/426 1170/8/426 1148/8/418
f 1149/7/414 1171/7/427 1173/144/427 1151/144/415
f 1157/144/421 1175/144/427 1171/144/427 1149/144/414
f 1148/143/418 1170/143/426 1174/143/426 1156/143/418
f 1158/8/418 1176/8/426 1172/8/426 1150/8/418
f 1151/7/415 1173/7/427 1177/7/427 1159/7/422
f 1165/144/425 1179/144/427 1175/144/427 1157/144/421
f 1196/143/4 1198/143/4 1199/144/4 1197/144/4
f 1156/143/418 1174/143/426 1178/143/426 1164/143/418
f 1166/8/418 1180/8/426 1176/8/426 1158/8/418
f 1203/7/1 1207/7/1 1206/8/1 1202/8/1
f 1159/7/422 1177/7/427 1181/7/427 1167/7/425
f 1172/143/426 1184/143/428 1182/8/428 1170/8/426
f 1171/7/427 1183/7/21 1185/144/21 1173/144/427
f 1175/144/427 1187/144/21 1183/144/21 1171/144/427
f 1170/143/426 1182/143/428 1186/143/428 1174/143/426
f 1176/8/426 1188/8/428 1184/8/428 1172/8/426
f 1173/7/427 1185/7/21 1189/7/21 1177/7/427
f 1179/144/427 1191/144/21 1187/144/21 1175/144/427
f 1198/143/4 1200/143/4 1201/144/4 1199/144/4
f 1174/143/426 1186/143/428 1190/143/428 1178/143/426
f 1180/8/426 1192/8/428 1188/8/428 1176/8/426
f 1207/7/1 1209/7/1 1208/8/1 1206/8/1
f 1177/7/427 1189/7/21 1193/7/21 1181/7/427
f 1164/143/418 1196/143/418 1194/8/419 1162/8/419
f 1163/7/424 1195/7/424 1197/144/425 1165/144/425
f 1162/8/6 1194/8/6 1195/7/6 1163/7/6
f 1178/143/426 1198/143/426 1196/143/418 1164/143/418
f 1165/144/425 1197/144/425 1199/144/427 1179/144/427
f 1190/143/428 1200/143/428 1198/143/426 1178/143/426
f 1191/144/3 1201/144/3 1200/143/3 1190/143/3
f 1179/144/427 1199/144/427 1201/144/21 1191/144/21
f 1168/143/419 1204/143/419 1202/8/418 1166/8/418
f 1169/144/6 1205/144/6 1204/143/6 1168/143/6
f 1167/7/425 1203/7/425 1205/144/424 1169/144/424
f 1181/7/427 1207/7/427 1203/7/425 1167/7/425
f 1166/8/418 1202/8/418 1206/8/426 1180/8/426
f 1193/7/21 1209/7/21 1207/7/427 1181/7/427
f 1192/8/3 1208/8/3 1209/7/3 1193/7/3
f 1180/8/426 1206/8/426 1208/8/428 1192/8/428
f 1540/143/4 1541/144/4 1539/7/4 1538/8/4
f 1518/143/3 1519/144/3 1517/7/3 1516/8/3
f 1544/143/1 1545/144/1 1543/7/1 1542/8/1
f 1514/143/6 1515/144/6 1521/7/6 1520/8/6
f 1517/143/21 1519/144/21 1521/7/21 1515/8/21
f 1518/143/22 1516/144/22 1514/7/22 1520/8/22
f 1516/143/22 1524/143/22 1522/8/22 1514/8/22
f 1531/144/3 1533/144/3 1532/143/3 1530/143/3
f 1515/7/21 1523/7/21 1525/144/21 1517/144/21
f 1514/8/6 1522/8/6 1523/7/6 1515/7/6
f 1520/143/22 1528/143/22 1526/8/22 1518/8/22
f 1521/144/6 1529/144/6 1528/143/6 1520/143/6
f 1519/7/21 1527/7/21 1529/144/21 1521/144/21
f 1534/8/3 1536/8/3 1537/7/3 1535/7/3
f 1517/144/1 1531/144/1 1530/143/1 1516/143/1
f 1525/144/21 1533/144/21 1531/144/21 1517/144/21
f 1524/143/4 1532/143/4 1533/144/4 1525/144/4
f 1516/143/22 1530/143/22 1532/143/22 1524/143/22
f 1518/8/4 1534/8/4 1535/7/4 1519/7/4
f 1526/8/22 1536/8/22 1534/8/22 1518/8/22
f 1527/7/1 1537/7/1 1536/8/1 1526/8/1
f 1519/7/21 1535/7/21 1537/7/21 1527/7/21
f 1524/143/22 1540/143/22 1538/8/22 1522/8/22
f 1525/144/3 1541/144/3 1540/143/3 1524/143/3
f 1523/7/21 1539/7/21 1541/144/21 1525/144/21
f 1522/8/6 1538/8/6 1539/7/6 1523/7/6
f 1528/143/22 1544/143/22 1542/8/22 1526/8/22
f 1529/144/6 1545/144/6 1544/143/6 1528/143/6
f 1527/7/21 1543/7/21 1545/144/21 1529/144/21
f 1526/8/3 1542/8/3 1543/7/3 1527/7/3
usemtl Mat
f 2052/143/4 2053/144/4 2051/7/4 2050/8/4
f 2054/143/3 2055/144/3 2053/7/3 2052/8/3
f 2056/143/1 2057/144/1 2055/7/1 2054/8/1
f 2050/143/6 2051/144/6 2057/7/6 2056/8/6
f 2053/143/21 2055/144/21 2057/7/21 2051/8/21
f 2054/143/22 2052/144/22 2050/7/22 2056/8/22
usemtl Indicator_2
f 2091/570/874 2095/736/284 2094/737/285 2090/8/286
f 2095/736/287 2107/738/288 2106/739/289 2094/737/290
f 2107/738/288 2119/740/291 2118/741/292 2106/739/289
f 2119/740/291 2131/742/293 2130/743/294 2118/741/292
f 2131/742/295 2143/579/296 2142/7/297 2130/743/298
f 2096/744/299 2095/736/284 2091/581/874
f 2096/744/300 2108/745/301 2107/738/288 2095/736/287
f 2108/745/301 2120/746/302 2119/740/291 2107/738/288
f 2120/746/302 2132/747/303 2131/742/293 2119/740/291
f 2132/747/304 2143/585/296 2131/742/295
f 2097/748/305 2096/744/299 2091/587/874
f 2097/748/306 2109/749/307 2108/745/308 2096/744/309
f 2109/749/307 2121/750/389 2120/746/311 2108/745/308
f 2121/750/389 2133/751/312 2132/747/313 2120/746/311
f 2133/751/314 2143/591/296 2132/747/304
f 2092/592/875 2098/752/876 2097/737/305 2091/8/874
f 2098/752/317 2110/753/318 2109/739/307 2097/737/306
f 2110/753/318 2122/754/319 2121/741/389 2109/739/307
f 2122/754/319 2134/755/320 2133/743/312 2121/741/389
f 2134/755/321 2144/597/322 2143/7/296 2133/743/314
f 2099/756/323 2098/752/876 2092/599/875
f 2099/756/324 2111/757/325 2110/753/318 2098/752/317
f 2111/757/325 2123/758/326 2122/754/319 2110/753/318
f 2123/758/326 2135/759/327 2134/755/320 2122/754/319
f 2135/759/328 2144/603/322 2134/755/321
f 2100/748/329 2099/756/323 2092/604/875
f 2100/748/877 2112/749/878 2111/757/332 2099/756/333
f 2112/749/878 2124/750/334 2123/758/335 2111/757/332
f 2124/750/334 2136/751/879 2135/759/337 2123/758/335
f 2136/751/338 2144/605/322 2135/759/328
f 2093/570/392 2101/736/340 2100/737/329 2092/8/875
f 2101/736/341 2113/738/342 2112/739/878 2100/737/877
f 2113/738/342 2125/740/393 2124/741/334 2112/739/878
f 2125/740/393 2137/742/344 2136/743/879 2124/741/334
f 2137/742/345 2145/579/346 2144/7/322 2136/743/338
f 2102/744/347 2101/736/340 2093/581/392
f 2102/744/348 2114/745/349 2113/738/342 2101/736/341
f 2114/745/349 2126/746/350 2125/740/393 2113/738/342
f 2126/746/350 2138/747/351 2137/742/344 2125/740/393
f 2138/747/352 2145/585/346 2137/742/345
f 2103/748/353 2102/744/347 2093/587/392
f 2103/748/354 2115/749/880 2114/745/356 2102/744/357
f 2115/749/880 2127/750/881 2126/746/882 2114/745/356
f 2127/750/881 2139/751/360 2138/747/361 2126/746/882
f 2139/751/362 2145/591/346 2138/747/352
f 2090/592/286 2104/752/363 2103/737/353 2093/8/392
f 2104/752/364 2116/753/365 2115/739/880 2103/737/354
f 2116/753/365 2128/754/366 2127/741/881 2115/739/880
f 2128/754/366 2140/755/367 2139/743/360 2127/741/881
f 2140/755/368 2142/597/297 2145/7/346 2139/743/362
f 2105/756/369 2104/752/363 2090/599/286
f 2105/756/370 2117/757/371 2116/753/365 2104/752/364
f 2117/757/371 2129/758/372 2128/754/366 2116/753/365
f 2129/758/372 2141/759/373 2140/755/367 2128/754/366
f 2141/759/374 2142/603/297 2140/755/368
f 2094/748/285 2105/756/369 2090/604/286
f 2094/748/290 2106/749/289 2117/757/375 2105/756/376
f 2106/749/289 2118/750/292 2129/758/377 2117/757/375
f 2118/750/292 2130/751/294 2141/759/378 2129/758/377
f 2130/751/298 2142/605/297 2141/759/374
f 2143/143/296 2144/144/322 2145/7/346 2142/8/297
f 2093/8/392 2092/143/875 2091/144/874 2090/7/286
f 2147/570/874 2151/736/284 2150/737/285 2146/8/286
f 2151/736/287 2163/738/288 2162/739/289 2150/737/380
f 2163/738/288 2175/740/291 2174/741/381 2162/739/289
f 2175/740/291 2187/742/293 2186/743/383 2174/741/381
f 2187/742/295 2199/579/296 2198/7/297 2186/743/298
f 2152/744/299 2151/736/284 2147/581/874
f 2152/744/385 2164/745/386 2163/738/288 2151/736/287
f 2164/745/386 2176/746/883 2175/740/291 2163/738/288
f 2176/746/883 2188/747/388 2187/742/293 2175/740/291
f 2188/747/304 2199/585/296 2187/742/295
f 2153/748/305 2152/744/299 2147/587/874
f 2153/748/306 2165/749/307 2164/745/308 2152/744/309
f 2165/749/307 2177/750/389 2176/746/311 2164/745/308
f 2177/750/389 2189/751/312 2188/747/313 2176/746/311
f 2189/751/314 2199/591/296 2188/747/304
f 2148/592/315 2154/752/316 2153/737/305 2147/8/874
f 2154/752/317 2166/753/318 2165/739/307 2153/737/306
f 2166/753/318 2178/754/319 2177/741/389 2165/739/307
f 2178/754/319 2190/755/320 2189/743/312 2177/741/389
f 2190/755/321 2200/597/390 2199/7/296 2189/743/314
f 2155/756/323 2154/752/316 2148/599/315
f 2155/756/324 2167/757/325 2166/753/318 2154/752/317
f 2167/757/325 2179/758/326 2178/754/319 2166/753/318
f 2179/758/326 2191/759/327 2190/755/320 2178/754/319
f 2191/759/328 2200/603/390 2190/755/321
f 2156/748/329 2155/756/323 2148/604/315
f 2156/748/330 2168/749/331 2167/757/332 2155/756/333
f 2168/749/331 2180/750/334 2179/758/335 2167/757/332
f 2180/750/334 2192/751/336 2191/759/337 2179/758/335
f 2192/751/338 2200/605/390 2191/759/328
f 2149/570/392 2157/736/340 2156/737/329 2148/8/315
f 2157/736/341 2169/738/342 2168/739/331 2156/737/330
f 2169/738/342 2181/740/393 2180/741/334 2168/739/331
f 2181/740/393 2193/742/884 2192/743/336 2180/741/334
f 2193/742/345 2201/579/346 2200/7/390 2192/743/338
f 2158/744/347 2157/736/340 2149/581/392
f 2158/744/348 2170/745/349 2169/738/342 2157/736/341
f 2170/745/349 2182/746/350 2181/740/393 2169/738/342
f 2182/746/350 2194/747/351 2193/742/884 2181/740/393
f 2194/747/352 2201/585/346 2193/742/345
f 2159/748/353 2158/744/347 2149/587/392
f 2159/748/354 2171/749/355 2170/745/356 2158/744/357
f 2171/749/355 2183/750/358 2182/746/359 2170/745/356
f 2183/750/358 2195/751/360 2194/747/361 2182/746/359
f 2195/751/362 2201/591/346 2194/747/352
f 2146/592/286 2160/752/363 2159/737/353 2149/8/392
f 2160/752/885 2172/753/394 2171/739/355 2159/737/354
f 2172/753/394 2184/754/395 2183/741/358 2171/739/355
f 2184/754/395 2196/755/886 2195/743/360 2183/741/358
f 2196/755/368 2198/597/297 2201/7/346 2195/743/362
f 2161/756/369 2160/752/363 2146/599/286
f 2161/756/370 2173/757/371 2172/753/394 2160/752/885
f 2173/757/371 2185/758/372 2184/754/395 2172/753/394
f 2185/758/372 2197/759/373 2196/755/886 2184/754/395
f 2197/759/374 2198/603/297 2196/755/368
f 2150/748/285 2161/756/369 2146/604/286
f 2150/748/380 2162/749/289 2173/757/375 2161/756/376
f 2162/749/289 2174/750/381 2185/758/377 2173/757/375
f 2174/750/381 2186/751/383 2197/759/887 2185/758/377
f 2186/751/298 2198/605/297 2197/759/374
f 2199/143/296 2200/144/390 2201/7/346 2198/8/297
f 2149/8/392 2148/143/315 2147/144/874 2146/7/286
usemtl Mat.1
f 2206/2/1 2204/3/1 2202/760/1
f 2206/5/24 2207/6/24 2205/7/22 2204/8/22
f 2207/9/4 2203/760/4 2205/12/4
f 2208/14/1 2206/2/1 2202/760/1
f 2208/15/26 2209/16/26 2207/6/24 2206/5/24
f 2209/17/4 2203/760/4 2207/9/4
f 2210/20/1 2208/14/1 2202/760/1
f 2210/21/28 2211/22/28 2209/16/26 2208/15/26
f 2211/23/4 2203/760/4 2209/17/4
f 2212/26/1 2210/20/1 2202/760/1
f 2212/27/888 2213/28/888 2211/22/28 2210/21/28
f 2213/29/4 2203/760/4 2211/23/4
f 2214/32/1 2212/26/1 2202/760/1
f 2214/33/889 2215/34/889 2213/28/888 2212/27/888
f 2215/35/4 2203/760/4 2213/29/4
f 2216/38/1 2214/32/1 2202/760/1
f 2216/39/34 2217/40/34 2215/34/889 2214/33/889
f 2217/41/4 2203/760/4 2215/35/4
f 2218/44/1 2216/38/1 2202/760/1
f 2218/45/36 2219/46/36 2217/40/34 2216/39/34
f 2219/47/4 2203/760/4 2217/41/4
f 2220/50/1 2218/44/1 2202/760/1
f 2220/51/38 2221/52/38 2219/46/36 2218/45/36
f 2221/53/4 2203/760/4 2219/47/4
f 2222/56/1 2220/50/1 2202/760/1
f 2222/57/3 2223/58/3 2221/52/38 2220/51/38
f 2223/56/4 2203/760/4 2221/53/4
f 2224/53/1 2222/56/1 2202/760/1
f 2224/59/2 2225/60/2 2223/58/3 2222/57/3
f 2225/50/4 2203/760/4 2223/56/4
f 2226/47/1 2224/53/1 2202/760/1
f 2226/61/7 2227/62/7 2225/60/2 2224/59/2
f 2227/44/4 2203/760/4 2225/50/4
f 2228/41/1 2226/47/1 2202/760/1
f 2228/63/9 2229/64/9 2227/62/7 2226/61/7
f 2229/38/4 2203/760/4 2227/44/4
f 2230/35/1 2228/41/1 2202/760/1
f 2230/65/11 2231/66/11 2229/64/9 2228/63/9
f 2231/32/4 2203/760/4 2229/38/4
f 2232/29/1 2230/35/1 2202/760/1
f 2232/67/890 2233/68/890 2231/66/11 2230/65/11
f 2233/26/4 2203/760/4 2231/32/4
f 2234/23/1 2232/29/1 2202/760/1
f 2234/69/15 2235/70/15 2233/68/890 2232/67/890
f 2235/20/4 2203/760/4 2233/26/4
f 2236/17/1 2234/23/1 2202/760/1
f 2236/71/17 2237/72/17 2235/70/15 2234/69/15
f 2237/14/4 2203/760/4 2235/20/4
f 2238/9/1 2236/17/1 2202/760/1
f 2238/73/19 2239/74/19 2237/72/17 2236/71/17
f 2239/2/4 2203/760/4 2237/14/4
f 2240/12/1 2238/9/1 2202/760/1
f 2240/75/21 2241/56/21 2239/74/19 2238/73/19
f 2241/3/4 2203/760/4 2239/2/4
f 2242/77/1 2240/12/1 2202/760/1
f 2242/78/23 2243/79/23 2241/56/21 2240/75/21
f 2243/80/4 2203/760/4 2241/3/4
f 2244/83/1 2242/77/1 2202/760/1
f 2244/84/25 2245/85/25 2243/79/23 2242/78/23
f 2245/86/4 2203/760/4 2243/80/4
f 2246/89/1 2244/83/1 2202/760/1
f 2246/90/27 2247/91/27 2245/85/25 2244/84/25
f 2247/92/4 2203/760/4 2245/86/4
f 2248/95/1 2246/89/1 2202/760/1
f 2248/96/29 2249/97/29 2247/91/27 2246/90/27
f 2249/98/4 2203/760/4 2247/92/4
f 2250/101/1 2248/95/1 2202/760/1
f 2250/102/31 2251/103/31 2249/97/29 2248/96/29
f 2251/104/4 2203/760/4 2249/98/4
f 2252/107/1 2250/101/1 2202/760/1
f 2252/108/33 2253/109/33 2251/103/31 2250/102/31
f 2253/110/4 2203/760/4 2251/104/4
f 2254/113/1 2252/107/1 2202/760/1
f 2254/114/35 2255/115/35 2253/109/33 2252/108/33
f 2255/116/4 2203/760/4 2253/110/4
f 2256/119/1 2254/113/1 2202/760/1
f 2256/120/891 2257/121/891 2255/115/35 2254/114/35
f 2257/122/4 2203/760/4 2255/116/4
f 2258/75/1 2256/119/1 2202/760/1
f 2258/125/6 2259/126/6 2257/121/891 2256/120/891
f 2259/75/4 2203/760/4 2257/122/4
f 2260/122/1 2258/75/1 2202/760/1
f 2260/127/892 2261/128/892 2259/126/6 2258/125/6
f 2261/119/4 2203/760/4 2259/75/4
f 2262/116/1 2260/122/1 2202/760/1
f 2262/129/8 2263/130/8 2261/128/892 2260/127/892
f 2263/113/4 2203/760/4 2261/119/4
f 2264/110/1 2262/116/1 2202/760/1
f 2264/131/10 2265/132/10 2263/130/8 2262/129/8
f 2265/107/4 2203/760/4 2263/113/4
f 2266/104/1 2264/110/1 2202/760/1
f 2266/133/12 2267/134/12 2265/132/10 2264/131/10
f 2267/101/4 2203/760/4 2265/107/4
f 2268/98/1 2266/104/1 2202/760/1
f 2268/135/14 2269/136/14 2267/134/12 2266/133/12
f 2269/95/4 2203/760/4 2267/101/4
f 2270/92/1 2268/98/1 2202/760/1
f 2270/137/16 2271/138/16 2269/136/14 2268/135/14
f 2271/89/4 2203/760/4 2269/95/4
f 2272/86/1 2270/92/1 2202/760/1
f 2272/139/18 2273/140/18 2271/138/16 2270/137/16
f 2273/83/4 2203/760/4 2271/89/4
f 2274/80/1 2272/86/1 2202/760/1
f 2274/141/20 2275/142/20 2273/140/18 2272/139/18
f 2275/77/4 2203/760/4 2273/83/4
f 2204/3/1 2274/80/1 2202/760/1
f 2204/143/22 2205/144/22 2275/142/20 2274/141/20
f 2205/12/4 2203/760/4 2275/77/4
f 2280/2/4 2278/3/4 2276/760/4
f 2280/5/893 2281/6/893 2279/7/21 2278/8/21
f 2281/9/1 2277/760/1 2279/12/1
f 2282/14/4 2280/2/4 2276/760/4
f 2282/15/17 2283/16/17 2281/6/893 2280/5/893
f 2283/17/1 2277/760/1 2281/9/1
f 2284/20/4 2282/14/4 2276/760/4
f 2284/21/15 2285/22/15 2283/16/17 2282/15/17
f 2285/23/1 2277/760/1 2283/17/1
f 2286/26/4 2284/20/4 2276/760/4
f 2286/27/890 2287/28/890 2285/22/15 2284/21/15
f 2287/29/1 2277/760/1 2285/23/1
f 2288/32/4 2286/26/4 2276/760/4
f 2288/33/11 2289/34/11 2287/28/890 2286/27/890
f 2289/35/1 2277/760/1 2287/29/1
f 2290/38/4 2288/32/4 2276/760/4
f 2290/39/9 2291/40/9 2289/34/11 2288/33/11
f 2291/41/1 2277/760/1 2289/35/1
f 2292/44/4 2290/38/4 2276/760/4
f 2292/45/7 2293/46/7 2291/40/9 2290/39/9
f 2293/47/1 2277/760/1 2291/41/1
f 2294/50/4 2292/44/4 2276/760/4
f 2294/51/2 2295/52/2 2293/46/7 2292/45/7
f 2295/53/1 2277/760/1 2293/47/1
f 2296/56/4 2294/50/4 2276/760/4
f 2296/57/3 2297/58/3 2295/52/2 2294/51/2
f 2297/56/1 2277/760/1 2295/53/1
f 2298/53/4 2296/56/4 2276/760/4
f 2298/59/38 2299/60/38 2297/58/3 2296/57/3
f 2299/50/1 2277/760/1 2297/56/1
f 2300/47/4 2298/53/4 2276/760/4
f 2300/61/36 2301/62/36 2299/60/38 2298/59/38
f 2301/44/1 2277/760/1 2299/50/1
f 2302/41/4 2300/47/4 2276/760/4
f 2302/63/34 2303/64/34 2301/62/36 2300/61/36
f 2303/38/1 2277/760/1 2301/44/1
f 2304/35/4 2302/41/4 2276/760/4
f 2304/65/32 2305/66/32 2303/64/34 2302/63/34
f 2305/32/1 2277/760/1 2303/38/1
f 2306/29/4 2304/35/4 2276/760/4
f 2306/67/888 2307/68/888 2305/66/32 2304/65/32
f 2307/26/1 2277/760/1 2305/32/1
f 2308/23/4 2306/29/4 2276/760/4
f 2308/69/28 2309/70/28 2307/68/888 2306/67/888
f 2309/20/1 2277/760/1 2307/26/1
f 2310/17/4 2308/23/4 2276/760/4
f 2310/71/26 2311/72/26 2309/70/28 2308/69/28
f 2311/14/1 2277/760/1 2309/20/1
f 2312/9/4 2310/17/4 2276/760/4
f 2312/73/894 2313/74/894 2311/72/26 2310/71/26
f 2313/2/1 2277/760/1 2311/14/1
f 2314/12/4 2312/9/4 2276/760/4
f 2314/75/22 2315/56/22 2313/74/894 2312/73/894
f 2315/3/1 2277/760/1 2313/2/1
f 2316/77/4 2314/12/4 2276/760/4
f 2316/78/20 2317/79/20 2315/56/22 2314/75/22
f 2317/80/1 2277/760/1 2315/3/1
f 2318/83/4 2316/77/4 2276/760/4
f 2318/84/18 2319/85/18 2317/79/20 2316/78/20
f 2319/86/1 2277/760/1 2317/80/1
f 2320/89/4 2318/83/4 2276/760/4
f 2320/90/16 2321/91/16 2319/85/18 2318/84/18
f 2321/92/1 2277/760/1 2319/86/1
f 2322/95/4 2320/89/4 2276/760/4
f 2322/96/14 2323/97/14 2321/91/16 2320/90/16
f 2323/98/1 2277/760/1 2321/92/1
f 2324/101/4 2322/95/4 2276/760/4
f 2324/102/12 2325/103/12 2323/97/14 2322/96/14
f 2325/104/1 2277/760/1 2323/98/1
f 2326/107/4 2324/101/4 2276/760/4
f 2326/108/10 2327/109/10 2325/103/12 2324/102/12
f 2327/110/1 2277/760/1 2325/104/1
f 2328/113/4 2326/107/4 2276/760/4
f 2328/114/8 2329/115/8 2327/109/10 2326/108/10
f 2329/116/1 2277/760/1 2327/110/1
f 2330/119/4 2328/113/4 2276/760/4
f 2330/120/892 2331/121/892 2329/115/8 2328/114/8
f 2331/122/1 2277/760/1 2329/116/1
f 2332/75/4 2330/119/4 2276/760/4
f 2332/125/6 2333/126/6 2331/121/892 2330/120/892
f 2333/75/1 2277/760/1 2331/122/1
f 2334/122/4 2332/75/4 2276/760/4
f 2334/127/891 2335/128/891 2333/126/6 2332/125/6
f 2335/119/1 2277/760/1 2333/75/1
f 2336/116/4 2334/122/4 2276/760/4
f 2336/129/35 2337/130/35 2335/128/891 2334/127/891
f 2337/113/1 2277/760/1 2335/119/1
f 2338/110/4 2336/116/4 2276/760/4
f 2338/131/33 2339/132/33 2337/130/35 2336/129/35
f 2339/107/1 2277/760/1 2337/113/1
f 2340/104/4 2338/110/4 2276/760/4
f 2340/133/31 2341/134/31 2339/132/33 2338/131/33
f 2341/101/1 2277/760/1 2339/107/1
f 2342/98/4 2340/104/4 2276/760/4
f 2342/135/29 2343/136/29 2341/134/31 2340/133/31
f 2343/95/1 2277/760/1 2341/101/1
f 2344/92/4 2342/98/4 2276/760/4
f 2344/137/27 2345/138/27 2343/136/29 2342/135/29
f 2345/89/1 2277/760/1 2343/95/1
f 2346/86/4 2344/92/4 2276/760/4
f 2346/139/25 2347/140/25 2345/138/27 2344/137/27
f 2347/83/1 2277/760/1 2345/89/1
f 2348/80/4 2346/86/4 2276/760/4
f 2348/141/23 2349/142/23 2347/140/25 2346/139/25
f 2349/77/1 2277/760/1 2347/83/1
f 2278/3/4 2348/80/4 2276/760/4
f 2278/143/21 2279/144/21 2349/142/23 2348/141/23
f 2279/12/1 2277/760/1 2349/77/1
f 2354/2/6 2352/3/6 2350/760/6
f 2354/5/895 2355/6/895 2353/7/21 2352/8/21
f 2355/9/3 2351/760/3 2353/12/3
f 2356/14/6 2354/2/6 2350/760/6
f 2356/15/896 2357/16/896 2355/6/895 2354/5/895
f 2357/17/3 2351/760/3 2355/9/3
f 2358/20/6 2356/14/6 2350/760/6
f 2358/21/897 2359/22/897 2357/16/896 2356/15/896
f 2359/23/3 2351/760/3 2357/17/3
f 2360/26/6 2358/20/6 2350/760/6
f 2360/27/898 2361/28/898 2359/22/897 2358/21/897
f 2361/29/3 2351/760/3 2359/23/3
f 2362/32/6 2360/26/6 2350/760/6
f 2362/33/899 2363/34/899 2361/28/898 2360/27/898
f 2363/35/3 2351/760/3 2361/29/3
f 2364/38/6 2362/32/6 2350/760/6
f 2364/39/900 2365/40/900 2363/34/899 2362/33/899
f 2365/41/3 2351/760/3 2363/35/3
f 2366/44/6 2364/38/6 2350/760/6
f 2366/45/901 2367/46/901 2365/40/900 2364/39/900
f 2367/47/3 2351/760/3 2365/41/3
f 2368/50/6 2366/44/6 2350/760/6
f 2368/51/902 2369/52/902 2367/46/901 2366/45/901
f 2369/53/3 2351/760/3 2367/47/3
f 2370/56/6 2368/50/6 2350/760/6
f 2370/57/4 2371/58/4 2369/52/902 2368/51/902
f 2371/56/3 2351/760/3 2369/53/3
f 2372/53/6 2370/56/6 2350/760/6
f 2372/59/903 2373/60/903 2371/58/4 2370/57/4
f 2373/50/3 2351/760/3 2371/56/3
f 2374/47/6 2372/53/6 2350/760/6
f 2374/61/904 2375/62/904 2373/60/903 2372/59/903
f 2375/44/3 2351/760/3 2373/50/3
f 2376/41/6 2374/47/6 2350/760/6
f 2376/63/905 2377/64/905 2375/62/904 2374/61/904
f 2377/38/3 2351/760/3 2375/44/3
f 2378/35/6 2376/41/6 2350/760/6
f 2378/65/906 2379/66/906 2377/64/905 2376/63/905
f 2379/32/3 2351/760/3 2377/38/3
f 2380/29/6 2378/35/6 2350/760/6
f 2380/67/907 2381/68/907 2379/66/906 2378/65/906
f 2381/26/3 2351/760/3 2379/32/3
f 2382/23/6 2380/29/6 2350/760/6
f 2382/69/908 2383/70/908 2381/68/907 2380/67/907
f 2383/20/3 2351/760/3 2381/26/3
f 2384/17/6 2382/23/6 2350/760/6
f 2384/71/909 2385/72/909 2383/70/908 2382/69/908
f 2385/14/3 2351/760/3 2383/20/3
f 2386/9/6 2384/17/6 2350/760/6
f 2386/73/910 2387/74/910 2385/72/909 2384/71/909
f 2387/2/3 2351/760/3 2385/14/3
f 2388/12/6 2386/9/6 2350/760/6
f 2388/75/22 2389/56/22 2387/74/910 2386/73/910
f 2389/3/3 2351/760/3 2387/2/3
f 2390/77/6 2388/12/6 2350/760/6
f 2390/78/911 2391/79/911 2389/56/22 2388/75/22
f 2391/80/3 2351/760/3 2389/3/3
f 2392/83/6 2390/77/6 2350/760/6
f 2392/84/912 2393/85/912 2391/79/911 2390/78/911
f 2393/86/3 2351/760/3 2391/80/3
f 2394/89/6 2392/83/6 2350/760/6
f 2394/90/913 2395/91/913 2393/85/912 2392/84/912
f 2395/92/3 2351/760/3 2393/86/3
f 2396/95/6 2394/89/6 2350/760/6
f 2396/96/914 2397/97/914 2395/91/913 2394/90/913
f 2397/98/3 2351/760/3 2395/92/3
f 2398/101/6 2396/95/6 2350/760/6
f 2398/102/915 2399/103/915 2397/97/914 2396/96/914
f 2399/104/3 2351/760/3 2397/98/3
f 2400/107/6 2398/101/6 2350/760/6
f 2400/108/916 2401/109/916 2399/103/915 2398/102/915
f 2401/110/3 2351/760/3 2399/104/3
f 2402/113/6 2400/107/6 2350/760/6
f 2402/114/917 2403/115/917 2401/109/916 2400/108/916
f 2403/116/3 2351/760/3 2401/110/3
f 2404/119/6 2402/113/6 2350/760/6
f 2404/120/918 2405/121/918 2403/115/917 2402/114/917
f 2405/122/3 2351/760/3 2403/116/3
f 2406/75/6 2404/119/6 2350/760/6
f 2406/125/1 2407/126/1 2405/121/918 2404/120/918
f 2407/75/3 2351/760/3 2405/122/3
f 2408/122/6 2406/75/6 2350/760/6
f 2408/127/919 2409/128/919 2407/126/1 2406/125/1
f 2409/119/3 2351/760/3 2407/75/3
f 2410/116/6 2408/122/6 2350/760/6
f 2410/129/920 2411/130/920 2409/128/919 2408/127/919
f 2411/113/3 2351/760/3 2409/119/3
f 2412/110/6 2410/116/6 2350/760/6
f 2412/131/921 2413/132/921 2411/130/920 2410/129/920
f 2413/107/3 2351/760/3 2411/113/3
f 2414/104/6 2412/110/6 2350/760/6
f 2414/133/922 2415/134/922 2413/132/921 2412/131/921
f 2415/101/3 2351/760/3 2413/107/3
f 2416/98/6 2414/104/6 2350/760/6
f 2416/135/923 2417/136/923 2415/134/922 2414/133/922
f 2417/95/3 2351/760/3 2415/101/3
f 2418/92/6 2416/98/6 2350/760/6
f 2418/137/924 2419/138/924 2417/136/923 2416/135/923
f 2419/89/3 2351/760/3 2417/95/3
f 2420/86/6 2418/92/6 2350/760/6
f 2420/139/925 2421/140/925 2419/138/924 2418/137/924
f 2421/83/3 2351/760/3 2419/89/3
f 2422/80/6 2420/86/6 2350/760/6
f 2422/141/926 2423/142/926 2421/140/925 2420/139/925
f 2423/77/3 2351/760/3 2421/83/3
f 2352/3/6 2422/80/6 2350/760/6
f 2352/143/21 2353/144/21 2423/142/926 2422/141/926
f 2353/12/3 2351/760/3 2423/77/3
f 2428/2/6 2426/3/6 2424/760/6
f 2428/5/895 2429/6/895 2427/7/21 2426/8/21
f 2429/9/3 2425/760/3 2427/12/3
f 2430/14/6 2428/2/6 2424/760/6
f 2430/15/896 2431/16/896 2429/6/895 2428/5/895
f 2431/17/3 2425/760/3 2429/9/3
f 2432/20/6 2430/14/6 2424/760/6
f 2432/21/897 2433/22/897 2431/16/896 2430/15/896
f 2433/23/3 2425/760/3 2431/17/3
f 2434/26/6 2432/20/6 2424/760/6
f 2434/27/898 2435/28/898 2433/22/897 2432/21/897
f 2435/29/3 2425/760/3 2433/23/3
f 2436/32/6 2434/26/6 2424/760/6
f 2436/33/899 2437/34/899 2435/28/898 2434/27/898
f 2437/35/3 2425/760/3 2435/29/3
f 2438/38/6 2436/32/6 2424/760/6
f 2438/39/900 2439/40/900 2437/34/899 2436/33/899
f 2439/41/3 2425/760/3 2437/35/3
f 2440/44/6 2438/38/6 2424/760/6
f 2440/45/901 2441/46/901 2439/40/900 2438/39/900
f 2441/47/3 2425/760/3 2439/41/3
f 2442/50/6 2440/44/6 2424/760/6
f 2442/51/927 2443/52/927 2441/46/901 2440/45/901
f 2443/53/3 2425/760/3 2441/47/3
f 2444/56/6 2442/50/6 2424/760/6
f 2444/57/4 2445/58/4 2443/52/927 2442/51/927
f 2445/56/3 2425/760/3 2443/53/3
f 2446/53/6 2444/56/6 2424/760/6
f 2446/59/928 2447/60/928 2445/58/4 2444/57/4
f 2447/50/3 2425/760/3 2445/56/3
f 2448/47/6 2446/53/6 2424/760/6
f 2448/61/904 2449/62/904 2447/60/928 2446/59/928
f 2449/44/3 2425/760/3 2447/50/3
f 2450/41/6 2448/47/6 2424/760/6
f 2450/63/905 2451/64/905 2449/62/904 2448/61/904
f 2451/38/3 2425/760/3 2449/44/3
f 2452/35/6 2450/41/6 2424/760/6
f 2452/65/906 2453/66/906 2451/64/905 2450/63/905
f 2453/32/3 2425/760/3 2451/38/3
f 2454/29/6 2452/35/6 2424/760/6
f 2454/67/907 2455/68/907 2453/66/906 2452/65/906
f 2455/26/3 2425/760/3 2453/32/3
f 2456/23/6 2454/29/6 2424/760/6
f 2456/69/908 2457/70/908 2455/68/907 2454/67/907
f 2457/20/3 2425/760/3 2455/26/3
f 2458/17/6 2456/23/6 2424/760/6
f 2458/71/909 2459/72/909 2457/70/908 2456/69/908
f 2459/14/3 2425/760/3 2457/20/3
f 2460/9/6 2458/17/6 2424/760/6
f 2460/73/910 2461/74/910 2459/72/909 2458/71/909
f 2461/2/3 2425/760/3 2459/14/3
f 2462/12/6 2460/9/6 2424/760/6
f 2462/75/22 2463/56/22 2461/74/910 2460/73/910
f 2463/3/3 2425/760/3 2461/2/3
f 2464/77/6 2462/12/6 2424/760/6
f 2464/78/911 2465/79/911 2463/56/22 2462/75/22
f 2465/80/3 2425/760/3 2463/3/3
f 2466/83/6 2464/77/6 2424/760/6
f 2466/84/912 2467/85/912 2465/79/911 2464/78/911
f 2467/86/3 2425/760/3 2465/80/3
f 2468/89/6 2466/83/6 2424/760/6
f 2468/90/913 2469/91/913 2467/85/912 2466/84/912
f 2469/92/3 2425/760/3 2467/86/3
f 2470/95/6 2468/89/6 2424/760/6
f 2470/96/929 2471/97/929 2469/91/913 2468/90/913
f 2471/98/3 2425/760/3 2469/92/3
f 2472/101/6 2470/95/6 2424/760/6
f 2472/102/915 2473/103/915 2471/97/929 2470/96/929
f 2473/104/3 2425/760/3 2471/98/3
f 2474/107/6 2472/101/6 2424/760/6
f 2474/108/916 2475/109/916 2473/103/915 2472/102/915
f 2475/110/3 2425/760/3 2473/104/3
f 2476/113/6 2474/107/6 2424/760/6
f 2476/114/917 2477/115/917 2475/109/916 2474/108/916
f 2477/116/3 2425/760/3 2475/110/3
f 2478/119/6 2476/113/6 2424/760/6
f 2478/120/930 2479/121/930 2477/115/917 2476/114/917
f 2479/122/3 2425/760/3 2477/116/3
f 2480/75/6 2478/119/6 2424/760/6
f 2480/125/1 2481/126/1 2479/121/930 2478/120/930
f 2481/75/3 2425/760/3 2479/122/3
f 2482/122/6 2480/75/6 2424/760/6
f 2482/127/931 2483/128/931 2481/126/1 2480/125/1
f 2483/119/3 2425/760/3 2481/75/3
f 2484/116/6 2482/122/6 2424/760/6
f 2484/129/920 2485/130/920 2483/128/931 2482/127/931
f 2485/113/3 2425/760/3 2483/119/3
f 2486/110/6 2484/116/6 2424/760/6
f 2486/131/921 2487/132/921 2485/130/920 2484/129/920
f 2487/107/3 2425/760/3 2485/113/3
f 2488/104/6 2486/110/6 2424/760/6
f 2488/133/932 2489/134/932 2487/132/921 2486/131/921
f 2489/101/3 2425/760/3 2487/107/3
f 2490/98/6 2488/104/6 2424/760/6
f 2490/135/933 2491/136/933 2489/134/932 2488/133/932
f 2491/95/3 2425/760/3 2489/101/3
f 2492/92/6 2490/98/6 2424/760/6
f 2492/137/924 2493/138/924 2491/136/933 2490/135/933
f 2493/89/3 2425/760/3 2491/95/3
f 2494/86/6 2492/92/6 2424/760/6
f 2494/139/925 2495/140/925 2493/138/924 2492/137/924
f 2495/83/3 2425/760/3 2493/89/3
f 2496/80/6 2494/86/6 2424/760/6
f 2496/141/926 2497/142/926 2495/140/925 2494/139/925
f 2497/77/3 2425/760/3 2495/83/3
f 2426/3/6 2496/80/6 2424/760/6
f 2426/143/21 2427/144/21 2497/142/926 2496/141/926
f 2427/12/3 2425/760/3 2497/77/3
f 2502/2/6 2500/3/6 2498/760/6
f 2502/5/895 2503/6/895 2501/7/21 2500/8/21
f 2503/9/3 2499/760/3 2501/12/3
f 2504/14/6 2502/2/6 2498/760/6
f 2504/15/896 2505/16/896 2503/6/895 2502/5/895
f 2505/17/3 2499/760/3 2503/9/3
f 2506/20/6 2504/14/6 2498/760/6
f 2506/21/897 2507/22/897 2505/16/896 2504/15/896
f 2507/23/3 2499/760/3 2505/17/3
f 2508/26/6 2506/20/6 2498/760/6
f 2508/27/898 2509/28/898 2507/22/897 2506/21/897
f 2509/29/3 2499/760/3 2507/23/3
f 2510/32/6 2508/26/6 2498/760/6
f 2510/33/899 2511/34/899 2509/28/898 2508/27/898
f 2511/35/3 2499/760/3 2509/29/3
f 2512/38/6 2510/32/6 2498/760/6
f 2512/39/900 2513/40/900 2511/34/899 2510/33/899
f 2513/41/3 2499/760/3 2511/35/3
f 2514/44/6 2512/38/6 2498/760/6
f 2514/45/901 2515/46/901 2513/40/900 2512/39/900
f 2515/47/3 2499/760/3 2513/41/3
f 2516/50/6 2514/44/6 2498/760/6
f 2516/51/902 2517/52/902 2515/46/901 2514/45/901
f 2517/53/3 2499/760/3 2515/47/3
f 2518/56/6 2516/50/6 2498/760/6
f 2518/57/4 2519/58/4 2517/52/902 2516/51/902
f 2519/56/3 2499/760/3 2517/53/3
f 2520/53/6 2518/56/6 2498/760/6
f 2520/59/903 2521/60/903 2519/58/4 2518/57/4
f 2521/50/3 2499/760/3 2519/56/3
f 2522/47/6 2520/53/6 2498/760/6
f 2522/61/904 2523/62/904 2521/60/903 2520/59/903
f 2523/44/3 2499/760/3 2521/50/3
f 2524/41/6 2522/47/6 2498/760/6
f 2524/63/905 2525/64/905 2523/62/904 2522/61/904
f 2525/38/3 2499/760/3 2523/44/3
f 2526/35/6 2524/41/6 2498/760/6
f 2526/65/906 2527/66/906 2525/64/905 2524/63/905
f 2527/32/3 2499/760/3 2525/38/3
f 2528/29/6 2526/35/6 2498/760/6
f 2528/67/907 2529/68/907 2527/66/906 2526/65/906
f 2529/26/3 2499/760/3 2527/32/3
f 2530/23/6 2528/29/6 2498/760/6
f 2530/69/908 2531/70/908 2529/68/907 2528/67/907
f 2531/20/3 2499/760/3 2529/26/3
f 2532/17/6 2530/23/6 2498/760/6
f 2532/71/909 2533/72/909 2531/70/908 2530/69/908
f 2533/14/3 2499/760/3 2531/20/3
f 2534/9/6 2532/17/6 2498/760/6
f 2534/73/910 2535/74/910 2533/72/909 2532/71/909
f 2535/2/3 2499/760/3 2533/14/3
f 2536/12/6 2534/9/6 2498/760/6
f 2536/75/22 2537/56/22 2535/74/910 2534/73/910
f 2537/3/3 2499/760/3 2535/2/3
f 2538/77/6 2536/12/6 2498/760/6
f 2538/78/911 2539/79/911 2537/56/22 2536/75/22
f 2539/80/3 2499/760/3 2537/3/3
f 2540/83/6 2538/77/6 2498/760/6
f 2540/84/912 2541/85/912 2539/79/911 2538/78/911
f 2541/86/3 2499/760/3 2539/80/3
f 2542/89/6 2540/83/6 2498/760/6
f 2542/90/913 2543/91/913 2541/85/912 2540/84/912
f 2543/92/3 2499/760/3 2541/86/3
f 2544/95/6 2542/89/6 2498/760/6
f 2544/96/929 2545/97/929 2543/91/913 2542/90/913
f 2545/98/3 2499/760/3 2543/92/3
f 2546/101/6 2544/95/6 2498/760/6
f 2546/102/915 2547/103/915 2545/97/929 2544/96/929
f 2547/104/3 2499/760/3 2545/98/3
f 2548/107/6 2546/101/6 2498/760/6
f 2548/108/916 2549/109/916 2547/103/915 2546/102/915
f 2549/110/3 2499/760/3 2547/104/3
f 2550/113/6 2548/107/6 2498/760/6
f 2550/114/917 2551/115/917 2549/109/916 2548/108/916
f 2551/116/3 2499/760/3 2549/110/3
f 2552/119/6 2550/113/6 2498/760/6
f 2552/120/930 2553/121/930 2551/115/917 2550/114/917
f 2553/122/3 2499/760/3 2551/116/3
f 2554/75/6 2552/119/6 2498/760/6
f 2554/125/1 2555/126/1 2553/121/930 2552/120/930
f 2555/75/3 2499/760/3 2553/122/3
f 2556/122/6 2554/75/6 2498/760/6
f 2556/127/931 2557/128/931 2555/126/1 2554/125/1
f 2557/119/3 2499/760/3 2555/75/3
f 2558/116/6 2556/122/6 2498/760/6
f 2558/129/920 2559/130/920 2557/128/931 2556/127/931
f 2559/113/3 2499/760/3 2557/119/3
f 2560/110/6 2558/116/6 2498/760/6
f 2560/131/921 2561/132/921 2559/130/920 2558/129/920
f 2561/107/3 2499/760/3 2559/113/3
f 2562/104/6 2560/110/6 2498/760/6
f 2562/133/922 2563/134/922 2561/132/921 2560/131/921
f 2563/101/3 2499/760/3 2561/107/3
f 2564/98/6 2562/104/6 2498/760/6
f 2564/135/933 2565/136/933 2563/134/922 2562/133/922
f 2565/95/3 2499/760/3 2563/101/3
f 2566/92/6 2564/98/6 2498/760/6
f 2566/137/924 2567/138/924 2565/136/933 2564/135/933
f 2567/89/3 2499/760/3 2565/95/3
f 2568/86/6 2566/92/6 2498/760/6
f 2568/139/925 2569/140/925 2567/138/924 2566/137/924
f 2569/83/3 2499/760/3 2567/89/3
f 2570/80/6 2568/86/6 2498/760/6
f 2570/141/934 2571/142/934 2569/140/925 2568/139/925
f 2571/77/3 2499/760/3 2569/83/3
f 2500/3/6 2570/80/6 2498/760/6
f 2500/143/21 2501/144/21 2571/142/934 2570/141/934
f 2501/12/3 2499/760/3 2571/77/3
f 2576/2/6 2574/3/6 2572/760/6
f 2576/5/895 2577/6/895 2575/7/21 2574/8/21
f 2577/9/3 2573/760/3 2575/12/3
f 2578/14/6 2576/2/6 2572/760/6
f 2578/15/896 2579/16/896 2577/6/895 2576/5/895
f 2579/17/3 2573/760/3 2577/9/3
f 2580/20/6 2578/14/6 2572/760/6
f 2580/21/897 2581/22/897 2579/16/896 2578/15/896
f 2581/23/3 2573/760/3 2579/17/3
f 2582/26/6 2580/20/6 2572/760/6
f 2582/27/898 2583/28/898 2581/22/897 2580/21/897
f 2583/29/3 2573/760/3 2581/23/3
f 2584/32/6 2582/26/6 2572/760/6
f 2584/33/899 2585/34/899 2583/28/898 2582/27/898
f 2585/35/3 2573/760/3 2583/29/3
f 2586/38/6 2584/32/6 2572/760/6
f 2586/39/900 2587/40/900 2585/34/899 2584/33/899
f 2587/41/3 2573/760/3 2585/35/3
f 2588/44/6 2586/38/6 2572/760/6
f 2588/45/901 2589/46/901 2587/40/900 2586/39/900
f 2589/47/3 2573/760/3 2587/41/3
f 2590/50/6 2588/44/6 2572/760/6
f 2590/51/902 2591/52/902 2589/46/901 2588/45/901
f 2591/53/3 2573/760/3 2589/47/3
f 2592/56/6 2590/50/6 2572/760/6
f 2592/57/4 2593/58/4 2591/52/902 2590/51/902
f 2593/56/3 2573/760/3 2591/53/3
f 2594/53/6 2592/56/6 2572/760/6
f 2594/59/903 2595/60/903 2593/58/4 2592/57/4
f 2595/50/3 2573/760/3 2593/56/3
f 2596/47/6 2594/53/6 2572/760/6
f 2596/61/904 2597/62/904 2595/60/903 2594/59/903
f 2597/44/3 2573/760/3 2595/50/3
f 2598/41/6 2596/47/6 2572/760/6
f 2598/63/905 2599/64/905 2597/62/904 2596/61/904
f 2599/38/3 2573/760/3 2597/44/3
f 2600/35/6 2598/41/6 2572/760/6
f 2600/65/906 2601/66/906 2599/64/905 2598/63/905
f 2601/32/3 2573/760/3 2599/38/3
f 2602/29/6 2600/35/6 2572/760/6
f 2602/67/907 2603/68/907 2601/66/906 2600/65/906
f 2603/26/3 2573/760/3 2601/32/3
f 2604/23/6 2602/29/6 2572/760/6
f 2604/69/908 2605/70/908 2603/68/907 2602/67/907
f 2605/20/3 2573/760/3 2603/26/3
f 2606/17/6 2604/23/6 2572/760/6
f 2606/71/909 2607/72/909 2605/70/908 2604/69/908
f 2607/14/3 2573/760/3 2605/20/3
f 2608/9/6 2606/17/6 2572/760/6
f 2608/73/910 2609/74/910 2607/72/909 2606/71/909
f 2609/2/3 2573/760/3 2607/14/3
f 2610/12/6 2608/9/6 2572/760/6
f 2610/75/22 2611/56/22 2609/74/910 2608/73/910
f 2611/3/3 2573/760/3 2609/2/3
f 2612/77/6 2610/12/6 2572/760/6
f 2612/78/911 2613/79/911 2611/56/22 2610/75/22
f 2613/80/3 2573/760/3 2611/3/3
f 2614/83/6 2612/77/6 2572/760/6
f 2614/84/912 2615/85/912 2613/79/911 2612/78/911
f 2615/86/3 2573/760/3 2613/80/3
f 2616/89/6 2614/83/6 2572/760/6
f 2616/90/913 2617/91/913 2615/85/912 2614/84/912
f 2617/92/3 2573/760/3 2615/86/3
f 2618/95/6 2616/89/6 2572/760/6
f 2618/96/929 2619/97/929 2617/91/913 2616/90/913
f 2619/98/3 2573/760/3 2617/92/3
f 2620/101/6 2618/95/6 2572/760/6
f 2620/102/915 2621/103/915 2619/97/929 2618/96/929
f 2621/104/3 2573/760/3 2619/98/3
f 2622/107/6 2620/101/6 2572/760/6
f 2622/108/916 2623/109/916 2621/103/915 2620/102/915
f 2623/110/3 2573/760/3 2621/104/3
f 2624/113/6 2622/107/6 2572/760/6
f 2624/114/917 2625/115/917 2623/109/916 2622/108/916
f 2625/116/3 2573/760/3 2623/110/3
f 2626/119/6 2624/113/6 2572/760/6
f 2626/120/918 2627/121/918 2625/115/917 2624/114/917
f 2627/122/3 2573/760/3 2625/116/3
f 2628/75/6 2626/119/6 2572/760/6
f 2628/125/1 2629/126/1 2627/121/918 2626/120/918
f 2629/75/3 2573/760/3 2627/122/3
f 2630/122/6 2628/75/6 2572/760/6
f 2630/127/919 2631/128/919 2629/126/1 2628/125/1
f 2631/119/3 2573/760/3 2629/75/3
f 2632/116/6 2630/122/6 2572/760/6
f 2632/129/920 2633/130/920 2631/128/919 2630/127/919
f 2633/113/3 2573/760/3 2631/119/3
f 2634/110/6 2632/116/6 2572/760/6
f 2634/131/921 2635/132/921 2633/130/920 2632/129/920
f 2635/107/3 2573/760/3 2633/113/3
f 2636/104/6 2634/110/6 2572/760/6
f 2636/133/922 2637/134/922 2635/132/921 2634/131/921
f 2637/101/3 2573/760/3 2635/107/3
f 2638/98/6 2636/104/6 2572/760/6
f 2638/135/933 2639/136/933 2637/134/922 2636/133/922
f 2639/95/3 2573/760/3 2637/101/3
f 2640/92/6 2638/98/6 2572/760/6
f 2640/137/924 2641/138/924 2639/136/933 2638/135/933
f 2641/89/3 2573/760/3 2639/95/3
f 2642/86/6 2640/92/6 2572/760/6
f 2642/139/925 2643/140/925 2641/138/924 2640/137/924
f 2643/83/3 2573/760/3 2641/89/3
f 2644/80/6 2642/86/6 2572/760/6
f 2644/141/934 2645/142/934 2643/140/925 2642/139/925
f 2645/77/3 2573/760/3 2643/83/3
f 2574/3/6 2644/80/6 2572/760/6
f 2574/143/21 2575/144/21 2645/142/934 2644/141/934
f 2575/12/3 2573/760/3 2645/77/3
usemtl wheel_2
f 4362/2/1 4359/3/1 4358/760/1
f 4362/5/1816 4363/6/1816 4360/7/3 4359/8/3
f 4363/9/4 4361/760/4 4360/12/4
f 4361/760/4 4431/77/4 4360/12/4
f 4359/143/3 4360/144/3 4431/142/1817 4430/141/1817
f 4364/15/7 4365/16/7 4363/6/1816 4362/5/1816
f 4364/14/1 4362/2/1 4358/760/1
f 4365/17/4 4361/760/4 4363/9/4
f 4366/20/1 4364/14/1 4358/760/1
f 4366/21/9 4367/22/9 4365/16/7 4364/15/7
f 4359/3/1 4430/80/1 4358/760/1
f 4367/23/4 4361/760/4 4365/17/4
f 4368/26/1 4366/20/1 4358/760/1
f 4368/27/11 4369/28/11 4367/22/9 4366/21/9
f 4369/29/4 4361/760/4 4367/23/4
f 4361/760/4 4429/83/4 4431/77/4
f 4430/141/1817 4431/142/1817 4429/140/36 4428/139/36
f 4370/33/13 4371/34/13 4369/28/11 4368/27/11
f 4370/32/1 4368/26/1 4358/760/1
f 4371/35/4 4361/760/4 4369/29/4
f 4372/38/1 4370/32/1 4358/760/1
f 4372/39/15 4373/40/15 4371/34/13 4370/33/13
f 4430/80/1 4428/86/1 4358/760/1
f 4373/41/4 4361/760/4 4371/35/4
f 4374/44/1 4372/38/1 4358/760/1
f 4374/45/17 4375/46/17 4373/40/15 4372/39/15
f 4375/47/4 4361/760/4 4373/41/4
f 4361/760/4 4427/89/4 4429/83/4
f 4428/139/36 4429/140/36 4427/138/34 4426/137/34
f 4376/51/893 4377/52/893 4375/46/17 4374/45/17
f 4376/50/1 4374/44/1 4358/760/1
f 4377/53/4 4361/760/4 4375/47/4
f 4376/50/1 4358/760/1 4378/56/1
f 4378/57/21 4379/58/21 4377/52/893 4376/51/893
f 4428/86/1 4426/92/1 4358/760/1
f 4379/56/4 4361/760/4 4377/53/4
f 4378/56/1 4358/760/1 4380/53/1
f 4380/59/1818 4381/60/1818 4379/58/21 4378/57/21
f 4381/50/4 4361/760/4 4379/56/4
f 4361/760/4 4425/95/4 4427/89/4
f 4426/137/34 4427/138/34 4425/136/32 4424/135/32
f 4382/61/25 4383/62/25 4381/60/1818 4380/59/1818
f 4380/53/1 4358/760/1 4382/47/1
f 4381/50/4 4383/44/4 4361/760/4
f 4382/47/1 4358/760/1 4384/41/1
f 4384/63/27 4385/64/27 4383/62/25 4382/61/25
f 4426/92/1 4424/98/1 4358/760/1
f 4383/44/4 4385/38/4 4361/760/4
f 4384/41/1 4358/760/1 4386/35/1
f 4386/65/29 4387/66/29 4385/64/27 4384/63/27
f 4385/38/4 4387/32/4 4361/760/4
f 4361/760/4 4423/101/4 4425/95/4
f 4424/135/32 4425/136/32 4423/134/30 4422/133/30
f 4388/67/31 4389/68/31 4387/66/29 4386/65/29
f 4386/35/1 4358/760/1 4388/29/1
f 4387/32/4 4389/26/4 4361/760/4
f 4388/29/1 4358/760/1 4390/23/1
f 4390/69/33 4391/70/33 4389/68/31 4388/67/31
f 4424/98/1 4422/104/1 4358/760/1
f 4389/26/4 4391/20/4 4361/760/4
f 4390/23/1 4358/760/1 4392/17/1
f 4392/71/35 4393/72/35 4391/70/33 4390/69/33
f 4391/20/4 4393/14/4 4361/760/4
f 4361/760/4 4421/107/4 4423/101/4
f 4422/133/30 4423/134/30 4421/132/28 4420/131/28
f 4394/73/37 4395/74/37 4393/72/35 4392/71/35
f 4392/17/1 4358/760/1 4394/9/1
f 4393/14/4 4395/2/4 4361/760/4
f 4394/9/1 4358/760/1 4396/12/1
f 4396/75/6 4397/56/6 4395/74/37 4394/73/37
f 4422/104/1 4420/110/1 4358/760/1
f 4395/2/4 4397/3/4 4361/760/4
f 4358/760/1 4398/77/1 4396/12/1
f 4398/78/5 4399/79/5 4397/56/6 4396/75/6
f 4397/3/4 4399/80/4 4361/760/4
f 4361/760/4 4419/113/4 4421/107/4
f 4420/131/28 4421/132/28 4419/130/26 4418/129/26
f 4400/84/8 4401/85/8 4399/79/5 4398/78/5
f 4358/760/1 4400/83/1 4398/77/1
f 4399/80/4 4401/86/4 4361/760/4
f 4358/760/1 4402/89/1 4400/83/1
f 4402/90/10 4403/91/10 4401/85/8 4400/84/8
f 4420/110/1 4418/116/1 4358/760/1
f 4401/86/4 4403/92/4 4361/760/4
f 4358/760/1 4404/95/1 4402/89/1
f 4404/96/12 4405/97/12 4403/91/10 4402/90/10
f 4403/92/4 4405/98/4 4361/760/4
f 4361/760/4 4417/119/4 4419/113/4
f 4418/129/26 4419/130/26 4417/128/894 4416/127/894
f 4406/102/14 4407/103/14 4405/97/12 4404/96/12
f 4358/760/1 4406/101/1 4404/95/1
f 4405/98/4 4407/104/4 4361/760/4
f 4358/760/1 4408/107/1 4406/101/1
f 4408/108/16 4409/109/16 4407/103/14 4406/102/14
f 4418/116/1 4416/122/1 4358/760/1
f 4407/104/4 4409/110/4 4361/760/4
f 4358/760/1 4410/113/1 4408/107/1
f 4410/114/18 4411/115/18 4409/109/16 4408/108/16
f 4409/110/4 4411/116/4 4361/760/4
f 4361/760/4 4415/75/4 4417/119/4
f 4416/127/894 4417/128/894 4415/126/22 4414/125/22
f 4412/120/1819 4413/121/1819 4411/115/18 4410/114/18
f 4358/760/1 4412/119/1 4410/113/1
f 4411/116/4 4413/122/4 4361/760/4
f 4358/760/1 4414/75/1 4412/119/1
f 4414/125/22 4415/126/22 4413/121/1819 4412/120/1819
f 4416/122/1 4414/75/1 4358/760/1
f 4413/122/4 4415/75/4 4361/760/4
f 4436/2/1 4433/3/1 4432/760/1
f 4436/5/2 4437/6/2 4434/7/3 4433/8/3
f 4437/9/4 4435/760/4 4434/12/4
f 4435/760/4 4505/77/4 4434/12/4
f 4433/143/3 4434/144/3 4505/142/38 4504/141/38
f 4438/15/7 4439/16/7 4437/6/2 4436/5/2
f 4438/14/1 4436/2/1 4432/760/1
f 4439/17/4 4435/760/4 4437/9/4
f 4440/20/1 4438/14/1 4432/760/1
f 4440/21/9 4441/22/9 4439/16/7 4438/15/7
f 4433/3/1 4504/80/1 4432/760/1
f 4441/23/4 4435/760/4 4439/17/4
f 4442/26/1 4440/20/1 4432/760/1
f 4442/27/11 4443/28/11 4441/22/9 4440/21/9
f 4443/29/4 4435/760/4 4441/23/4
f 4435/760/4 4503/83/4 4505/77/4
f 4504/141/38 4505/142/38 4503/140/36 4502/139/36
f 4444/33/13 4445/34/13 4443/28/11 4442/27/11
f 4444/32/1 4442/26/1 4432/760/1
f 4445/35/4 4435/760/4 4443/29/4
f 4446/38/1 4444/32/1 4432/760/1
f 4446/39/15 4447/40/15 4445/34/13 4444/33/13
f 4504/80/1 4502/86/1 4432/760/1
f 4447/41/4 4435/760/4 4445/35/4
f 4448/44/1 4446/38/1 4432/760/1
f 4448/45/17 4449/46/17 4447/40/15 4446/39/15
f 4449/47/4 4435/760/4 4447/41/4
f 4435/760/4 4501/89/4 4503/83/4
f 4502/139/36 4503/140/36 4501/138/34 4500/137/34
f 4450/51/19 4451/52/19 4449/46/17 4448/45/17
f 4450/50/1 4448/44/1 4432/760/1
f 4451/53/4 4435/760/4 4449/47/4
f 4450/50/1 4432/760/1 4452/56/1
f 4452/57/21 4453/58/21 4451/52/19 4450/51/19
f 4502/86/1 4500/92/1 4432/760/1
f 4453/56/4 4435/760/4 4451/53/4
f 4452/56/1 4432/760/1 4454/53/1
f 4454/59/23 4455/60/23 4453/58/21 4452/57/21
f 4455/50/4 4435/760/4 4453/56/4
f 4435/760/4 4499/95/4 4501/89/4
f 4500/137/34 4501/138/34 4499/136/32 4498/135/32
f 4456/61/25 4457/62/25 4455/60/23 4454/59/23
f 4454/53/1 4432/760/1 4456/47/1
f 4455/50/4 4457/44/4 4435/760/4
f 4456/47/1 4432/760/1 4458/41/1
f 4458/63/27 4459/64/27 4457/62/25 4456/61/25
f 4500/92/1 4498/98/1 4432/760/1
f 4457/44/4 4459/38/4 4435/760/4
f 4458/41/1 4432/760/1 4460/35/1
f 4460/65/29 4461/66/29 4459/64/27 4458/63/27
f 4459/38/4 4461/32/4 4435/760/4
f 4435/760/4 4497/101/4 4499/95/4
f 4498/135/32 4499/136/32 4497/134/30 4496/133/30
f 4462/67/31 4463/68/31 4461/66/29 4460/65/29
f 4460/35/1 4432/760/1 4462/29/1
f 4461/32/4 4463/26/4 4435/760/4
f 4462/29/1 4432/760/1 4464/23/1
f 4464/69/33 4465/70/33 4463/68/31 4462/67/31
f 4498/98/1 4496/104/1 4432/760/1
f 4463/26/4 4465/20/4 4435/760/4
f 4464/23/1 4432/760/1 4466/17/1
f 4466/71/35 4467/72/35 4465/70/33 4464/69/33
f 4465/20/4 4467/14/4 4435/760/4
f 4435/760/4 4495/107/4 4497/101/4
f 4496/133/30 4497/134/30 4495/132/28 4494/131/28
f 4468/73/37 4469/74/37 4467/72/35 4466/71/35
f 4466/17/1 4432/760/1 4468/9/1
f 4467/14/4 4469/2/4 4435/760/4
f 4468/9/1 4432/760/1 4470/12/1
f 4470/75/6 4471/56/6 4469/74/37 4468/73/37
f 4496/104/1 4494/110/1 4432/760/1
f 4469/2/4 4471/3/4 4435/760/4
f 4432/760/1 4472/77/1 4470/12/1
f 4472/78/5 4473/79/5 4471/56/6 4470/75/6
f 4471/3/4 4473/80/4 4435/760/4
f 4435/760/4 4493/113/4 4495/107/4
f 4494/131/28 4495/132/28 4493/130/26 4492/129/26
f 4474/84/8 4475/85/8 4473/79/5 4472/78/5
f 4432/760/1 4474/83/1 4472/77/1
f 4473/80/4 4475/86/4 4435/760/4
f 4432/760/1 4476/89/1 4474/83/1
f 4476/90/10 4477/91/10 4475/85/8 4474/84/8
f 4494/110/1 4492/116/1 4432/760/1
f 4475/86/4 4477/92/4 4435/760/4
f 4432/760/1 4478/95/1 4476/89/1
f 4478/96/12 4479/97/12 4477/91/10 4476/90/10
f 4477/92/4 4479/98/4 4435/760/4
f 4435/760/4 4491/119/4 4493/113/4
f 4492/129/26 4493/130/26 4491/128/24 4490/127/24
f 4480/102/14 4481/103/14 4479/97/12 4478/96/12
f 4432/760/1 4480/101/1 4478/95/1
f 4479/98/4 4481/104/4 4435/760/4
f 4432/760/1 4482/107/1 4480/101/1
f 4482/108/16 4483/109/16 4481/103/14 4480/102/14
f 4492/116/1 4490/122/1 4432/760/1
f 4481/104/4 4483/110/4 4435/760/4
f 4432/760/1 4484/113/1 4482/107/1
f 4484/114/18 4485/115/18 4483/109/16 4482/108/16
f 4483/110/4 4485/116/4 4435/760/4
f 4435/760/4 4489/75/4 4491/119/4
f 4490/127/24 4491/128/24 4489/126/22 4488/125/22
f 4486/120/20 4487/121/20 4485/115/18 4484/114/18
f 4432/760/1 4486/119/1 4484/113/1
f 4485/116/4 4487/122/4 4435/760/4
f 4432/760/1 4488/75/1 4486/119/1
f 4488/125/22 4489/126/22 4487/121/20 4486/120/20
f 4490/122/1 4488/75/1 4432/760/1
f 4487/122/4 4489/75/4 4435/760/4
f 4510/2/1 4507/3/1 4506/760/1
f 4510/5/2 4511/6/2 4508/7/3 4507/8/3
f 4511/9/4 4509/760/4 4508/12/4
f 4509/760/4 4579/77/4 4508/12/4
f 4507/143/3 4508/144/3 4579/142/38 4578/141/38
f 4512/15/7 4513/16/7 4511/6/2 4510/5/2
f 4512/14/1 4510/2/1 4506/760/1
f 4513/17/4 4509/760/4 4511/9/4
f 4514/20/1 4512/14/1 4506/760/1
f 4514/21/9 4515/22/9 4513/16/7 4512/15/7
f 4507/3/1 4578/80/1 4506/760/1
f 4515/23/4 4509/760/4 4513/17/4
f 4516/26/1 4514/20/1 4506/760/1
f 4516/27/11 4517/28/11 4515/22/9 4514/21/9
f 4517/29/4 4509/760/4 4515/23/4
f 4509/760/4 4577/83/4 4579/77/4
f 4578/141/38 4579/142/38 4577/140/36 4576/139/36
f 4518/33/13 4519/34/13 4517/28/11 4516/27/11
f 4518/32/1 4516/26/1 4506/760/1
f 4519/35/4 4509/760/4 4517/29/4
f 4520/38/1 4518/32/1 4506/760/1
f 4520/39/15 4521/40/15 4519/34/13 4518/33/13
f 4578/80/1 4576/86/1 4506/760/1
f 4521/41/4 4509/760/4 4519/35/4
f 4522/44/1 4520/38/1 4506/760/1
f 4522/45/17 4523/46/17 4521/40/15 4520/39/15
f 4523/47/4 4509/760/4 4521/41/4
f 4509/760/4 4575/89/4 4577/83/4
f 4576/139/36 4577/140/36 4575/138/34 4574/137/34
f 4524/51/19 4525/52/19 4523/46/17 4522/45/17
f 4524/50/1 4522/44/1 4506/760/1
f 4525/53/4 4509/760/4 4523/47/4
f 4524/50/1 4506/760/1 4526/56/1
f 4526/57/21 4527/58/21 4525/52/19 4524/51/19
f 4576/86/1 4574/92/1 4506/760/1
f 4527/56/4 4509/760/4 4525/53/4
f 4526/56/1 4506/760/1 4528/53/1
f 4528/59/23 4529/60/23 4527/58/21 4526/57/21
f 4529/50/4 4509/760/4 4527/56/4
f 4509/760/4 4573/95/4 4575/89/4
f 4574/137/34 4575/138/34 4573/136/32 4572/135/32
f 4530/61/25 4531/62/25 4529/60/23 4528/59/23
f 4528/53/1 4506/760/1 4530/47/1
f 4529/50/4 4531/44/4 4509/760/4
f 4530/47/1 4506/760/1 4532/41/1
f 4532/63/27 4533/64/27 4531/62/25 4530/61/25
f 4574/92/1 4572/98/1 4506/760/1
f 4531/44/4 4533/38/4 4509/760/4
f 4532/41/1 4506/760/1 4534/35/1
f 4534/65/29 4535/66/29 4533/64/27 4532/63/27
f 4533/38/4 4535/32/4 4509/760/4
f 4509/760/4 4571/101/4 4573/95/4
f 4572/135/32 4573/136/32 4571/134/30 4570/133/30
f 4536/67/31 4537/68/31 4535/66/29 4534/65/29
f 4534/35/1 4506/760/1 4536/29/1
f 4535/32/4 4537/26/4 4509/760/4
f 4536/29/1 4506/760/1 4538/23/1
f 4538/69/33 4539/70/33 4537/68/31 4536/67/31
f 4572/98/1 4570/104/1 4506/760/1
f 4537/26/4 4539/20/4 4509/760/4
f 4538/23/1 4506/760/1 4540/17/1
f 4540/71/35 4541/72/35 4539/70/33 4538/69/33
f 4539/20/4 4541/14/4 4509/760/4
f 4509/760/4 4569/107/4 4571/101/4
f 4570/133/30 4571/134/30 4569/132/28 4568/131/28
f 4542/73/37 4543/74/37 4541/72/35 4540/71/35
f 4540/17/1 4506/760/1 4542/9/1
f 4541/14/4 4543/2/4 4509/760/4
f 4542/9/1 4506/760/1 4544/12/1
f 4544/75/6 4545/56/6 4543/74/37 4542/73/37
f 4570/104/1 4568/110/1 4506/760/1
f 4543/2/4 4545/3/4 4509/760/4
f 4506/760/1 4546/77/1 4544/12/1
f 4546/78/5 4547/79/5 4545/56/6 4544/75/6
f 4545/3/4 4547/80/4 4509/760/4
f 4509/760/4 4567/113/4 4569/107/4
f 4568/131/28 4569/132/28 4567/130/26 4566/129/26
f 4548/84/8 4549/85/8 4547/79/5 4546/78/5
f 4506/760/1 4548/83/1 4546/77/1
f 4547/80/4 4549/86/4 4509/760/4
f 4506/760/1 4550/89/1 4548/83/1
f 4550/90/10 4551/91/10 4549/85/8 4548/84/8
f 4568/110/1 4566/116/1 4506/760/1
f 4549/86/4 4551/92/4 4509/760/4
f 4506/760/1 4552/95/1 4550/89/1
f 4552/96/12 4553/97/12 4551/91/10 4550/90/10
f 4551/92/4 4553/98/4 4509/760/4
f 4509/760/4 4565/119/4 4567/113/4
f 4566/129/26 4567/130/26 4565/128/24 4564/127/24
f 4554/102/14 4555/103/14 4553/97/12 4552/96/12
f 4506/760/1 4554/101/1 4552/95/1
f 4553/98/4 4555/104/4 4509/760/4
f 4506/760/1 4556/107/1 4554/101/1
f 4556/108/16 4557/109/16 4555/103/14 4554/102/14
f 4566/116/1 4564/122/1 4506/760/1
f 4555/104/4 4557/110/4 4509/760/4
f 4506/760/1 4558/113/1 4556/107/1
f 4558/114/18 4559/115/18 4557/109/16 4556/108/16
f 4557/110/4 4559/116/4 4509/760/4
f 4509/760/4 4563/75/4 4565/119/4
f 4564/127/24 4565/128/24 4563/126/22 4562/125/22
f 4560/120/20 4561/121/20 4559/115/18 4558/114/18
f 4506/760/1 4560/119/1 4558/113/1
f 4559/116/4 4561/122/4 4509/760/4
f 4506/760/1 4562/75/1 4560/119/1
f 4562/125/22 4563/126/22 4561/121/20 4560/120/20
f 4564/122/1 4562/75/1 4506/760/1
f 4561/122/4 4563/75/4 4509/760/4
f 4584/2/1 4581/3/1 4580/760/1
f 4584/5/1816 4585/6/1816 4582/7/3 4581/8/3
f 4585/9/4 4583/760/4 4582/12/4
f 4583/760/4 4653/77/4 4582/12/4
f 4581/143/3 4582/144/3 4653/142/1817 4652/141/1817
f 4586/15/7 4587/16/7 4585/6/1816 4584/5/1816
f 4586/14/1 4584/2/1 4580/760/1
f 4587/17/4 4583/760/4 4585/9/4
f 4588/20/1 4586/14/1 4580/760/1
f 4588/21/9 4589/22/9 4587/16/7 4586/15/7
f 4581/3/1 4652/80/1 4580/760/1
f 4589/23/4 4583/760/4 4587/17/4
f 4590/26/1 4588/20/1 4580/760/1
f 4590/27/11 4591/28/11 4589/22/9 4588/21/9
f 4591/29/4 4583/760/4 4589/23/4
f 4583/760/4 4651/83/4 4653/77/4
f 4652/141/1817 4653/142/1817 4651/140/36 4650/139/36
f 4592/33/13 4593/34/13 4591/28/11 4590/27/11
f 4592/32/1 4590/26/1 4580/760/1
f 4593/35/4 4583/760/4 4591/29/4
f 4594/38/1 4592/32/1 4580/760/1
f 4594/39/15 4595/40/15 4593/34/13 4592/33/13
f 4652/80/1 4650/86/1 4580/760/1
f 4595/41/4 4583/760/4 4593/35/4
f 4596/44/1 4594/38/1 4580/760/1
f 4596/45/17 4597/46/17 4595/40/15 4594/39/15
f 4597/47/4 4583/760/4 4595/41/4
f 4583/760/4 4649/89/4 4651/83/4
f 4650/139/36 4651/140/36 4649/138/34 4648/137/34
f 4598/51/19 4599/52/19 4597/46/17 4596/45/17
f 4598/50/1 4596/44/1 4580/760/1
f 4599/53/4 4583/760/4 4597/47/4
f 4598/50/1 4580/760/1 4600/56/1
f 4600/57/21 4601/58/21 4599/52/19 4598/51/19
f 4650/86/1 4648/92/1 4580/760/1
f 4601/56/4 4583/760/4 4599/53/4
f 4600/56/1 4580/760/1 4602/53/1
f 4602/59/23 4603/60/23 4601/58/21 4600/57/21
f 4603/50/4 4583/760/4 4601/56/4
f 4583/760/4 4647/95/4 4649/89/4
f 4648/137/34 4649/138/34 4647/136/32 4646/135/32
f 4604/61/25 4605/62/25 4603/60/23 4602/59/23
f 4602/53/1 4580/760/1 4604/47/1
f 4603/50/4 4605/44/4 4583/760/4
f 4604/47/1 4580/760/1 4606/41/1
f 4606/63/27 4607/64/27 4605/62/25 4604/61/25
f 4648/92/1 4646/98/1 4580/760/1
f 4605/44/4 4607/38/4 4583/760/4
f 4606/41/1 4580/760/1 4608/35/1
f 4608/65/29 4609/66/29 4607/64/27 4606/63/27
f 4607/38/4 4609/32/4 4583/760/4
f 4583/760/4 4645/101/4 4647/95/4
f 4646/135/32 4647/136/32 4645/134/30 4644/133/30
f 4610/67/31 4611/68/31 4609/66/29 4608/65/29
f 4608/35/1 4580/760/1 4610/29/1
f 4609/32/4 4611/26/4 4583/760/4
f 4610/29/1 4580/760/1 4612/23/1
f 4612/69/33 4613/70/33 4611/68/31 4610/67/31
f 4646/98/1 4644/104/1 4580/760/1
f 4611/26/4 4613/20/4 4583/760/4
f 4612/23/1 4580/760/1 4614/17/1
f 4614/71/35 4615/72/35 4613/70/33 4612/69/33
f 4613/20/4 4615/14/4 4583/760/4
f 4583/760/4 4643/107/4 4645/101/4
f 4644/133/30 4645/134/30 4643/132/28 4642/131/28
f 4616/73/37 4617/74/37 4615/72/35 4614/71/35
f 4614/17/1 4580/760/1 4616/9/1
f 4615/14/4 4617/2/4 4583/760/4
f 4616/9/1 4580/760/1 4618/12/1
f 4618/75/6 4619/56/6 4617/74/37 4616/73/37
f 4644/104/1 4642/110/1 4580/760/1
f 4617/2/4 4619/3/4 4583/760/4
f 4580/760/1 4620/77/1 4618/12/1
f 4620/78/5 4621/79/5 4619/56/6 4618/75/6
f 4619/3/4 4621/80/4 4583/760/4
f 4583/760/4 4641/113/4 4643/107/4
f 4642/131/28 4643/132/28 4641/130/26 4640/129/26
f 4622/84/8 4623/85/8 4621/79/5 4620/78/5
f 4580/760/1 4622/83/1 4620/77/1
f 4621/80/4 4623/86/4 4583/760/4
f 4580/760/1 4624/89/1 4622/83/1
f 4624/90/10 4625/91/10 4623/85/8 4622/84/8
f 4642/110/1 4640/116/1 4580/760/1
f 4623/86/4 4625/92/4 4583/760/4
f 4580/760/1 4626/95/1 4624/89/1
f 4626/96/12 4627/97/12 4625/91/10 4624/90/10
f 4625/92/4 4627/98/4 4583/760/4
f 4583/760/4 4639/119/4 4641/113/4
f 4640/129/26 4641/130/26 4639/128/894 4638/127/894
f 4628/102/14 4629/103/14 4627/97/12 4626/96/12
f 4580/760/1 4628/101/1 4626/95/1
f 4627/98/4 4629/104/4 4583/760/4
f 4580/760/1 4630/107/1 4628/101/1
f 4630/108/16 4631/109/16 4629/103/14 4628/102/14
f 4640/116/1 4638/122/1 4580/760/1
f 4629/104/4 4631/110/4 4583/760/4
f 4580/760/1 4632/113/1 4630/107/1
f 4632/114/18 4633/115/18 4631/109/16 4630/108/16
f 4631/110/4 4633/116/4 4583/760/4
f 4583/760/4 4637/75/4 4639/119/4
f 4638/127/894 4639/128/894 4637/126/22 4636/125/22
f 4634/120/1819 4635/121/1819 4633/115/18 4632/114/18
f 4580/760/1 4634/119/1 4632/113/1
f 4633/116/4 4635/122/4 4583/760/4
f 4580/760/1 4636/75/1 4634/119/1
f 4636/125/22 4637/126/22 4635/121/1819 4634/120/1819
f 4638/122/1 4636/75/1 4580/760/1
f 4635/122/4 4637/75/4 4583/760/4
